job,sheet,row,col,reference,reproduced,abs_diff,stat,conclusion_flip
figure1_2024,figure1,1,1,0.9688,0.968759546629641,4.045337035896157e-05,tu,False
figure1_2024,figure1,1,2,0.0478,0.0478320017819529,3.200178195289505e-05,pval,False
figure1_2024,figure1,1,3,0.0612,0.0609757355843928,0.0002242644156071963,pval,False
figure1_2024,figure1,2,1,0.965,0.965031552725194,3.1552725194061715e-05,tu,False
figure1_2024,figure1,2,2,0.0397,0.0396788423699486,2.1157630051400755e-05,pval,False
figure1_2024,figure1,2,3,0.0494,0.0491712947407356,0.00022870525926439733,pval,False
figure1_2024,figure1,3,1,0.9712,0.971293443689564,9.344368956409888e-05,tu,False
figure1_2024,figure1,3,2,0.0615,0.0620998937194924,0.0005998937194924003,pval,False
figure1_2024,figure1,3,3,0.0799,0.0804686903675933,0.0005686903675932997,pval,False
figure1_2024,figure1,4,1,0.9686,0.968562895818335,3.710418166502638e-05,tu,False
figure1_2024,figure1,4,2,0.0498,0.0498209804444155,2.098044441550123e-05,pval,False
figure1_2024,figure1,4,3,0.0651,0.0648508669046347,0.0002491330953653115,pval,False
figure1_2024,figure1,5,1,0.9648,0.964786099525584,1.3900474415962094e-05,tu,False
figure1_2024,figure1,5,2,0.0475,0.0474827117357963,1.7288264203697834e-05,pval,False
figure1_2024,figure1,5,3,0.0572,0.0569536023922945,0.0002463976077054994,pval,False
figure1_2024,figure1,6,1,0.9671,0.967059061809711,4.0938190288941634e-05,tu,False
figure1_2024,figure1,6,2,0.0547,0.0546828233599603,1.7176640039695545e-05,pval,False
figure1_2024,figure1,6,3,0.0675,0.0672192334099316,0.00028076659006839866,pval,False
figure1_2024,figure1,7,1,0.9665,0.966470116845657,2.988315434304667e-05,tu,False
figure1_2024,figure1,7,2,0.0334,0.0334063597430259,6.359743025902143e-06,pval,False
figure1_2024,figure1,7,3,0.0474,0.0472233714698822,0.000176628530117795,pval,False
figure1_2024,figure1,8,1,0.9591,0.959107928190327,7.9281903270223e-06,tu,False
figure1_2024,figure1,8,2,0.0221,0.0221156179060381,1.5617906038097734e-05,pval,False
figure1_2024,figure1,8,3,0.0293,0.0291297941379899,0.00017020586201009838,pval,False
figure1_2024,figure1,9,1,0.9703,0.970256776905155,4.3223094845057375e-05,tu,False
figure1_2024,figure1,9,2,0.0475,0.0474690912733531,3.090872664689853e-05,pval,False
figure1_2024,figure1,9,3,0.0643,0.0640639310934519,0.00023606890654809254,pval,False
figure1_2024,figure1,10,1,0.9785,0.978515868616162,1.586861616198476e-05,tu,False
figure1_2024,figure1,10,2,0.0805,0.0805350813210202,3.508132102020278e-05,pval,False
figure1_2024,figure1,10,3,0.1052,0.104925713249864,0.00027428675013600745,pval,False
figure1_2024,figure1,11,1,0.9878,0.987798510620079,1.489379921060241e-06,tu,False
figure1_2024,figure1,11,2,0.111,0.111016702409494,1.670240949400159e-05,pval,False
figure1_2024,figure1,11,3,0.2001,0.19983424641629,0.00026575358371000446,pval,False
figure1_2024,figure1,12,1,0.979,0.978941648743918,5.835125608200098e-05,tu,False
figure1_2024,figure1,12,2,0.065,0.0648679323286564,0.0001320676713436053,pval,False
figure1_2024,figure1,12,3,0.0857,0.0852088085841816,0.0004911914158183955,pval,False
figure1_2024,figure1,13,1,0.9836,0.983593502700296,6.497299704033566e-06,tu,False
figure1_2024,figure1,13,2,0.0822,0.0818503334716886,0.0003496665283113931,pval,False
figure1_2024,figure1,13,3,0.1213,0.120426150080142,0.0008738499198580052,pval,False
figure1_2024,figure1,14,1,0.9799,0.979864159715576,3.584028442393805e-05,tu,False
figure1_2024,figure1,14,2,0.0945,0.0945459026185098,4.5902618509799376e-05,pval,False
figure1_2024,figure1,14,3,0.1266,0.126285341026594,0.00031465897340599014,pval,False
figure1_2024,figure1,15,1,0.9742,0.974160063324975,3.9936675024998536e-05,tu,False
figure1_2024,figure1,15,2,0.0412,0.0411598417266171,4.0158273382898124e-05,pval,False
figure1_2024,figure1,15,3,0.0507,0.0504609558221989,0.000239044177801101,pval,False
figure1_2024,figure1,16,1,0.9777,0.97769049338418,9.506615819998565e-06,tu,False
figure1_2024,figure1,16,2,0.0603,0.0603178786643657,1.7878664365700292e-05,pval,False
figure1_2024,figure1,16,3,0.0802,0.080055328008257,0.00014467199174299228,pval,False
figure1_2024,figure1,17,1,0.9768,0.976837779019885,3.77790198849981e-05,tu,False
figure1_2024,figure1,17,2,0.0557,0.0556851111664403,1.4888833559698056e-05,pval,False
figure1_2024,figure1,17,3,0.0705,0.070240698989844,0.0002593010101559906,pval,False
figure1_2024,figure1,18,1,0.9867,0.986745114748773,4.511474877300081e-05,tu,False
figure1_2024,figure1,18,2,0.0804,0.0804430256111083,4.302561110830494e-05,pval,False
figure1_2024,figure1,18,3,0.1235,0.123171757152674,0.0003282428473259935,pval,False
figure1_2019,figure1,1,4,0.9638,0.963839874994636,3.987499463597999e-05,tu,False
figure1_2019,figure1,1,5,0.0703,0.0703266890678405,2.668906784049352e-05,pval,False
figure1_2019,figure1,1,6,0.0848,0.0844757060165994,0.00032429398340060034,pval,False
figure1_2019,figure1,2,4,0.9613,0.961262703769392,3.729623060799714e-05,tu,False
figure1_2019,figure1,2,5,0.0641,0.0640982768309171,1.7231690829094815e-06,pval,False
figure1_2019,figure1,2,6,0.0778,0.0775075572972235,0.00029244270277649365,pval,False
figure1_2019,figure1,3,4,0.9708,0.970893872397066,9.387239706604156e-05,tu,False
figure1_2019,figure1,3,5,0.1032,0.104066428445742,0.0008664284457420013,pval,False
figure1_2019,figure1,3,6,0.1291,0.130007084342861,0.0009070843428610198,pval,False
figure1_2019,figure1,4,4,0.973,0.972975300463743,2.4699536256944654e-05,tu,False
figure1_2019,figure1,4,5,0.0829,0.0828767645270796,2.3235472920407618e-05,pval,False
figure1_2019,figure1,4,6,0.1063,0.105992751766545,0.0003072482334550014,pval,False
figure1_2019,figure1,5,4,0.9716,0.971599064713655,9.352863450384774e-07,tu,False
figure1_2019,figure1,5,5,0.0693,0.0693046912049972,4.691204997200882e-06,pval,False
figure1_2019,figure1,5,6,0.089,0.0887216521380767,0.00027834786192329486,pval,False
figure1_2019,figure1,6,4,0.9732,0.973169625763404,3.037423659590921e-05,tu,False
figure1_2019,figure1,6,5,0.0749,0.0749172748147875,1.7274814787499038e-05,pval,False
figure1_2019,figure1,6,6,0.0962,0.0958629076121231,0.00033709238787689444,pval,False
figure1_2019,figure1,7,4,0.9574,0.95735040434458,4.9595655420064944e-05,tu,False
figure1_2019,figure1,7,5,0.0423,0.0423049540285811,4.9540285811042195e-06,pval,False
figure1_2019,figure1,7,6,0.0538,0.0535619228256464,0.00023807717435359727,pval,False
figure1_2019,figure1,8,4,0.9548,0.954779943024442,2.0056975557958268e-05,tu,False
figure1_2019,figure1,8,5,0.0402,0.0402259369644865,2.593696448650179e-05,pval,False
figure1_2019,figure1,8,6,0.0514,0.0511155801296608,0.0002844198703392045,pval,False
figure1_2019,figure1,9,4,0.9688,0.968752208495375,4.779150462497217e-05,tu,False
figure1_2019,figure1,9,5,0.0787,0.0787173049124477,1.7304912447696497e-05,pval,False
figure1_2019,figure1,9,6,0.1037,0.10336310919666,0.0003368908033399981,pval,False
figure1_2019,figure1,10,4,0.987,0.987011305183925,1.1305183925003348e-05,tu,False
figure1_2019,figure1,10,5,0.0816,0.0815617363105048,3.826368949520764e-05,pval,False
figure1_2019,figure1,10,6,0.1206,0.120318810443599,0.00028118955640099585,pval,False
figure1_2019,figure1,11,4,0.9949,0.994927444032771,2.744403277099572e-05,tu,False
figure1_2019,figure1,11,5,0.1897,0.189722418022144,2.2418022144005123e-05,pval,False
figure1_2019,figure1,11,6,0.3467,0.346487467503803,0.00021253249619701542,pval,False
figure1_2019,figure1,12,4,0.9823,0.982336430095557,3.643009555709398e-05,tu,False
figure1_2019,figure1,12,5,0.1011,0.101115473079707,1.5473079707006843e-05,pval,False
figure1_2019,figure1,12,6,0.1262,0.125903399227092,0.0002966007729079956,pval,False
figure1_2019,figure1,13,4,0.9843,0.984339933197617,3.993319761708136e-05,tu,False
figure1_2019,figure1,13,5,0.0892,0.0892084401081495,8.44010814950169e-06,pval,False
figure1_2019,figure1,13,6,0.1058,0.105439542331575,0.0003604576684250044,pval,False
figure1_2019,figure1,14,4,0.9872,0.987228491754024,2.849175402408477e-05,tu,False
figure1_2019,figure1,14,5,0.1478,0.147771876628823,2.8123371176996814e-05,pval,False
figure1_2019,figure1,14,6,0.1903,0.18997515037976,0.0003248496202399864,pval,False
figure1_2019,figure1,15,4,0.9778,0.977765375094475,3.462490552497144e-05,tu,False
figure1_2019,figure1,15,5,0.0705,0.07045892478145,4.107521854999907e-05,pval,False
figure1_2019,figure1,15,6,0.0809,0.0806151335718523,0.00028486642814770646,pval,False
figure1_2019,figure1,16,4,0.9833,0.983294938277604,5.061722396004775e-06,tu,False
figure1_2019,figure1,16,5,0.1045,0.104468668404571,3.133159542899333e-05,pval,False
figure1_2019,figure1,16,6,0.1313,0.130959838378438,0.0003401616215620018,pval,False
figure1_2019,figure1,17,4,0.9815,0.981540945367066,4.094536706600316e-05,tu,False
figure1_2019,figure1,17,5,0.0853,0.085333284952628,3.32849526279988e-05,pval,False
figure1_2019,figure1,17,6,0.1014,0.101047998394953,0.0003520016050470032,pval,False
figure1_2019,figure1,18,4,0.9819,0.981927473164923,2.7473164923019766e-05,tu,False
figure1_2019,figure1,18,5,0.0724,0.0724208228456307,2.0822845630694142e-05,pval,False
figure1_2019,figure1,18,6,0.0882,0.0878685431255087,0.00033145687449130656,pval,False
figure4_ir0,figure4,1,1,0.9929,0.992896613112172,3.3868878279719183e-06,tu,False
figure4_ir0,figure4,1,2,0.2181,0.217823752636986,0.0002762473630139872,pval,False
figure4_ir0,figure4,1,3,0.1675,0.167462276731849,3.7723268151018674e-05,pval,False
figure4_ir0,figure4,2,1,0.9894,0.98938884859837,1.1151401629994062e-05,tu,False
figure4_ir0,figure4,2,2,0.1536,0.153322221234182,0.00027777876581799865,pval,False
figure4_ir0,figure4,2,3,0.1234,0.123449403487751,4.940348775100967e-05,pval,False
figure4_ir0,figure4,3,1,0.9878,0.987763031301341,3.696869865899011e-05,tu,False
figure4_ir0,figure4,3,2,0.1436,0.143230228582992,0.0003697714170080024,pval,False
figure4_ir0,figure4,3,3,0.1208,0.120780500101445,1.949989855500045e-05,pval,False
figure4_ir0,figure4,4,1,0.9772,0.977180026772009,1.9973227990965903e-05,tu,False
figure4_ir0,figure4,4,2,0.1406,0.140277618892871,0.0003223811071290106,pval,False
figure4_ir0,figure4,4,3,0.1216,0.121626133946793,2.6133946793002738e-05,pval,False
figure4_ir0,figure4,5,1,0.9707,0.970668054815094,3.1945184906012614e-05,tu,False
figure4_ir0,figure4,5,2,0.1196,0.119288706364446,0.00031129363555400247,pval,False
figure4_ir0,figure4,5,3,0.1101,0.110135657739114,3.565773911400061e-05,pval,False
figure4_ir0,figure4,6,1,0.9738,0.973797832453377,2.1675466229664764e-06,tu,False
figure4_ir0,figure4,6,2,0.1463,0.14590308765026,0.000396912349740014,pval,False
figure4_ir0,figure4,6,3,0.1279,0.127813079513879,8.692048612102266e-05,pval,False
figure4_ir0,figure4,7,1,0.9893,0.989268924227937,3.107577206296064e-05,tu,False
figure4_ir0,figure4,7,2,0.1742,0.173909367154703,0.0002906328452969842,pval,False
figure4_ir0,figure4,7,3,0.1287,0.128744677077237,4.467707723698755e-05,pval,False
figure4_ir0,figure4,8,1,0.9831,0.983133202256208,3.320225620806472e-05,tu,False
figure4_ir0,figure4,8,2,0.1198,0.119446118846257,0.00035388115374300477,pval,False
figure4_ir0,figure4,8,3,0.099,0.0990309268291408,3.092682914079825e-05,pval,False
figure4_ir0,figure4,9,1,0.9881,0.988143303505965,4.330350596504218e-05,tu,False
figure4_ir0,figure4,9,2,0.195,0.194644372453995,0.0003556275460050162,pval,False
figure4_ir0,figure4,9,3,0.1612,0.161227476081394,2.747608139400115e-05,pval,False
figure4_ir0,figure4,10,1,0.9733,0.973349634424808,4.963442480798719e-05,tu,False
figure4_ir0,figure4,10,2,0.1256,0.125297424398331,0.0003025756016689918,pval,False
figure4_ir0,figure4,10,3,0.1155,0.115538091360638,3.8091360637995675e-05,pval,False
figure4_ir0,figure4,11,1,0.9888,0.988823789780535,2.3789780534966276e-05,tu,False
figure4_ir0,figure4,11,2,0.2505,0.250191716390013,0.00030828360998702564,pval,False
figure4_ir0,figure4,11,3,0.1981,0.198135579863083,3.557986308300176e-05,pval,False
figure4_ir0,figure4,12,1,0.9852,0.985199837935921,1.620640789345984e-07,tu,False
figure4_ir0,figure4,12,2,0.1693,0.168565507832076,0.0007344921679240113,pval,False
figure4_ir0,figure4,12,3,0.154,0.153617077579147,0.0003829224208529991,pval,False
figure4_ir0,figure4,13,1,0.9894,0.989383302873185,1.6697126814957386e-05,tu,False
figure4_ir0,figure4,13,2,0.2555,0.253950703519023,0.0015492964809770138,pval,False
figure4_ir0,figure4,13,3,0.1991,0.198165413462628,0.0009345865373719953,pval,False
figure4_ir0,figure4,14,1,0.9855,0.98546363574242,3.636425758002382e-05,tu,False
figure4_ir0,figure4,14,2,0.2393,0.239062209549631,0.0002377904503690076,pval,False
figure4_ir0,figure4,14,3,0.2015,0.201483049979193,1.695002080701058e-05,pval,False
figure4_ir0,figure4,15,1,0.9821,0.982106023615959,6.023615959027673e-06,tu,False
figure4_ir0,figure4,15,2,0.1391,0.138827146449558,0.00027285355044201487,pval,False
figure4_ir0,figure4,15,3,0.1205,0.120498528349125,1.471650874995678e-06,pval,False
figure4_ir0,figure4,16,1,0.9853,0.98533322525573,3.322525573001833e-05,tu,False
figure4_ir0,figure4,16,2,0.1983,0.198209485801027,9.051419897299073e-05,pval,False
figure4_ir0,figure4,16,3,0.165,0.165148444865486,0.000148444865485986,pval,False
figure4_ir0,figure4,17,1,0.9839,0.983850962165674,4.90378343259712e-05,tu,False
figure4_ir0,figure4,17,2,0.1759,0.175591606818424,0.0003083931815759944,pval,False
figure4_ir0,figure4,17,3,0.1525,0.152532969122907,3.2969122907011705e-05,pval,False
figure4_ir0,figure4,18,1,0.9965,0.996496728562145,3.2714378550569023e-06,tu,False
figure4_ir0,figure4,18,2,0.3616,0.361428344523594,0.00017165547640596301,pval,False
figure4_ir0,figure4,18,3,0.2633,0.263286600828618,1.3399171381989206e-05,pval,False
figure4_ir1,figure4,1,4,0.9153,0.915296081468779,3.918531220947763e-06,tu,False
figure4_ir1,figure4,1,5,0.0776,0.074761876145964,0.0028381238540360065,pval,False
figure4_ir1,figure4,1,6,0.0638,0.0637577932715236,4.2206728476393285e-05,pval,False
figure4_ir1,figure4,2,4,0.9111,0.911080280714953,1.9719285047070656e-05,tu,False
figure4_ir1,figure4,2,5,0.0751,0.0722056652515078,0.002894334748492197,pval,False
figure4_ir1,figure4,2,6,0.0621,0.062125345943489,2.5345943488998268e-05,pval,False
figure4_ir1,figure4,3,4,0.9345,0.934813400676329,0.00031340067632901203,tu,False
figure4_ir1,figure4,3,5,0.1368,0.13478072343768,0.0020192765623200104,pval,False
figure4_ir1,figure4,3,6,0.1101,0.111124713453818,0.0010247134538179936,pval,False
figure4_ir1,figure4,4,4,0.9495,0.949475999701037,2.4000298962989497e-05,tu,False
figure4_ir1,figure4,4,5,0.141,0.137658954364307,0.003341045635692985,pval,False
figure4_ir1,figure4,4,6,0.1156,0.115592471121838,7.5288781619942124e-06,pval,False
figure4_ir1,figure4,5,4,0.9518,0.951757601968681,4.2398031319001994e-05,tu,False
figure4_ir1,figure4,5,5,0.1436,0.140159259698624,0.003440740301376005,pval,False
figure4_ir1,figure4,5,6,0.1177,0.117666273581648,3.372641835200363e-05,pval,False
figure4_ir1,figure4,6,4,0.9521,0.952132723110044,3.2723110044097226e-05,tu,False
figure4_ir1,figure4,6,5,0.138,0.134672394375445,0.0033276056245550023,pval,False
figure4_ir1,figure4,6,6,0.1147,0.114658571470825,4.1428529174991624e-05,pval,False
figure4_ir1,figure4,7,4,0.916,0.915970887990573,2.911200942701253e-05,tu,False
figure4_ir1,figure4,7,5,0.0706,0.0677956998662581,0.002804300133741902,pval,False
figure4_ir1,figure4,7,6,0.0547,0.0547043279835789,4.3279835789042376e-06,pval,False
figure4_ir1,figure4,8,4,0.9059,0.905892082597366,7.917402634061155e-06,tu,False
figure4_ir1,figure4,8,5,0.0556,0.0530745392337274,0.002525460766272594,pval,False
figure4_ir1,figure4,8,6,0.044,0.0439821838471159,1.7816152884098102e-05,pval,False
figure4_ir1,figure4,9,4,0.9306,0.930638222079394,3.8222079393968045e-05,tu,False
figure4_ir1,figure4,9,5,0.0977,0.0945551841895014,0.003144815810498594,pval,False
figure4_ir1,figure4,9,6,0.0768,0.0768115952978561,1.1595297856104025e-05,pval,False
figure4_ir1,figure4,10,4,0.99,0.989959048005927,4.095199407294636e-05,tu,False
figure4_ir1,figure4,10,5,0.3088,0.306281233308148,0.0025187666918520257,pval,False
figure4_ir1,figure4,10,6,0.213,0.212993749927253,6.2500727469883e-06,pval,False
figure4_ir1,figure4,11,4,0.9855,0.985527523103229,2.7523103228954682e-05,tu,False
figure4_ir1,figure4,11,5,0.3083,0.305799203583291,0.002500796416709028,pval,False
figure4_ir1,figure4,11,6,0.1813,0.181283657761737,1.634223826299519e-05,pval,False
figure4_ir1,figure4,12,4,0.9651,0.965079795229993,2.020477000697074e-05,tu,False
figure4_ir1,figure4,12,5,0.1621,0.158718410745854,0.003381589254146,pval,False
figure4_ir1,figure4,12,6,0.1247,0.124683828336728,1.6171663272002146e-05,pval,False
figure4_ir1,figure4,13,4,0.9708,0.970769128203271,3.0871796729003975e-05,tu,False
figure4_ir1,figure4,13,5,0.1416,0.138227436284084,0.003372563715916016,pval,False
figure4_ir1,figure4,13,6,0.1169,0.116892973093405,7.026906595000715e-06,pval,False
figure4_ir1,figure4,14,4,0.9675,0.967461352121002,3.864787899798827e-05,tu,False
figure4_ir1,figure4,14,5,0.1662,0.162815512805746,0.0033844871942539934,pval,False
figure4_ir1,figure4,14,6,0.1347,0.134666031431356,3.396856864398834e-05,pval,False
figure4_ir1,figure4,15,4,0.9566,0.956559806413305,4.019358669504758e-05,tu,False
figure4_ir1,figure4,15,5,0.1033,0.100091234992909,0.0032087650070909968,pval,False
figure4_ir1,figure4,15,6,0.0916,0.0915555636733234,4.443632667659736e-05,pval,False
figure4_ir1,figure4,16,4,0.9608,0.960761885699228,3.811430077194089e-05,tu,False
figure4_ir1,figure4,16,5,0.1185,0.115202486027471,0.00329751397252899,pval,False
figure4_ir1,figure4,16,6,0.1015,0.101528732340879,2.8732340878995233e-05,pval,False
figure4_ir1,figure4,17,4,0.9613,0.961303618186671,3.618186670939494e-06,tu,False
figure4_ir1,figure4,17,5,0.1156,0.112296371077053,0.0033036289229469995,pval,False
figure4_ir1,figure4,17,6,0.1006,0.100636405583767,3.64055837670102e-05,pval,False
figure4_ir1,figure4,18,4,0.9651,0.965145345541083,4.5345541083041674e-05,tu,False
figure4_ir1,figure4,18,5,0.1139,0.110658926576855,0.0032410734231450022,pval,False
figure4_ir1,figure4,18,6,0.0952,0.0952193846842493,1.9384684249293405e-05,pval,False
figure5_ir0,figure5,1,1,0.9792,0.979172846162834,2.7153837166005168e-05,tu,False
figure5_ir0,figure5,1,2,0.2085,0.207860402108363,0.0006395978916369782,pval,False
figure5_ir0,figure5,1,3,0.1914,0.191378160162019,2.1839837980985877e-05,pval,False
figure5_ir0,figure5,2,1,0.9763,0.976341973521851,4.197352185109082e-05,tu,False
figure5_ir0,figure5,2,2,0.1921,0.191440037263937,0.0006599627360630023,pval,False
figure5_ir0,figure5,2,3,0.1742,0.174216546860597,1.654686059701649e-05,pval,False
figure5_ir0,figure5,3,1,0.9844,0.984589069337526,0.0001890693375259378,tu,False
figure5_ir0,figure5,3,2,0.2602,0.262500013473997,0.002300013473996998,pval,False
figure5_ir0,figure5,3,3,0.2353,0.237843886364746,0.0025438863647459786,pval,False
figure5_ir0,figure5,4,1,0.9981,0.998052875066435,4.712493356495706e-05,tu,False
figure5_ir0,figure5,4,2,0.4551,0.45493473071778,0.00016526928221999304,pval,False
figure5_ir0,figure5,4,3,0.4176,0.41757415481808,2.58451819200034e-05,pval,False
figure5_ir0,figure5,5,1,0.996,0.996009850857491,9.850857491056075e-06,tu,False
figure5_ir0,figure5,5,2,0.402,0.401801855700179,0.00019814429982101256,pval,False
figure5_ir0,figure5,5,3,0.3581,0.358133780668216,3.3780668216021326e-05,pval,False
figure5_ir0,figure5,6,1,0.9961,0.996112264652853,1.2264652852977953e-05,tu,False
figure5_ir0,figure5,6,2,0.4004,0.399845975327168,0.0005540246728319986,pval,False
figure5_ir0,figure5,6,3,0.3591,0.358835931655365,0.0002640683446349934,pval,False
figure5_ir0,figure5,7,1,0.9782,0.978189357718799,1.064228120095656e-05,tu,False
figure5_ir0,figure5,7,2,0.1755,0.174829937721055,0.0006700622789449773,pval,False
figure5_ir0,figure5,7,3,0.1632,0.163179348160294,2.065183970600959e-05,pval,False
figure5_ir0,figure5,8,1,0.9688,0.968765504749107,3.449525089294081e-05,tu,False
figure5_ir0,figure5,8,2,0.119,0.118388764044519,0.0006112359554810015,pval,False
figure5_ir0,figure5,8,3,0.1121,0.112117232756477,1.7232756476998068e-05,pval,False
figure5_ir0,figure5,9,1,0.9853,0.98533462196456,3.4621964560055396e-05,tu,False
figure5_ir0,figure5,9,2,0.2518,0.251200889243412,0.0005991107565880283,pval,False
figure5_ir0,figure5,9,3,0.234,0.233981266654313,1.8733345686999803e-05,pval,False
figure5_ir0,figure5,10,1,1.0037,1.00370316049655,3.1604965500253712e-06,tu,False
figure5_ir0,figure5,10,2,0.7755,0.77607871529395,0.0005787152939500384,pval,False
figure5_ir0,figure5,10,3,0.715,0.714976908823283,2.309117671694949e-05,pval,False
figure5_ir0,figure5,11,1,1.0153,1.01528761703317,1.2382966830148945e-05,tu,False
figure5_ir0,figure5,11,2,0.9582,0.958653068025099,0.00045306802509892385,pval,False
figure5_ir0,figure5,11,3,0.9279,0.927900388550926,3.885509261003506e-07,pval,False
figure5_ir0,figure5,12,1,1.0014,1.00138379665451,1.6203345490017895e-05,tu,False
figure5_ir0,figure5,12,2,0.585,0.585208876455025,0.00020887645502498664,pval,False
figure5_ir0,figure5,12,3,0.535,0.534998995809354,1.004190646081149e-06,pval,False
figure5_ir0,figure5,13,1,1.0024,1.00228965505668,0.00011034494331996214,tu,False
figure5_ir0,figure5,13,2,0.7072,0.701032728962143,0.0061672710378570805,pval,False
figure5_ir0,figure5,13,3,0.6618,0.654409190310166,0.007390809689834077,pval,False
figure5_ir0,figure5,14,1,1.0107,1.01065891572822,4.108427177995644e-05,tu,False
figure5_ir0,figure5,14,2,0.9693,0.969609763664242,0.00030976366424195767,pval,False
figure5_ir0,figure5,14,3,0.9454,0.945383978797655,1.6021202345006813e-05,pval,False
figure5_ir0,figure5,15,1,1.003,1.0030250793174,2.507931740014513e-05,tu,False
figure5_ir0,figure5,15,2,0.9041,0.904682929642467,0.0005829296424669783,pval,False
figure5_ir0,figure5,15,3,0.7785,0.778547515336742,4.751533674207664e-05,pval,False
figure5_ir0,figure5,16,1,1.0088,1.00880988919238,9.889192380097e-06,tu,False
figure5_ir0,figure5,16,2,0.965,0.965362607921436,0.00036260792143605336,pval,False
figure5_ir0,figure5,16,3,0.937,0.936980318227263,1.9681772737034642e-05,pval,False
figure5_ir0,figure5,17,1,1.0049,1.00488753336956,1.2466630439966764e-05,tu,False
figure5_ir0,figure5,17,2,0.9494,0.949828696527307,0.00042869652730692653,pval,False
figure5_ir0,figure5,17,3,0.8942,0.894187125597358,1.2874402641971372e-05,pval,False
figure5_ir0,figure5,18,1,1.0079,1.00792359606667,2.3596066669906435e-05,tu,False
figure5_ir0,figure5,18,2,0.9185,0.919049411586163,0.0005494115861630622,pval,False
figure5_ir0,figure5,18,3,0.8624,0.862357727955264,4.2272044736058056e-05,pval,False
figure5_ir1,figure5,1,4,0.9572,0.957223668708012,2.3668708011959083e-05,tu,False
figure5_ir1,figure5,1,5,0.0552,0.0548389798110839,0.0003610201889161016,pval,False
figure5_ir1,figure5,1,6,0.0507,0.0506975520074127,2.447992587299719e-06,pval,False
figure5_ir1,figure5,2,4,0.9525,0.952501841740067,1.8417400670101003e-06,tu,False
figure5_ir1,figure5,2,5,0.0439,0.0435149085728193,0.0003850914271807046,pval,False
figure5_ir1,figure5,2,6,0.043,0.0429812373979773,1.876260202269414e-05,pval,False
figure5_ir1,figure5,3,4,0.9566,0.956564518061557,3.5481938443049366e-05,tu,False
figure5_ir1,figure5,3,5,0.0659,0.0655209164873216,0.000379083512678402,pval,False
figure5_ir1,figure5,3,6,0.0572,0.0572399385337101,3.99385337101002e-05,pval,False
figure5_ir1,figure5,4,4,0.9359,0.935893826861559,6.173138440979109e-06,tu,False
figure5_ir1,figure5,4,5,0.0417,0.0413437129455865,0.0003562870544134983,pval,False
figure5_ir1,figure5,4,6,0.0384,0.0384047579483426,4.75794834259996e-06,pval,False
figure5_ir1,figure5,5,4,0.9302,0.930196353742126,3.6462578740792395e-06,tu,False
figure5_ir1,figure5,5,5,0.0466,0.0461987047036567,0.0004012952963433,pval,False
figure5_ir1,figure5,5,6,0.0457,0.0456559194004459,4.408059955409577e-05,pval,False
figure5_ir1,figure5,6,4,0.9349,0.934873854790316,2.6145209683914317e-05,tu,False
figure5_ir1,figure5,6,5,0.0575,0.0570727062869177,0.00042729371308230374,pval,False
figure5_ir1,figure5,6,6,0.0533,0.0532900672788923,9.93272110769855e-06,pval,False
figure5_ir1,figure5,7,4,0.9535,0.953487514010139,1.2485989861032998e-05,tu,False
figure5_ir1,figure5,7,5,0.0458,0.0454408799654478,0.0003591200345521989,pval,False
figure5_ir1,figure5,7,6,0.0362,0.0361865091126305,1.3490887369502214e-05,pval,False
figure5_ir1,figure5,8,4,0.9484,0.948409241972213,9.241972212969962e-06,tu,False
figure5_ir1,figure5,8,5,0.0438,0.0435026083656563,0.00029739163434369664,pval,False
figure5_ir1,figure5,8,6,0.0355,0.0355304695785744,3.0469578574401912e-05,pval,False
figure5_ir1,figure5,9,4,0.9536,0.953553504385999,4.6495614001051955e-05,tu,False
figure5_ir1,figure5,9,5,0.0578,0.0573839568071475,0.00041604319285249575,pval,False
figure5_ir1,figure5,9,6,0.0461,0.0461397846382265,3.978463822650047e-05,pval,False
figure5_ir1,figure5,10,4,0.9506,0.950613326930659,1.3326930659030012e-05,tu,False
figure5_ir1,figure5,10,5,0.0827,0.082276410147229,0.0004235898527709947,pval,False
figure5_ir1,figure5,10,6,0.0689,0.0689279408695183,2.7940869518294775e-05,pval,False
figure5_ir1,figure5,11,4,0.9573,0.957346013335689,4.601333568898802e-05,tu,False
figure5_ir1,figure5,11,5,0.0658,0.0653680677493014,0.00043193225069859675,pval,False
figure5_ir1,figure5,11,6,0.0564,0.0563860009331972,1.3999066802800053e-05,pval,False
figure5_ir1,figure5,12,4,0.9541,0.95408018405922,1.981594077993254e-05,tu,False
figure5_ir1,figure5,12,5,0.0667,0.0660929265363387,0.0006070734636612896,pval,False
figure5_ir1,figure5,12,6,0.0547,0.0545818464626912,0.00011815353730879746,pval,False
figure5_ir1,figure5,13,4,0.9629,0.962881860775473,1.813922452698069e-05,tu,False
figure5_ir1,figure5,13,5,0.0987,0.098253269758326,0.00044673024167399267,pval,False
figure5_ir1,figure5,13,6,0.071,0.0709954003749114,4.599625088599901e-06,pval,False
figure5_ir1,figure5,14,4,0.9457,0.94574965596431,4.965596431005803e-05,tu,False
figure5_ir1,figure5,14,5,0.0674,0.0669537495466419,0.0004462504533580963,pval,False
figure5_ir1,figure5,14,6,0.0613,0.061333315376592,3.331537659199968e-05,pval,False
figure5_ir1,figure5,15,4,0.9422,0.94218333014515,1.6669854850048793e-05,tu,False
figure5_ir1,figure5,15,5,0.0396,0.0392554668880387,0.0003445331119613024,pval,False
figure5_ir1,figure5,15,6,0.0357,0.0356879918806732,1.2008119326799294e-05,pval,False
figure5_ir1,figure5,16,4,0.9432,0.9432163528974,1.635289739998491e-05,tu,False
figure5_ir1,figure5,16,5,0.0424,0.0421169229194529,0.00028307708054710334,pval,False
figure5_ir1,figure5,16,6,0.0388,0.0388456788899343,4.567888993430025e-05,pval,False
figure5_ir1,figure5,17,4,0.9458,0.945764194621575,3.58053784249579e-05,tu,False
figure5_ir1,figure5,17,5,0.0505,0.0501795824664145,0.00032041753358550557,pval,False
figure5_ir1,figure5,17,6,0.0451,0.0450939572678285,6.042732171501752e-06,pval,False
figure5_ir1,figure5,18,4,0.9633,0.963283542912685,1.645708731501383e-05,tu,False
figure5_ir1,figure5,18,5,0.0561,0.055664736889474,0.0004352631105259963,pval,False
figure5_ir1,figure5,18,6,0.0467,0.0467246383089779,2.463830897789926e-05,pval,False
figure7_2024,figure7,1,1,0.9792,0.979188709462432,1.1290537567987258e-05,loss_ratio,False
figure7_2024,figure7,1,2,0.261,0.26098670836877,1.3291631229983558e-05,sharpe,False
figure7_2024,figure7,2,1,0.9779,0.977920031636937,2.003163693697907e-05,loss_ratio,False
figure7_2024,figure7,2,2,0.3271,0.327055513529561,4.44864704389758e-05,sharpe,False
figure7_2024,figure7,3,1,0.9793,0.979343248865349,4.32488653490104e-05,loss_ratio,False
figure7_2024,figure7,3,2,0.1426,0.142589895229532,1.010477046800573e-05,sharpe,False
figure7_2024,figure7,4,1,0.9788,0.978816153545152,1.615354515194234e-05,loss_ratio,False
figure7_2024,figure7,4,2,0.1067,0.106718680309455,1.8680309454996435e-05,sharpe,False
figure7_2024,figure7,5,1,0.9794,0.979406497224419,6.497224418922087e-06,loss_ratio,False
figure7_2024,figure7,5,2,0.0749,0.0749134619963132,1.3461996313204883e-05,sharpe,False
figure7_2024,figure7,6,1,0.9809,0.98086429892399,3.57010760100307e-05,loss_ratio,False
figure7_2024,figure7,6,2,0.2266,0.226635614075837,3.561407583699272e-05,sharpe,False
figure7_2024,figure7,7,1,0.9767,0.976694416542126,5.5834578740476815e-06,loss_ratio,False
figure7_2024,figure7,7,2,0.1729,0.172934588210351,3.458821035098869e-05,sharpe,False
figure7_2024,figure7,8,1,0.9743,0.974260687499573,3.9312500427102215e-05,loss_ratio,False
figure7_2024,figure7,8,2,0.2209,0.220851617801046,4.838219895400564e-05,sharpe,False
figure7_2024,figure7,9,1,0.976,0.975967772523049,3.22274769509745e-05,loss_ratio,False
figure7_2024,figure7,9,2,0.0929,0.092852829946942,4.717005305800159e-05,sharpe,False
figure7_2024,figure7,10,1,0.9862,0.986243851838087,4.385183808708337e-05,loss_ratio,False
figure7_2024,figure7,10,2,0.1192,0.119216263814906,1.6263814906006258e-05,sharpe,False
figure7_2024,figure7,11,1,0.9912,0.991151303012765,4.8696987234975175e-05,loss_ratio,False
figure7_2024,figure7,11,2,0.0522,0.0522498429167202,4.984291672019414e-05,sharpe,False
figure7_2024,figure7,12,1,0.9845,0.984473351655899,2.6648344101043442e-05,loss_ratio,False
figure7_2024,figure7,12,2,0.2278,0.227819321087483,1.9321087483009647e-05,sharpe,False
figure7_2024,figure7,13,1,0.9993,0.999341267435126,4.126743512600228e-05,loss_ratio,False
figure7_2024,figure7,13,2,0.1647,0.183999653787741,0.019299653787740984,sharpe,False
figure7_2024,figure7,14,1,0.9842,0.984204196318005,4.196318005078581e-06,loss_ratio,False
figure7_2024,figure7,14,2,-0.0332,-0.0331988382838443,1.161716155703707e-06,sharpe,False
figure7_2024,figure7,15,1,0.9801,0.980108500903016,8.500903016073202e-06,loss_ratio,False
figure7_2024,figure7,15,2,0.0075,0.0074618753176777,3.8124682322299847e-05,sharpe,False
figure7_2024,figure7,16,1,0.9827,0.982742747957424,4.2747957423983074e-05,loss_ratio,False
figure7_2024,figure7,16,2,-0.0905,-0.109393681088866,0.018893681088866007,sharpe,False
figure7_2024,figure7,17,1,0.9839,0.983866774139945,3.322586005494177e-05,loss_ratio,False
figure7_2024,figure7,17,2,-0.0756,-0.0756453251798198,4.532517981979678e-05,sharpe,False
figure7_2024,figure7,18,1,0.986,0.986011317557404,1.1317557404022516e-05,loss_ratio,False
figure7_2024,figure7,18,2,-0.1076,-0.107627861149868,2.7861149867997037e-05,sharpe,False
figure7_2019,figure7,1,3,0.9735,0.973467442041819,3.255795818102314e-05,loss_ratio,False
figure7_2019,figure7,1,4,0.1482,0.148239670066244,3.9670066244001934e-05,sharpe,False
figure7_2019,figure7,2,3,0.9725,0.97252693532522,2.6935325220023287e-05,loss_ratio,False
figure7_2019,figure7,2,4,0.2297,0.229682435698999,1.7564301000999594e-05,sharpe,False
figure7_2019,figure7,3,3,0.9744,0.97438638163461,1.3618365390044573e-05,loss_ratio,False
figure7_2019,figure7,3,4,0.0172,0.0171840131169783,1.5986883021699982e-05,sharpe,False
figure7_2019,figure7,4,3,0.9741,0.974123908055233,2.3908055233001768e-05,loss_ratio,False
figure7_2019,figure7,4,4,0.2121,0.212099329405884,6.705941160145557e-07,sharpe,False
figure7_2019,figure7,5,3,0.9759,0.975887225303132,1.2774696868000923e-05,loss_ratio,False
figure7_2019,figure7,5,4,0.177,0.1770051376616,5.137661600013166e-06,sharpe,False
figure7_2019,figure7,6,3,0.9745,0.97447527022046,2.472977954004474e-05,loss_ratio,False
figure7_2019,figure7,6,4,0.1885,0.188472374067396,2.7625932603997372e-05,sharpe,False
figure7_2019,figure7,7,3,0.9694,0.969413649342803,1.3649342803012665e-05,loss_ratio,False
figure7_2019,figure7,7,4,0.0672,0.0672407456139851,4.0745613985107565e-05,sharpe,False
figure7_2019,figure7,8,3,0.9678,0.967757338203256,4.266179674394799e-05,loss_ratio,False
figure7_2019,figure7,8,4,0.1183,0.118279073075704,2.092692429600529e-05,sharpe,False
figure7_2019,figure7,9,3,0.9701,0.970115259620853,1.5259620853025346e-05,loss_ratio,False
figure7_2019,figure7,9,4,-0.056,-0.0560193989358562,1.9398935856201893e-05,sharpe,False
figure7_2019,figure7,10,3,0.9849,0.984854429286586,4.557071341404484e-05,loss_ratio,False
figure7_2019,figure7,10,4,-0.047,-0.0469992087025931,7.912974068977063e-07,sharpe,False
figure7_2019,figure7,11,3,0.9903,0.990303470480912,3.4704809120933433e-06,loss_ratio,False
figure7_2019,figure7,11,4,0.1024,0.102380253560744,1.974643925600761e-05,sharpe,False
figure7_2019,figure7,12,3,0.9811,0.981118179785181,1.8179785181038355e-05,loss_ratio,False
figure7_2019,figure7,12,4,0.1088,0.10876871940341,3.128059658999427e-05,sharpe,False
figure7_2019,figure7,13,3,0.9877,0.987716420581416,1.642058141593239e-05,loss_ratio,False
figure7_2019,figure7,13,4,0.3989,0.398895974937739,4.025062260992751e-06,sharpe,False
figure7_2019,figure7,14,3,0.982,0.981996535822401,3.4641775989996404e-06,loss_ratio,False
figure7_2019,figure7,14,4,0.0484,0.0484350478236561,3.504782365609804e-05,sharpe,False
figure7_2019,figure7,15,3,0.9753,0.975272872447507,2.7127552492900442e-05,loss_ratio,False
figure7_2019,figure7,15,4,0.0525,0.0524681922398275,3.180776017249615e-05,sharpe,False
figure7_2019,figure7,16,3,0.9793,0.979345297352107,4.5297352107009914e-05,loss_ratio,False
figure7_2019,figure7,16,4,-0.1058,-0.105768718320341,3.128167965900375e-05,sharpe,False
figure7_2019,figure7,17,3,0.9803,0.98030741283569,7.412835690057129e-06,loss_ratio,False
figure7_2019,figure7,17,4,-0.0527,-0.0527345982635735,3.45982635735001e-05,sharpe,False
figure7_2019,figure7,18,3,0.9797,0.979665128895139,3.4871104861000646e-05,loss_ratio,False
figure7_2019,figure7,18,4,-0.0604,-0.0604117229467236,1.1722946723601024e-05,sharpe,False
table1_supp_2024,table1_supp,1,1,0.9983,0.998255446601536,4.455339846398676e-05,tu,False
table1_supp_2024,table1_supp,1,2,0.3758,0.375787281962893,1.2718037107006808e-05,pval,False
table1_supp_2024,table1_supp,1,3,0.4238,0.423786350195771,1.3649804229021179e-05,pval,False
table1_supp_2024,table1_supp,2,1,0.9983,0.998273693715259,2.630628474098451e-05,tu,False
table1_supp_2024,table1_supp,2,2,0.2633,0.263346487493855,4.64874938549964e-05,pval,False
table1_supp_2024,table1_supp,2,3,0.2753,0.275291802042264,8.197957735989192e-06,pval,False
table1_supp_2024,table1_supp,3,1,0.9994,0.999435799079009,3.579907900908008e-05,tu,False
table1_supp_2024,table1_supp,3,2,0.4241,0.424087403831657,1.259616834298205e-05,pval,False
table1_supp_2024,table1_supp,3,3,0.4729,0.47294368823114,4.3688231140037725e-05,pval,False
table1_supp_2024,table1_supp,4,1,1.0012,1.00120435442166,4.354421659913399e-06,tu,False
table1_supp_2024,table1_supp,4,2,0.2441,0.244129816387656,2.9816387655978716e-05,pval,False
table1_supp_2024,table1_supp,4,3,0.5142,0.514249012458522,4.901245852195757e-05,pval,False
table1_supp_2024,table1_supp,5,1,1.0193,1.01925390302995,4.60969700502023e-05,tu,False
table1_supp_2024,table1_supp,5,2,0.2616,0.261647064819065,4.706481906502358e-05,pval,False
table1_supp_2024,table1_supp,5,3,0.6976,0.697586515664149,1.3484335851021712e-05,pval,False
table1_supp_2024,table1_supp,6,1,1.0161,1.01611442900435,1.4429004350002828e-05,tu,False
table1_supp_2024,table1_supp,6,2,0.2366,0.236569259679651,3.074032034899865e-05,pval,False
table1_supp_2024,table1_supp,6,3,0.6667,0.666730054796273,3.0054796273049078e-05,pval,False
table1_supp_2024,table1_supp,7,1,1.0392,1.03917816365652,2.183634347985297e-05,tu,False
table1_supp_2024,table1_supp,7,2,0.1987,0.198686793223122,1.3206776877994209e-05,pval,False
table1_supp_2024,table1_supp,7,3,0.7935,0.793508816796261,8.816796260968651e-06,pval,False
table1_supp_2019,table1_supp,1,4,0.9998,0.999774144586469,2.58554135310618e-05,tu,False
table1_supp_2019,table1_supp,1,5,0.2699,0.269939643066176,3.964306617604274e-05,pval,False
table1_supp_2019,table1_supp,1,6,0.4798,0.479840752186046,4.075218604598918e-05,pval,False
table1_supp_2019,table1_supp,2,4,0.9999,0.999871261706155,2.8738293844976504e-05,tu,False
table1_supp_2019,table1_supp,2,5,0.3589,0.358908707439267,8.707439267008343e-06,pval,False
table1_supp_2019,table1_supp,2,6,0.46,0.460041405084309,4.1405084308998585e-05,pval,False
table1_supp_2019,table1_supp,3,4,1.0002,1.00020292981455,2.929814550078902e-06,tu,False
table1_supp_2019,table1_supp,3,5,0.3136,0.313555980670587,4.401932941300313e-05,pval,False
table1_supp_2019,table1_supp,3,6,0.5187,0.518715847212936,1.584721293590441e-05,pval,False
table1_supp_2019,table1_supp,4,4,1.0564,1.05641661043609,1.6610436089914415e-05,tu,False
table1_supp_2019,table1_supp,4,5,0.8773,0.877327874423918,2.7874423918050617e-05,pval,False
table1_supp_2019,table1_supp,4,6,0.9848,0.984796618972708,3.381027292026495e-06,pval,False
table1_supp_2019,table1_supp,5,4,1.0776,1.07759304397166,6.9560283399994205e-06,tu,False
table1_supp_2019,table1_supp,5,5,0.8524,0.852364605983504,3.5394016495993164e-05,pval,False
table1_supp_2019,table1_supp,5,6,0.9955,0.99553719316522,3.719316521999527e-05,pval,False
table1_supp_2019,table1_supp,6,4,1.0991,1.09907432594756,2.567405244002785e-05,tu,False
table1_supp_2019,table1_supp,6,5,0.9119,0.91188202476517,1.7975234830047704e-05,pval,False
table1_supp_2019,table1_supp,6,6,0.9972,0.997180177629064,1.9822370936006806e-05,pval,False
table1_supp_2019,table1_supp,7,4,1.0791,1.07910191271121,1.9127112100836285e-06,tu,False
table1_supp_2019,table1_supp,7,5,0.407,0.407044310367261,4.431036726104676e-05,pval,False
table1_supp_2019,table1_supp,7,6,0.962,0.96198672224191,1.3277758090013414e-05,pval,False
figure1_supp_lam1,figure1_supp,1,1,0.1425,0.142493433101667,6.566898332976967e-06,,False
figure1_supp_lam1,figure1_supp,1,2,0.0,0.0,0.0,,False
figure1_supp_lam1,figure1_supp,1,3,0.6449,0.644912586079167,1.2586079166987396e-05,,False
figure1_supp_lam1,figure1_supp,1,4,0.125,0.124956108707269,4.3891292730996456e-05,,False
figure1_supp_lam1,figure1_supp,1,5,0.0,0.0,0.0,,False
figure1_supp_lam1,figure1_supp,1,6,0.2301,0.230131305213564,3.130521356400906e-05,,False
figure1_supp_lam1,figure1_supp,1,7,0.2181,0.218058850877338,4.114912266198201e-05,,False
figure1_supp_lam1,figure1_supp,2,1,0.0,0.0,0.0,,False
figure1_supp_lam1,figure1_supp,2,2,0.0,0.0,0.0,,False
figure1_supp_lam1,figure1_supp,2,3,0.6524,0.652399254514043,7.454859569655525e-07,,False
figure1_supp_lam1,figure1_supp,2,4,0.1223,0.122316475995582,1.6475995581993752e-05,,False
figure1_supp_lam1,figure1_supp,2,5,0.0,0.0,0.0,,False
figure1_supp_lam1,figure1_supp,2,6,0.2253,0.225284269490375,1.5730509625000444e-05,,False
figure1_supp_lam1,figure1_supp,2,7,0.2014,0.201377594809796,2.2405190203994563e-05,,False
figure1_supp_lam1,figure1_supp,3,1,0.0,0.0,0.0,,False
figure1_supp_lam1,figure1_supp,3,2,0.0,0.0,0.0,,False
figure1_supp_lam1,figure1_supp,3,3,0.6595,0.659493147279062,6.852720937922108e-06,,False
figure1_supp_lam1,figure1_supp,3,4,0.1198,0.119820221383428,2.0221383427998507e-05,,False
figure1_supp_lam1,figure1_supp,3,5,0.0,0.0,0.0,,False
figure1_supp_lam1,figure1_supp,3,6,0.2207,0.22068663133751,1.3368662490020888e-05,,False
figure1_supp_lam1,figure1_supp,3,7,0.2116,0.211584126394565,1.5873605435007265e-05,,False
figure1_supp_lam1,figure1_supp,4,1,0.0,0.0,0.0,,False
figure1_supp_lam1,figure1_supp,4,2,0.0,0.0,0.0,,False
figure1_supp_lam1,figure1_supp,4,3,0.6663,0.666303284333481,3.2843334809573577e-06,,False
figure1_supp_lam1,figure1_supp,4,4,0.1174,0.117423816955759,2.3816955758995673e-05,,False
figure1_supp_lam1,figure1_supp,4,5,0.0,0.0,0.0,,False
figure1_supp_lam1,figure1_supp,4,6,0.2163,0.21627289871076,2.7101289239994664e-05,,False
figure1_supp_lam1,figure1_supp,4,7,0.2097,0.209679202747986,2.0797252014009837e-05,,False
figure1_supp_lam1,figure1_supp,5,1,0.0,0.0,0.0,,False
figure1_supp_lam1,figure1_supp,5,2,0.0,0.0,0.0,,False
figure1_supp_lam1,figure1_supp,5,3,0.6728,0.672846357189688,4.6357189688039924e-05,,False
figure1_supp_lam1,figure1_supp,5,4,0.1151,0.115121389172313,2.1389172313007743e-05,,False
figure1_supp_lam1,figure1_supp,5,5,0.0,0.0,0.0,,False
figure1_supp_lam1,figure1_supp,5,6,0.212,0.212032253638,3.225363799999603e-05,,False
figure1_supp_lam1,figure1_supp,5,7,0.2159,0.215949353863653,4.935386365298444e-05,,False
figure1_supp_lam1,figure1_supp,6,1,0.0,0.0,0.0,,False
figure1_supp_lam1,figure1_supp,6,2,0.0,0.0,0.0,,False
figure1_supp_lam1,figure1_supp,6,3,0.6791,0.679137773397578,3.777339757793374e-05,,False
figure1_supp_lam1,figure1_supp,6,4,0.1129,0.112907516303615,7.516303614993336e-06,,False
figure1_supp_lam1,figure1_supp,6,5,0.0,0.0,0.0,,False
figure1_supp_lam1,figure1_supp,6,6,0.208,0.207954710298807,4.528970119299647e-05,,False
figure1_supp_lam1,figure1_supp,6,7,0.2582,0.258180111259675,1.988874032499144e-05,,False
figure1_supp_lam1,figure1_supp,7,1,0.0,0.0,0.0,,False
figure1_supp_lam1,figure1_supp,7,2,0.0,0.0,0.0,,False
figure1_supp_lam1,figure1_supp,7,3,0.6852,0.685191777673096,8.222326904006039e-06,,False
figure1_supp_lam1,figure1_supp,7,4,0.1108,0.11077718580732,2.2814192679992962e-05,,False
figure1_supp_lam1,figure1_supp,7,5,0.0,0.0,0.0,,False
figure1_supp_lam1,figure1_supp,7,6,0.204,0.204031036519585,3.103651958502596e-05,,False
figure1_supp_lam1,figure1_supp,7,7,0.2609,0.26089181245168,8.187548319993354e-06,,False
figure1_supp_lam1,figure1_supp,8,1,0.0,0.0,0.0,,False
figure1_supp_lam1,figure1_supp,8,2,0.0,0.0,0.0,,False
figure1_supp_lam1,figure1_supp,8,3,0.691,0.691021559568038,2.1559568038065358e-05,,False
figure1_supp_lam1,figure1_supp,8,4,0.1087,0.108725756440518,2.5756440517998858e-05,,False
figure1_supp_lam1,figure1_supp,8,5,0.0,0.0,0.0,,False
figure1_supp_lam1,figure1_supp,8,6,0.2003,0.200252683991444,4.7316008556008704e-05,,False
figure1_supp_lam1,figure1_supp,8,7,0.288,0.288002492295361,2.4922953610340137e-06,,False
figure1_supp_lam1,figure1_supp,9,1,0.0,0.0,0.0,,False
figure1_supp_lam1,figure1_supp,9,2,0.0,0.0,0.0,,False
figure1_supp_lam1,figure1_supp,9,3,0.6966,0.696639349394074,3.9349394074017496e-05,,False
figure1_supp_lam1,figure1_supp,9,4,0.1067,0.106748924505236,4.892450523599767e-05,,False
figure1_supp_lam1,figure1_supp,9,5,0.0,0.0,0.0,,False
figure1_supp_lam1,figure1_supp,9,6,0.1966,0.196611726100691,1.1726100691000774e-05,,False
figure1_supp_lam1,figure1_supp,9,7,0.2883,0.288341720349139,4.172034913901834e-05,,False
figure1_supp_lam1,figure1_supp,10,1,0.086,0.0860151545234846,1.515452348460622e-05,,False
figure1_supp_lam1,figure1_supp,10,2,0.0,0.0,0.0,,False
figure1_supp_lam1,figure1_supp,10,3,0.685,0.685031303264099,3.130326409894746e-05,,False
figure1_supp_lam1,figure1_supp,10,4,0.1219,0.12186789431558,3.2105684419997393e-05,,False
figure1_supp_lam1,figure1_supp,10,5,0.0,0.0,0.0,,False
figure1_supp_lam1,figure1_supp,10,6,0.1931,0.193100802420321,8.024203209944236e-07,,False
figure1_supp_lam1,figure1_supp,10,7,0.2937,0.293737529332445,3.7529332444996566e-05,,False
figure1_supp_lam1,figure1_supp,11,1,0.0,0.0,0.0,,False
figure1_supp_lam1,figure1_supp,11,2,0.0,0.0,0.0,,False
figure1_supp_lam1,figure1_supp,11,3,0.6917,0.691653387776662,4.661222333801618e-05,,False
figure1_supp_lam1,figure1_supp,11,4,0.1192,0.119198305332088,1.694667912000014e-06,,False
figure1_supp_lam1,figure1_supp,11,5,0.0,0.0,0.0,,False
figure1_supp_lam1,figure1_supp,11,6,0.1891,0.189148306891249,4.830689124901699e-05,,False
figure1_supp_lam1,figure1_supp,11,7,0.2514,0.251441903180989,4.190318098901136e-05,,False
figure1_supp_lam1,figure1_supp,12,1,0.0,0.0,0.0,,False
figure1_supp_lam1,figure1_supp,12,2,0.0,0.0,0.0,,False
figure1_supp_lam1,figure1_supp,12,3,0.697,0.696969708677065,3.0291322934972165e-05,,False
figure1_supp_lam1,figure1_supp,12,4,0.1171,0.117143162136708,4.3162136708005394e-05,,False
figure1_supp_lam1,figure1_supp,12,5,0.0,0.0,0.0,,False
figure1_supp_lam1,figure1_supp,12,6,0.1859,0.185887129186228,1.2870813772020151e-05,,False
figure1_supp_lam1,figure1_supp,12,7,0.243,0.243014728949645,1.4728949644993161e-05,,False
figure1_supp_lam1,figure1_supp,13,1,0.0,0.0,0.0,,False
figure1_supp_lam1,figure1_supp,13,2,0.0,0.0,0.0,,False
figure1_supp_lam1,figure1_supp,13,3,0.7021,0.702105815309657,5.815309657042356e-06,,False
figure1_supp_lam1,figure1_supp,13,4,0.1152,0.115157684812357,4.231518764299946e-05,,False
figure1_supp_lam1,figure1_supp,13,5,0.0,0.0,0.0,,False
figure1_supp_lam1,figure1_supp,13,6,0.1827,0.182736499877987,3.649987798701182e-05,,False
figure1_supp_lam1,figure1_supp,13,7,0.2278,0.227775240315749,2.475968425100228e-05,,False
figure1_supp_lam1,figure1_supp,14,1,0.0,0.0,0.0,,False
figure1_supp_lam1,figure1_supp,14,2,0.0,0.0,0.0,,False
figure1_supp_lam1,figure1_supp,14,3,0.7071,0.707070718387829,2.9281612170972693e-05,,False
figure1_supp_lam1,figure1_supp,14,4,0.1132,0.113238390065484,3.8390065484006364e-05,,False
figure1_supp_lam1,figure1_supp,14,5,0.0,0.0,0.0,,False
figure1_supp_lam1,figure1_supp,14,6,0.1797,0.179690891546687,9.108453313005915e-06,,False
figure1_supp_lam1,figure1_supp,14,7,0.2104,0.210360500754278,3.94992457219967e-05,,False
figure1_supp_lam1,figure1_supp,15,1,0.0,0.0,0.0,,False
figure1_supp_lam1,figure1_supp,15,2,0.0,0.0,0.0,,False
figure1_supp_lam1,figure1_supp,15,3,0.7119,0.71187283775852,2.716224148002766e-05,,False
figure1_supp_lam1,figure1_supp,15,4,0.1114,0.11138202301523,1.7976984770004534e-05,,False
figure1_supp_lam1,figure1_supp,15,5,0.0,0.0,0.0,,False
figure1_supp_lam1,figure1_supp,15,6,0.1767,0.17674513922625,4.513922624999056e-05,,False
figure1_supp_lam1,figure1_supp,15,7,0.2061,0.206070659103301,2.934089669900941e-05,,False
figure1_supp_lam1,figure1_supp,16,1,0.0,0.0,0.0,,False
figure1_supp_lam1,figure1_supp,16,2,0.0,0.0,0.0,,False
figure1_supp_lam1,figure1_supp,16,3,0.7165,0.716520050052738,2.0050052737974333e-05,,False
figure1_supp_lam1,figure1_supp,16,4,0.1096,0.109585538773049,1.4461226951006934e-05,,False
figure1_supp_lam1,figure1_supp,16,5,0.0,0.0,0.0,,False
figure1_supp_lam1,figure1_supp,16,6,0.1739,0.173894411174213,5.588825786995155e-06,,False
figure1_supp_lam1,figure1_supp,16,7,0.2159,0.215922185698818,2.21856988179836e-05,,False
figure1_supp_lam1,figure1_supp,17,1,0.0,0.0,0.0,,False
figure1_supp_lam1,figure1_supp,17,2,0.0,0.0,0.0,,False
figure1_supp_lam1,figure1_supp,17,3,0.721,0.721019731797933,1.9731797933020268e-05,,False
figure1_supp_lam1,figure1_supp,17,4,0.1078,0.107846085776651,4.608577665099478e-05,,False
figure1_supp_lam1,figure1_supp,17,5,0.0,0.0,0.0,,False
figure1_supp_lam1,figure1_supp,17,6,0.1711,0.171134182425416,3.4182425416001694e-05,,False
figure1_supp_lam1,figure1_supp,17,7,0.207,0.206984568819724,1.5431180275998768e-05,,False
figure1_supp_lam1,figure1_supp,18,1,0.0,0.0,0.0,,False
figure1_supp_lam1,figure1_supp,18,2,0.0,0.0,0.0,,False
figure1_supp_lam1,figure1_supp,18,3,0.7254,0.72537879848859,2.1201511410051666e-05,,False
figure1_supp_lam1,figure1_supp,18,4,0.1062,0.106160990686391,3.900931360900639e-05,,False
figure1_supp_lam1,figure1_supp,18,5,0.0,0.0,0.0,,False
figure1_supp_lam1,figure1_supp,18,6,0.1685,0.168460210825019,3.97891749810142e-05,,False
figure1_supp_lam1,figure1_supp,18,7,0.2095,0.209524323726873,2.4323726872998996e-05,,False
figure1_supp_lam1,figure1_supp,19,1,0.0,0.0,0.0,,False
figure1_supp_lam1,figure1_supp,19,2,0.0,0.0,0.0,,False
figure1_supp_lam1,figure1_supp,19,3,0.7296,0.729603740050304,3.7400503040130317e-06,,False
figure1_supp_lam1,figure1_supp,19,4,0.1045,0.104527744675831,2.774467583099849e-05,,False
figure1_supp_lam1,figure1_supp,19,5,0.0,0.0,0.0,,False
figure1_supp_lam1,figure1_supp,19,6,0.1659,0.165868515273865,3.1484726134983765e-05,,False
figure1_supp_lam1,figure1_supp,19,7,0.2103,0.210308762223286,8.762223286024051e-06,,False
figure1_supp_lam1,figure1_supp,20,1,0.0,0.0,0.0,,False
figure1_supp_lam1,figure1_supp,20,2,0.0,0.0,0.0,,False
figure1_supp_lam1,figure1_supp,20,3,0.7337,0.733700653079845,6.53079844981086e-07,,False
figure1_supp_lam1,figure1_supp,20,4,0.1029,0.102943990968622,4.399096862199581e-05,,False
figure1_supp_lam1,figure1_supp,20,5,0.0,0.0,0.0,,False
figure1_supp_lam1,figure1_supp,20,6,0.1634,0.163355355951534,4.464404846599157e-05,,False
figure1_supp_lam1,figure1_supp,20,7,0.2074,0.207449442594653,4.944259465300416e-05,,False
figure1_supp_lam1,figure1_supp,21,1,0.0,0.0,0.0,,False
figure1_supp_lam1,figure1_supp,21,2,0.0,0.0,0.0,,False
figure1_supp_lam1,figure1_supp,21,3,0.7377,0.737675270198056,2.472980194401231e-05,,False
figure1_supp_lam1,figure1_supp,21,4,0.1014,0.101407513491478,7.513491477997847e-06,,False
figure1_supp_lam1,figure1_supp,21,5,0.0,0.0,0.0,,False
figure1_supp_lam1,figure1_supp,21,6,0.1609,0.160917216310466,1.7216310466000584e-05,,False
figure1_supp_lam1,figure1_supp,21,7,0.2335,0.233456221736723,4.3778263277005625e-05,,False
figure1_supp_lam1,figure1_supp,22,1,0.0927,0.0926515781770355,4.842182296450892e-05,,False
figure1_supp_lam1,figure1_supp,22,2,0.9454,0.945363373200305,3.662679969507199e-05,,False
figure1_supp_lam1,figure1_supp,22,3,0.7276,0.727630584265727,3.058426572699613e-05,,False
figure1_supp_lam1,figure1_supp,22,4,0.0999,0.0999162265283682,1.6226528368190607e-05,,False
figure1_supp_lam1,figure1_supp,22,5,0.0,0.0,0.0,,False
figure1_supp_lam1,figure1_supp,22,6,0.1725,0.172453189205905,4.681079409499245e-05,,False
figure1_supp_lam1,figure1_supp,22,7,0.3188,0.318805605853622,5.605853622026036e-06,,False
figure1_supp_lam1,figure1_supp,23,1,0.2008,0.200814730750236,1.4730750236002788e-05,,False
figure1_supp_lam1,figure1_supp,23,2,0.0,0.0,0.0,,False
figure1_supp_lam1,figure1_supp,23,3,0.7148,0.714831519424639,3.1519424638970506e-05,,False
figure1_supp_lam1,figure1_supp,23,4,0.1139,0.113928964038116,2.8964038116002788e-05,,False
figure1_supp_lam1,figure1_supp,23,5,0.0,0.0,0.0,,False
figure1_supp_lam1,figure1_supp,23,6,0.1712,0.171239516537245,3.951653724501569e-05,,False
figure1_supp_lam1,figure1_supp,23,7,0.4123,0.412342335145897,4.233514589702114e-05,,False
figure1_supp_lam1,figure1_supp,24,1,0.0,0.0,0.0,,False
figure1_supp_lam1,figure1_supp,24,2,0.0,0.0,0.0,,False
figure1_supp_lam1,figure1_supp,24,3,0.7189,0.718938230042739,3.82300427390625e-05,,False
figure1_supp_lam1,figure1_supp,24,4,0.1123,0.112287286299949,1.2713700051000809e-05,,False
figure1_supp_lam1,figure1_supp,24,5,0.0,0.0,0.0,,False
figure1_supp_lam1,figure1_supp,24,6,0.1688,0.168774483657312,2.55163426879923e-05,,False
figure1_supp_lam1,figure1_supp,24,7,0.398,0.398006768189117,6.768189116990175e-06,,False
figure1_supp_lam1,figure1_supp,25,1,0.0,0.0,0.0,,False
figure1_supp_lam1,figure1_supp,25,2,0.0,0.0,0.0,,False
figure1_supp_lam1,figure1_supp,25,3,0.7229,0.72289684652101,3.1534789899367865e-06,,False
figure1_supp_lam1,figure1_supp,25,4,0.1107,0.110705775225302,5.77522530199881e-06,,False
figure1_supp_lam1,figure1_supp,25,5,0.0,0.0,0.0,,False
figure1_supp_lam1,figure1_supp,25,6,0.1664,0.166397378253688,2.6217463119926343e-06,,False
figure1_supp_lam1,figure1_supp,25,7,0.3932,0.393179591340844,2.0408659155979336e-05,,False
figure1_supp_lam1,figure1_supp,26,1,0.0,0.0,0.0,,False
figure1_supp_lam1,figure1_supp,26,2,0.0,0.0,0.0,,False
figure1_supp_lam1,figure1_supp,26,3,0.7267,0.72674550143044,4.550143044002031e-05,,False
figure1_supp_lam1,figure1_supp,26,4,0.1092,0.109168195013839,3.180498616101035e-05,,False
figure1_supp_lam1,figure1_supp,26,5,0.0,0.0,0.0,,False
figure1_supp_lam1,figure1_supp,26,6,0.1641,0.16408630355572,1.3696444280009157e-05,,False
figure1_supp_lam1,figure1_supp,26,7,0.3939,0.393916127412213,1.612741221301839e-05,,False
figure1_supp_lam1,figure1_supp,27,1,0.0,0.0,0.0,,False
figure1_supp_lam1,figure1_supp,27,2,0.0,0.0,0.0,,False
figure1_supp_lam1,figure1_supp,27,3,0.7305,0.730488713739613,1.12862603870445e-05,,False
figure1_supp_lam1,figure1_supp,27,4,0.1077,0.107672740287622,2.7259712378005507e-05,,False
figure1_supp_lam1,figure1_supp,27,5,0.0,0.0,0.0,,False
figure1_supp_lam1,figure1_supp,27,6,0.1618,0.161838545972765,3.8545972765008374e-05,,False
figure1_supp_lam1,figure1_supp,27,7,0.3894,0.389389309808281,1.0690191719009423e-05,,False
figure1_supp_lam1,figure1_supp,28,1,0.0,0.0,0.0,,False
figure1_supp_lam1,figure1_supp,28,2,0.0,0.0,0.0,,False
figure1_supp_lam1,figure1_supp,28,3,0.7341,0.734130758148536,3.075814853603642e-05,,False
figure1_supp_lam1,figure1_supp,28,4,0.1062,0.106217703256708,1.7703256707995996e-05,,False
figure1_supp_lam1,figure1_supp,28,5,0.0,0.0,0.0,,False
figure1_supp_lam1,figure1_supp,28,6,0.1597,0.159651538594755,4.8461405245003863e-05,,False
figure1_supp_lam1,figure1_supp,28,7,0.3886,0.388553994431182,4.6005568818008324e-05,,False
figure1_supp_lam1,figure1_supp,29,1,0.0,0.0,0.0,,False
figure1_supp_lam1,figure1_supp,29,2,0.0,0.0,0.0,,False
figure1_supp_lam1,figure1_supp,29,3,0.7377,0.737675681373223,2.4318626776986818e-05,,False
figure1_supp_lam1,figure1_supp,29,4,0.1048,0.104801467213286,1.467213285991087e-06,,False
figure1_supp_lam1,figure1_supp,29,5,0.0,0.0,0.0,,False
figure1_supp_lam1,figure1_supp,29,6,0.1575,0.157522851413491,2.285141349100961e-05,,False
figure1_supp_lam1,figure1_supp,29,7,0.4113,0.411290328608541,9.67139145902074e-06,,False
figure1_supp_lam1,figure1_supp,30,1,0.0,0.0,0.0,,False
figure1_supp_lam1,figure1_supp,30,2,0.0,0.0,0.0,,False
figure1_supp_lam1,figure1_supp,30,3,0.7411,0.741127317144628,2.7317144628002943e-05,,False
figure1_supp_lam1,figure1_supp,30,4,0.1034,0.103422500539427,2.2500539426997812e-05,,False
figure1_supp_lam1,figure1_supp,30,5,0.0,0.0,0.0,,False
figure1_supp_lam1,figure1_supp,30,6,0.1555,0.155450182315945,4.981768405498688e-05,,False
figure1_supp_lam1,figure1_supp,30,7,0.4083,0.408331432574946,3.143257494597762e-05,,False
figure1_supp_lam1,figure1_supp,31,1,0.0,0.0,0.0,,False
figure1_supp_lam1,figure1_supp,31,2,0.0,0.0,0.0,,False
figure1_supp_lam1,figure1_supp,31,3,0.7445,0.744489300038854,1.0699961145999026e-05,,False
figure1_supp_lam1,figure1_supp,31,4,0.1021,0.102079351181772,2.0648818227997356e-05,,False
figure1_supp_lam1,figure1_supp,31,5,0.0,0.0,0.0,,False
figure1_supp_lam1,figure1_supp,31,6,0.1534,0.153431348779375,3.1348779374995583e-05,,False
figure1_supp_lam1,figure1_supp,31,7,0.3994,0.399375402469104,2.45975308959534e-05,,False
figure1_supp_lam1,figure1_supp,32,1,0.0,0.0,0.0,,False
figure1_supp_lam1,figure1_supp,32,2,0.0,0.0,0.0,,False
figure1_supp_lam1,figure1_supp,32,3,0.7478,0.747765078243483,3.492175651698126e-05,,False
figure1_supp_lam1,figure1_supp,32,4,0.1008,0.100770641551236,2.9358448764005285e-05,,False
figure1_supp_lam1,figure1_supp,32,5,0.0,0.0,0.0,,False
figure1_supp_lam1,figure1_supp,32,6,0.1515,0.15146428020528,3.571979472000164e-05,,False
figure1_supp_lam1,figure1_supp,32,7,0.4039,0.403855753958551,4.424604144898092e-05,,False
figure1_supp_lam1,figure1_supp,33,1,0.0,0.0,0.0,,False
figure1_supp_lam1,figure1_supp,33,2,0.0,0.0,0.0,,False
figure1_supp_lam1,figure1_supp,33,3,0.751,0.750957925354326,4.20746456739618e-05,,False
figure1_supp_lam1,figure1_supp,33,4,0.0995,0.0994950638100813,4.936189918702816e-06,,False
figure1_supp_lam1,figure1_supp,33,5,0.0,0.0,0.0,,False
figure1_supp_lam1,figure1_supp,33,6,0.1495,0.149547010835593,4.701083559299768e-05,,False
figure1_supp_lam1,figure1_supp,33,7,0.365,0.365043011417218,4.30114172180196e-05,,False
figure1_supp_lam1,figure1_supp,34,1,0.0,0.0,0.0,,False
figure1_supp_lam1,figure1_supp,34,2,0.0,0.0,0.0,,False
figure1_supp_lam1,figure1_supp,34,3,0.7541,0.754070951287397,2.904871260300812e-05,,False
figure1_supp_lam1,figure1_supp,34,4,0.0983,0.0982513755124553,4.862448754469617e-05,,False
figure1_supp_lam1,figure1_supp,34,5,0.0,0.0,0.0,,False
figure1_supp_lam1,figure1_supp,34,6,0.1477,0.147677673200148,2.232679985200714e-05,,False
figure1_supp_lam1,figure1_supp,34,7,0.3801,0.380088960878876,1.1039121123990192e-05,,False
figure1_supp_lam1,figure1_supp,35,1,0.0,0.0,0.0,,False
figure1_supp_lam1,figure1_supp,35,2,0.0,0.0,0.0,,False
figure1_supp_lam1,figure1_supp,35,3,0.7571,0.757107112382614,7.112382613971846e-06,,False
figure1_supp_lam1,figure1_supp,35,4,0.097,0.0970383955678571,3.8395567857091306e-05,,False
figure1_supp_lam1,figure1_supp,35,5,0.0,0.0,0.0,,False
figure1_supp_lam1,figure1_supp,35,6,0.1459,0.145854492049529,4.550795047100764e-05,,False
figure1_supp_lam1,figure1_supp,35,7,0.0532,0.0531585643715334,4.1435628466597596e-05,,False
figure1_supp_lam1,figure1_supp,36,1,0.0,0.0,0.0,,False
figure1_supp_lam1,figure1_supp,36,2,0.0,0.0,0.0,,False
figure1_supp_lam1,figure1_supp,36,3,0.7601,0.760069220768192,3.077923180794251e-05,,False
figure1_supp_lam1,figure1_supp,36,4,0.0959,0.0958550004999564,4.4999500043593765e-05,,False
figure1_supp_lam1,figure1_supp,36,5,0.0,0.0,0.0,,False
figure1_supp_lam1,figure1_supp,36,6,0.1441,0.144075778731852,2.4221268147994746e-05,,False
figure1_supp_lam1,figure1_supp,36,7,0.0616,0.0616360920045167,3.609200451670097e-05,,False
figure1_supp_lam1,figure1_supp,37,1,0.0,0.0,0.0,,False
figure1_supp_lam1,figure1_supp,37,2,0.0,0.0,0.0,,False
figure1_supp_lam1,figure1_supp,37,3,0.763,0.762959953048093,4.004695190695795e-05,,False
figure1_supp_lam1,figure1_supp,37,4,0.0947,0.0947001209758605,1.209758604958644e-07,,False
figure1_supp_lam1,figure1_supp,37,5,0.0,0.0,0.0,,False
figure1_supp_lam1,figure1_supp,37,6,0.1423,0.142339925976046,3.992597604599024e-05,,False
figure1_supp_lam1,figure1_supp,37,7,0.0707,0.0707494602114922,4.9460211492199924e-05,,False
figure1_supp_lam1,figure1_supp,38,1,0.0,0.0,0.0,,False
figure1_supp_lam1,figure1_supp,38,2,0.0,0.0,0.0,,False
figure1_supp_lam1,figure1_supp,38,3,0.7658,0.765781858368949,1.8141631051071805e-05,,False
figure1_supp_lam1,figure1_supp,38,4,0.0936,0.0935727385832908,2.7261416709209452e-05,,False
figure1_supp_lam1,figure1_supp,38,5,0.0,0.0,0.0,,False
figure1_supp_lam1,figure1_supp,38,6,0.1406,0.14064540304776,4.540304775998982e-05,,False
figure1_supp_lam1,figure1_supp,38,7,0.0766,0.0765895068612233,1.0493138776698774e-05,,False
figure1_supp_lam1,figure1_supp,39,1,0.0,0.0,0.0,,False
figure1_supp_lam1,figure1_supp,39,2,0.0,0.0,0.0,,False
figure1_supp_lam1,figure1_supp,39,3,0.7685,0.76853736591755,3.7365917549991856e-05,,False
figure1_supp_lam1,figure1_supp,39,4,0.0925,0.0924718828352521,2.8117164747903933e-05,,False
figure1_supp_lam1,figure1_supp,39,5,0.0,0.0,0.0,,False
figure1_supp_lam1,figure1_supp,39,6,0.139,0.138990751247198,9.248752802004656e-06,,False
figure1_supp_lam1,figure1_supp,39,7,0.0974,0.0974401584109298,4.0158410929802546e-05,,False
figure1_supp_lam1,figure1_supp,40,1,0.0,0.0,0.0,,False
figure1_supp_lam1,figure1_supp,40,2,0.0,0.0,0.0,,False
figure1_supp_lam1,figure1_supp,40,3,0.7712,0.771228791895252,2.8791895251956134e-05,,False
figure1_supp_lam1,figure1_supp,40,4,0.0914,0.0913966283836793,3.37161632069094e-06,,False
figure1_supp_lam1,figure1_supp,40,5,0.0,0.0,0.0,,False
figure1_supp_lam1,figure1_supp,40,6,0.1374,0.137374579721068,2.542027893198684e-05,,False
figure1_supp_lam1,figure1_supp,40,7,0.0889,0.0889379057010875,3.7905701087498356e-05,,False
figure1_supp_lam1,figure1_supp,41,1,0.0,0.0,0.0,,False
figure1_supp_lam1,figure1_supp,41,2,0.0,0.0,0.0,,False
figure1_supp_lam1,figure1_supp,41,3,0.7739,0.773858346011399,4.165398860100922e-05,,False
figure1_supp_lam1,figure1_supp,41,4,0.0903,0.0903460924252463,4.609242524629409e-05,,False
figure1_supp_lam1,figure1_supp,41,5,0.0,0.0,0.0,,False
figure1_supp_lam1,figure1_supp,41,6,0.1358,0.135795561563354,4.438436645992638e-06,,False
figure1_supp_lam1,figure1_supp,41,7,0.0806,0.0806078261978317,7.826197831697912e-06,,False
figure1_supp_lam1,figure1_supp,42,1,0.0,0.0,0.0,,False
figure1_supp_lam1,figure1_supp,42,2,0.0,0.0,0.0,,False
figure1_supp_lam1,figure1_supp,42,3,0.7764,0.776428137533997,2.8137533996996922e-05,,False
figure1_supp_lam1,figure1_supp,42,4,0.0893,0.0893194322840503,1.9432284050296955e-05,,False
figure1_supp_lam1,figure1_supp,42,5,0.0,0.0,0.0,,False
figure1_supp_lam1,figure1_supp,42,6,0.1343,0.134252430181953,4.756981804701632e-05,,False
figure1_supp_lam1,figure1_supp,42,7,0.098,0.0979944982109218,5.501789078210528e-06,,False
figure1_supp_lam1,figure1_supp,43,1,0.0,0.0,0.0,,False
figure1_supp_lam1,figure1_supp,43,2,0.0,0.0,0.0,,False
figure1_supp_lam1,figure1_supp,43,3,0.7789,0.778940180932491,4.0180932490918586e-05,,False
figure1_supp_lam1,figure1_supp,43,4,0.0883,0.0883158431572632,1.5843157263190077e-05,,False
figure1_supp_lam1,figure1_supp,43,5,0.0,0.0,0.0,,False
figure1_supp_lam1,figure1_supp,43,6,0.1327,0.132743975910245,4.3975910244992145e-05,,False
figure1_supp_lam1,figure1_supp,43,7,0.1201,0.120059705792697,4.029420730300437e-05,,False
figure1_supp_lam1,figure1_supp,44,1,0.0,0.0,0.0,,False
figure1_supp_lam1,figure1_supp,44,2,0.0,0.0,0.0,,False
figure1_supp_lam1,figure1_supp,44,3,0.7814,0.781396401144353,3.598855646935739e-06,,False
figure1_supp_lam1,figure1_supp,44,4,0.0873,0.0873345560110714,3.455601107139883e-05,,False
figure1_supp_lam1,figure1_supp,44,5,0.0,0.0,0.0,,False
figure1_supp_lam1,figure1_supp,44,6,0.1313,0.131269042844576,3.095715542400512e-05,,False
figure1_supp_lam1,figure1_supp,44,7,0.1512,0.151234651549984,3.465154998399944e-05,,False
figure1_supp_lam1,figure1_supp,45,1,0.0,0.0,0.0,,False
figure1_supp_lam1,figure1_supp,45,2,0.0,0.0,0.0,,False
figure1_supp_lam1,figure1_supp,45,3,0.7838,0.783798638494414,1.3615055860505265e-06,,False
figure1_supp_lam1,figure1_supp,45,4,0.0864,0.0863748356153453,2.5164384654705052e-05,,False
figure1_supp_lam1,figure1_supp,45,5,0.0,0.0,0.0,,False
figure1_supp_lam1,figure1_supp,45,6,0.1298,0.12982652589024,2.65258902399923e-05,,False
figure1_supp_lam1,figure1_supp,45,7,0.1546,0.154567410946113,3.258905388697775e-05,,False
figure1_supp_lam1,figure1_supp,46,1,0.0848,0.0848139737399643,1.3973739964298626e-05,,False
figure1_supp_lam1,figure1_supp,46,2,0.0372,0.0371572287976324,4.277120236759885e-05,,False
figure1_supp_lam1,figure1_supp,46,3,0.7753,0.775279088075997,2.0911924002997573e-05,,False
figure1_supp_lam1,figure1_supp,46,4,0.0959,0.0959016610021608,1.6610021607993408e-06,,False
figure1_supp_lam1,figure1_supp,46,5,0.0,0.0,0.0,,False
figure1_supp_lam1,figure1_supp,46,6,0.1288,0.128819250921842,1.9250921841990065e-05,,False
figure1_supp_lam1,figure1_supp,46,7,0.408,0.408018872842914,1.8872842914019472e-05,,False
figure1_supp_lam1,figure1_supp,47,1,0.0,0.0,0.0,,False
figure1_supp_lam1,figure1_supp,47,2,0.0,0.0,0.0,,False
figure1_supp_lam1,figure1_supp,47,3,0.7778,0.777802768901275,2.7689012749299025e-06,,False
figure1_supp_lam1,figure1_supp,47,4,0.0948,0.0948121142422308,1.2114242230798489e-05,,False
figure1_supp_lam1,figure1_supp,47,5,0.0,0.0,0.0,,False
figure1_supp_lam1,figure1_supp,47,6,0.1274,0.127385116856494,1.4883143506005947e-05,,False
figure1_supp_lam1,figure1_supp,47,7,0.5465,0.54648057439413,1.9425605869982654e-05,,False
figure1_supp_lam1,figure1_supp,48,1,0.0,0.0,0.0,,False
figure1_supp_lam1,figure1_supp,48,2,0.0,0.0,0.0,,False
figure1_supp_lam1,figure1_supp,48,3,0.7802,0.780166569232113,3.3430767886977186e-05,,False
figure1_supp_lam1,figure1_supp,48,4,0.0938,0.0938034747290156,3.4747290156011967e-06,,False
figure1_supp_lam1,figure1_supp,48,5,0.0,0.0,0.0,,False
figure1_supp_lam1,figure1_supp,48,6,0.126,0.126029956038872,2.9956038871986612e-05,,False
figure1_supp_lam1,figure1_supp,48,7,0.5403,0.540254936073986,4.5063926013999556e-05,,False
figure1_supp_lam1,figure1_supp,49,1,0.095,0.0950040566360461,4.056636046093076e-06,,False
figure1_supp_lam1,figure1_supp,49,2,0.9617,0.961703966913486,3.966913486030954e-06,,False
figure1_supp_lam1,figure1_supp,49,3,0.772,0.771954289555985,4.5710444015023555e-05,,False
figure1_supp_lam1,figure1_supp,49,4,0.0932,0.0932191858696209,1.918586962089408e-05,,False
figure1_supp_lam1,figure1_supp,49,5,0.0,0.0,0.0,,False
figure1_supp_lam1,figure1_supp,49,6,0.1348,0.134826524574394,2.6524574394004574e-05,,False
figure1_supp_lam1,figure1_supp,49,7,0.4602,0.460230961495622,3.0961495621983914e-05,,False
figure1_supp_lam1,figure1_supp,50,1,0.2985,0.298512933573379,1.2933573379003693e-05,,False
figure1_supp_lam1,figure1_supp,50,2,0.0,0.0,0.0,,False
figure1_supp_lam1,figure1_supp,50,3,0.7608,0.760772834583778,2.7165416222052485e-05,,False
figure1_supp_lam1,figure1_supp,50,4,0.104,0.104013679343171,1.3679343171008052e-05,,False
figure1_supp_lam1,figure1_supp,50,5,0.0,0.0,0.0,,False
figure1_supp_lam1,figure1_supp,50,6,0.1352,0.135213486073051,1.3486073051016678e-05,,False
figure1_supp_lam1,figure1_supp,50,7,0.5447,0.544715416032055,1.5416032055015627e-05,,False
figure1_supp_lam1,figure1_supp,51,1,0.0693,0.0692799851185455,2.0014881454505362e-05,,False
figure1_supp_lam1,figure1_supp,51,2,0.7328,0.732770167522065,2.9832477934976787e-05,,False
figure1_supp_lam1,figure1_supp,51,3,0.7529,0.752925445047158,2.5445047157957035e-05,,False
figure1_supp_lam1,figure1_supp,51,4,0.1057,0.105698197441901,1.8025580990066459e-06,,False
figure1_supp_lam1,figure1_supp,51,5,0.0,0.0,0.0,,False
figure1_supp_lam1,figure1_supp,51,6,0.1414,0.141376357510942,2.36424890580067e-05,,False
figure1_supp_lam1,figure1_supp,51,7,0.5066,0.506597627760053,2.3722399470349487e-06,,False
figure1_supp_lam1,figure1_supp,52,1,0.0,0.0,0.0,,False
figure1_supp_lam1,figure1_supp,52,2,0.0,0.0,0.0,,False
figure1_supp_lam1,figure1_supp,52,3,0.7555,0.755452015037549,4.7984962450953184e-05,,False
figure1_supp_lam1,figure1_supp,52,4,0.1047,0.104710200818525,1.0200818524999655e-05,,False
figure1_supp_lam1,figure1_supp,52,5,0.0,0.0,0.0,,False
figure1_supp_lam1,figure1_supp,52,6,0.1398,0.139837784143926,3.778414392599516e-05,,False
figure1_supp_lam1,figure1_supp,52,7,0.4372,0.437246877468263,4.687746826304018e-05,,False
figure1_supp_lam1,figure1_supp,53,1,0.068,0.06804150700796,4.150700795998996e-05,,False
figure1_supp_lam1,figure1_supp,53,2,0.0,0.0,0.0,,False
figure1_supp_lam1,figure1_supp,53,3,0.7479,0.74786071273885,3.928726114998948e-05,,False
figure1_supp_lam1,figure1_supp,53,4,0.1137,0.113714005987365,1.4005987365006689e-05,,False
figure1_supp_lam1,figure1_supp,53,5,0.0,0.0,0.0,,False
figure1_supp_lam1,figure1_supp,53,6,0.1384,0.138425281273785,2.528127378501055e-05,,False
figure1_supp_lam1,figure1_supp,53,7,0.386,0.385971198658332,2.8801341667994418e-05,,False
figure1_supp_lam1,figure1_supp,54,1,0.2288,0.228805347017577,5.347017576984303e-06,,False
figure1_supp_lam1,figure1_supp,54,2,0.898,0.897994990871814,5.0091281860176196e-06,,False
figure1_supp_lam1,figure1_supp,54,3,0.7402,0.740185588655546,1.441134445401282e-05,,False
figure1_supp_lam1,figure1_supp,54,4,0.112,0.11196854669742,3.145330258000345e-05,,False
figure1_supp_lam1,figure1_supp,54,5,0.0,0.0,0.0,,False
figure1_supp_lam1,figure1_supp,54,6,0.1478,0.147845864647034,4.586464703401627e-05,,False
figure1_supp_lam1,figure1_supp,54,7,0.3399,0.33992349904091,2.3499040910035518e-05,,False
figure1_supp_lam1,figure1_supp,55,1,0.3584,0.358363266210099,3.673378990098897e-05,,False
figure1_supp_lam1,figure1_supp,55,2,0.9981,0.99808988587352,1.0114126479998653e-05,,False
figure1_supp_lam1,figure1_supp,55,3,0.7329,0.732857939645742,4.206035425802224e-05,,False
figure1_supp_lam1,figure1_supp,55,4,0.1108,0.110798232761269,1.7672387309930482e-06,,False
figure1_supp_lam1,figure1_supp,55,5,0.0,0.0,0.0,,False
figure1_supp_lam1,figure1_supp,55,6,0.1563,0.15634382759299,4.3827592990014486e-05,,False
figure1_supp_lam1,figure1_supp,55,7,0.3012,0.301178888061077,2.1111938923012996e-05,,False
figure1_supp_lam1,figure1_supp,56,1,0.0,0.0,0.0,,False
figure1_supp_lam1,figure1_supp,56,2,0.0,0.0,0.0,,False
figure1_supp_lam1,figure1_supp,56,3,0.7355,0.735473022809549,2.6977190451082933e-05,,False
figure1_supp_lam1,figure1_supp,56,4,0.1097,0.109690202544739,9.797455261001398e-06,,False
figure1_supp_lam1,figure1_supp,56,5,0.0,0.0,0.0,,False
figure1_supp_lam1,figure1_supp,56,6,0.1548,0.154836774645712,3.6774645712001064e-05,,False
figure1_supp_lam1,figure1_supp,56,7,0.2797,0.279725272121545,2.52721215450169e-05,,False
figure1_supp_lam1,figure1_supp,57,1,0.0,0.0,0.0,,False
figure1_supp_lam1,figure1_supp,57,2,0.0,0.0,0.0,,False
figure1_supp_lam1,figure1_supp,57,3,0.738,0.738041245889068,4.124588906806448e-05,,False
figure1_supp_lam1,figure1_supp,57,4,0.1086,0.108625249121975,2.5249121975004507e-05,,False
figure1_supp_lam1,figure1_supp,57,5,0.0,0.0,0.0,,False
figure1_supp_lam1,figure1_supp,57,6,0.1533,0.153333504988957,3.3504988957017146e-05,,False
figure1_supp_lam1,figure1_supp,57,7,0.2591,0.259064592043373,3.540795662698715e-05,,False
figure1_supp_lam1,figure1_supp,58,1,0.3178,0.317837887358907,3.788735890697392e-05,,False
figure1_supp_lam1,figure1_supp,58,2,0.0,0.0,0.0,,False
figure1_supp_lam1,figure1_supp,58,3,0.7309,0.730944695447827,4.4695447827036716e-05,,False
figure1_supp_lam1,figure1_supp,58,4,0.1172,0.11719616018811,3.8398118900051514e-06,,False
figure1_supp_lam1,figure1_supp,58,5,0.0,0.0,0.0,,False
figure1_supp_lam1,figure1_supp,58,6,0.1519,0.151859144364063,4.085563593700381e-05,,False
figure1_supp_lam1,figure1_supp,58,7,0.2569,0.256910297806927,1.0297806926962139e-05,,False
figure1_supp_lam1,figure1_supp,59,1,0.0,0.0,0.0,,False
figure1_supp_lam1,figure1_supp,59,2,0.0,0.0,0.0,,False
figure1_supp_lam1,figure1_supp,59,3,0.7335,0.733496822862098,3.1771379019884805e-06,,False
figure1_supp_lam1,figure1_supp,59,4,0.1161,0.116061299279977,3.87007200229883e-05,,False
figure1_supp_lam1,figure1_supp,59,5,0.0,0.0,0.0,,False
figure1_supp_lam1,figure1_supp,59,6,0.1504,0.150441877857925,4.1877857925004536e-05,,False
figure1_supp_lam1,figure1_supp,59,7,0.239,0.239036398020444,3.6398020444000645e-05,,False
figure1_supp_lam1,figure1_supp,60,1,0.3246,0.32460164064243,1.6406424300230427e-06,,False
figure1_supp_lam1,figure1_supp,60,2,0.0956,0.0956465381093216,4.653810932159219e-05,,False
figure1_supp_lam1,figure1_supp,60,3,0.7266,0.726591655270439,8.344729561016173e-06,,False
figure1_supp_lam1,figure1_supp,60,4,0.1235,0.123483404039075,1.6595960925000486e-05,,False
figure1_supp_lam1,figure1_supp,60,5,0.0,0.0,0.0,,False
figure1_supp_lam1,figure1_supp,60,6,0.1499,0.149924940690486,2.494069048600278e-05,,False
figure1_supp_lam1,figure1_supp,60,7,0.2236,0.22355429621998,4.5703780020001084e-05,,False
figure1_supp_lam1,figure1_supp,61,1,0.0,0.0,0.0,,False
figure1_supp_lam1,figure1_supp,61,2,0.0,0.0,0.0,,False
figure1_supp_lam1,figure1_supp,61,3,0.7291,0.729149646853715,4.964685371500188e-05,,False
figure1_supp_lam1,figure1_supp,61,4,0.1223,0.122341563470839,4.156347083898726e-05,,False
figure1_supp_lam1,figure1_supp,61,5,0.0,0.0,0.0,,False
figure1_supp_lam1,figure1_supp,61,6,0.1485,0.148508789675446,8.789675446013723e-06,,False
figure1_supp_lam1,figure1_supp,61,7,0.2427,0.242652582271261,4.7417728739007625e-05,,False
figure1_supp_lam1,figure1_supp,62,1,0.0,0.0,0.0,,False
figure1_supp_lam1,figure1_supp,62,2,0.0,0.0,0.0,,False
figure1_supp_lam1,figure1_supp,62,3,0.7317,0.731657520493959,4.247950604097106e-05,,False
figure1_supp_lam1,figure1_supp,62,4,0.1212,0.12120877121648,8.77121647999135e-06,,False
figure1_supp_lam1,figure1_supp,62,5,0.0,0.0,0.0,,False
figure1_supp_lam1,figure1_supp,62,6,0.1471,0.147133708289562,3.370828956197891e-05,,False
figure1_supp_lam1,figure1_supp,62,7,0.1606,0.160619263975557,1.9263975557015645e-05,,False
figure1_supp_lam1,figure1_supp,63,1,0.0,0.0,0.0,,False
figure1_supp_lam1,figure1_supp,63,2,0.0,0.0,0.0,,False
figure1_supp_lam1,figure1_supp,63,3,0.7341,0.734119378104106,1.9378104106015925e-05,,False
figure1_supp_lam1,figure1_supp,63,4,0.1201,0.120096764141099,3.2358589009962024e-06,,False
figure1_supp_lam1,figure1_supp,63,5,0.0,0.0,0.0,,False
figure1_supp_lam1,figure1_supp,63,6,0.1458,0.145783857754795,1.6142245205019723e-05,,False
figure1_supp_lam1,figure1_supp,63,7,0.1759,0.175867913174418,3.208682558200615e-05,,False
figure1_supp_lam1,figure1_supp,64,1,0.0,0.0,0.0,,False
figure1_supp_lam1,figure1_supp,64,2,0.0,0.0,0.0,,False
figure1_supp_lam1,figure1_supp,64,3,0.7365,0.736536474666795,3.647466679490563e-05,,False
figure1_supp_lam1,figure1_supp,64,4,0.119,0.11900497537618,4.975376180008095e-06,,False
figure1_supp_lam1,figure1_supp,64,5,0.0,0.0,0.0,,False
figure1_supp_lam1,figure1_supp,64,6,0.1445,0.144458549957024,4.1450042975982315e-05,,False
figure1_supp_lam1,figure1_supp,64,7,0.1839,0.183868832798788,3.116720121201788e-05,,False
figure1_supp_lam1,figure1_supp,65,1,0.0,0.0,0.0,,False
figure1_supp_lam1,figure1_supp,65,2,0.0,0.0,0.0,,False
figure1_supp_lam1,figure1_supp,65,3,0.7389,0.738910019940068,1.001994006799567e-05,,False
figure1_supp_lam1,figure1_supp,65,4,0.1179,0.117932858480899,3.28584808989979e-05,,False
figure1_supp_lam1,figure1_supp,65,5,0.0,0.0,0.0,,False
figure1_supp_lam1,figure1_supp,65,6,0.1432,0.143157121579033,4.287842096700745e-05,,False
figure1_supp_lam1,figure1_supp,65,7,0.1845,0.184514335079421,1.4335079421001762e-05,,False
figure1_supp_lam1,figure1_supp,66,1,0.0,0.0,0.0,,False
figure1_supp_lam1,figure1_supp,66,2,0.0,0.0,0.0,,False
figure1_supp_lam1,figure1_supp,66,3,0.7412,0.741241180476317,4.118047631707089e-05,,False
figure1_supp_lam1,figure1_supp,66,4,0.1169,0.116879886530177,2.0113469823002106e-05,,False
figure1_supp_lam1,figure1_supp,66,5,0.0,0.0,0.0,,False
figure1_supp_lam1,figure1_supp,66,6,0.1419,0.141878932993506,2.106700649398552e-05,,False
figure1_supp_lam1,figure1_supp,66,7,0.2072,0.207188786257007,1.1213742992982612e-05,,False
figure1_supp_lam1,figure1_supp,67,1,0.0,0.0,0.0,,False
figure1_supp_lam1,figure1_supp,67,2,0.0,0.0,0.0,,False
figure1_supp_lam1,figure1_supp,67,3,0.7435,0.743531081534049,3.108153404896008e-05,,False
figure1_supp_lam1,figure1_supp,67,4,0.1158,0.115845551251149,4.5551251148995275e-05,,False
figure1_supp_lam1,figure1_supp,67,5,0.0,0.0,0.0,,False
figure1_supp_lam1,figure1_supp,67,6,0.1406,0.140623367214802,2.3367214802005876e-05,,False
figure1_supp_lam1,figure1_supp,67,7,0.1849,0.184927539473247,2.7539473246990243e-05,,False
figure1_supp_lam1,figure1_supp,68,1,0.0,0.0,0.0,,False
figure1_supp_lam1,figure1_supp,68,2,0.0,0.0,0.0,,False
figure1_supp_lam1,figure1_supp,68,3,0.7458,0.745780808889014,1.919111098602766e-05,,False
figure1_supp_lam1,figure1_supp,68,4,0.1148,0.114829362205086,2.9362205085994852e-05,,False
figure1_supp_lam1,figure1_supp,68,5,0.0,0.0,0.0,,False
figure1_supp_lam1,figure1_supp,68,6,0.1394,0.139389828905901,1.0171094099009625e-05,,False
figure1_supp_lam1,figure1_supp,68,7,0.1892,0.189176270781102,2.372921889801094e-05,,False
figure1_supp_lam1,figure1_supp,69,1,0.0,0.0,0.0,,False
figure1_supp_lam1,figure1_supp,69,2,0.0,0.0,0.0,,False
figure1_supp_lam1,figure1_supp,69,3,0.748,0.747991410550848,8.589449152052175e-06,,False
figure1_supp_lam1,figure1_supp,69,4,0.1138,0.113830846011998,3.0846011998000855e-05,,False
figure1_supp_lam1,figure1_supp,69,5,0.0,0.0,0.0,,False
figure1_supp_lam1,figure1_supp,69,6,0.1382,0.138177743437154,2.2256562845990313e-05,,False
figure1_supp_lam1,figure1_supp,69,7,0.1771,0.177063668083612,3.6331916387993823e-05,,False
figure1_supp_lam1,figure1_supp,70,1,0.0,0.0,0.0,,False
figure1_supp_lam1,figure1_supp,70,2,0.0,0.0,0.0,,False
figure1_supp_lam1,figure1_supp,70,3,0.7502,0.750163898390927,3.610160907296933e-05,,False
figure1_supp_lam1,figure1_supp,70,4,0.1128,0.112849545615343,4.954561534299684e-05,,False
figure1_supp_lam1,figure1_supp,70,5,0.0,0.0,0.0,,False
figure1_supp_lam1,figure1_supp,70,6,0.137,0.13698655599373,1.3444006270013631e-05,,False
figure1_supp_lam1,figure1_supp,70,7,0.165,0.164962570549386,3.742945061399605e-05,,False
figure1_supp_lam1,figure1_supp,71,1,0.0,0.0,0.0,,False
figure1_supp_lam1,figure1_supp,71,2,0.0,0.0,0.0,,False
figure1_supp_lam1,figure1_supp,71,3,0.7523,0.752299249686731,7.503132689601344e-07,,False
figure1_supp_lam1,figure1_supp,71,4,0.1119,0.111885019584443,1.4980415557003246e-05,,False
figure1_supp_lam1,figure1_supp,71,5,0.0,0.0,0.0,,False
figure1_supp_lam1,figure1_supp,71,6,0.1358,0.135815730728826,1.5730728825991136e-05,,False
figure1_supp_lam1,figure1_supp,71,7,0.1958,0.195810075548137,1.0075548137006285e-05,,False
figure1_supp_lam1,figure1_supp,72,1,0.0,0.0,0.0,,False
figure1_supp_lam1,figure1_supp,72,2,0.0,0.0,0.0,,False
figure1_supp_lam1,figure1_supp,72,3,0.7544,0.754398408587691,1.5914123089322274e-06,,False
figure1_supp_lam1,figure1_supp,72,4,0.1109,0.110936841452371,3.684145237099756e-05,,False
figure1_supp_lam1,figure1_supp,72,5,0.0,0.0,0.0,,False
figure1_supp_lam1,figure1_supp,72,6,0.1347,0.134664749959938,3.5250040061995946e-05,,False
figure1_supp_lam1,figure1_supp,72,7,0.0457,0.0456970135226051,2.9864773948978796e-06,,False
figure1_supp_lam1,figure1_supp,73,1,0.0,0.0,0.0,,False
figure1_supp_lam1,figure1_supp,73,2,0.0,0.0,0.0,,False
figure1_supp_lam1,figure1_supp,73,3,0.7565,0.756462287507122,3.771249287798373e-05,,False
figure1_supp_lam1,figure1_supp,73,4,0.11,0.110004599087225,4.599087224999021e-06,,False
figure1_supp_lam1,figure1_supp,73,5,0.0,0.0,0.0,,False
figure1_supp_lam1,figure1_supp,73,6,0.1335,0.133533113405653,3.3113405652984707e-05,,False
figure1_supp_lam1,figure1_supp,73,7,0.0528,0.0528349900904517,3.499009045170032e-05,,False
figure1_supp_lam1,figure1_supp,74,1,0.0,0.0,0.0,,False
figure1_supp_lam1,figure1_supp,74,2,0.0,0.0,0.0,,False
figure1_supp_lam1,figure1_supp,74,3,0.7585,0.758491768444563,8.231555436943871e-06,,False
figure1_supp_lam1,figure1_supp,74,4,0.1091,0.109087894094832,1.2105905168008357e-05,,False
figure1_supp_lam1,figure1_supp,74,5,0.0,0.0,0.0,,False
figure1_supp_lam1,figure1_supp,74,6,0.1324,0.132420337460606,2.033746060600694e-05,,False
figure1_supp_lam1,figure1_supp,74,7,0.0596,0.0596091661918303,9.166191830299597e-06,,False
figure1_supp_lam1,figure1_supp,75,1,0.1177,0.117679702990397,2.0297009603001404e-05,,False
figure1_supp_lam1,figure1_supp,75,2,0.0,0.0,0.0,,False
figure1_supp_lam1,figure1_supp,75,3,0.7522,0.752238033326316,3.803332631602263e-05,,False
figure1_supp_lam1,figure1_supp,75,4,0.1164,0.116436012167298,3.601216729799683e-05,,False
figure1_supp_lam1,figure1_supp,75,5,0.0,0.0,0.0,,False
figure1_supp_lam1,figure1_supp,75,6,0.1313,0.131325954506386,2.5954506386011156e-05,,False
figure1_supp_lam1,figure1_supp,75,7,0.046,0.0460370134414724,3.701344147240271e-05,,False
figure1_supp_lam1,figure1_supp,76,1,0.0,0.0,0.0,,False
figure1_supp_lam1,figure1_supp,76,2,0.0,0.0,0.0,,False
figure1_supp_lam1,figure1_supp,76,3,0.7543,0.754266016267535,3.3983732464992755e-05,,False
figure1_supp_lam1,figure1_supp,76,4,0.1155,0.115467825207649,3.217479235100018e-05,,False
figure1_supp_lam1,figure1_supp,76,5,0.0,0.0,0.0,,False
figure1_supp_lam1,figure1_supp,76,6,0.1303,0.130266158524816,3.384147518400993e-05,,False
figure1_supp_lam1,figure1_supp,76,7,0.063,0.0630124458143202,1.2445814320194426e-05,,False
figure1_supp_lam1,figure1_supp,77,1,0.1323,0.13232143233822,2.143233821999546e-05,,False
figure1_supp_lam1,figure1_supp,77,2,0.9982,0.998240127105009,4.0127105009002406e-05,,False
figure1_supp_lam1,figure1_supp,77,3,0.7481,0.748148080142555,4.8080142554973726e-05,,False
figure1_supp_lam1,figure1_supp,77,4,0.1145,0.114529062401083,2.9062401082996514e-05,,False
figure1_supp_lam1,figure1_supp,77,5,0.0,0.0,0.0,,False
figure1_supp_lam1,figure1_supp,77,6,0.1373,0.137322857456362,2.285745636199099e-05,,False
figure1_supp_lam1,figure1_supp,77,7,0.2464,0.246445961459165,4.5961459164994833e-05,,False
figure1_supp_lam1,figure1_supp,78,1,0.203,0.203011385630647,1.1385630646981726e-05,,False
figure1_supp_lam1,figure1_supp,78,2,0.0,0.0,0.0,,False
figure1_supp_lam1,figure1_supp,78,3,0.7421,0.742076060239339,2.3939760660951492e-05,,False
figure1_supp_lam1,figure1_supp,78,4,0.1217,0.121721371706434,2.137170643400077e-05,,False
figure1_supp_lam1,figure1_supp,78,5,0.0,0.0,0.0,,False
figure1_supp_lam1,figure1_supp,78,6,0.1362,0.136202568054227,2.5680542270201112e-06,,False
figure1_supp_lam1,figure1_supp,78,7,0.2572,0.257204982057535,4.982057535019013e-06,,False
figure1_supp_lam1,figure1_supp,79,1,0.0,0.0,0.0,,False
figure1_supp_lam1,figure1_supp,79,2,0.0,0.0,0.0,,False
figure1_supp_lam1,figure1_supp,79,3,0.7441,0.744141213284265,4.121328426498483e-05,,False
figure1_supp_lam1,figure1_supp,79,4,0.1208,0.120755325608174,4.467439182601063e-05,,False
figure1_supp_lam1,figure1_supp,79,5,0.0,0.0,0.0,,False
figure1_supp_lam1,figure1_supp,79,6,0.1351,0.135103461107562,3.4611075619972453e-06,,False
figure1_supp_lam1,figure1_supp,79,7,0.2552,0.255230500730275,3.0500730274996002e-05,,False
figure1_supp_lam1,figure1_supp,80,1,0.0,0.0,0.0,,False
figure1_supp_lam1,figure1_supp,80,2,0.0,0.0,0.0,,False
figure1_supp_lam1,figure1_supp,80,3,0.7462,0.74617183857566,2.816142433992308e-05,,False
figure1_supp_lam1,figure1_supp,80,4,0.1198,0.119796950008109,3.049991891004855e-06,,False
figure1_supp_lam1,figure1_supp,80,5,0.0,0.0,0.0,,False
figure1_supp_lam1,figure1_supp,80,6,0.134,0.134031211416232,3.1211416231996525e-05,,False
figure1_supp_lam1,figure1_supp,80,7,0.2316,0.231604443065642,4.443065642012467e-06,,False
figure1_supp_lam1,figure1_supp,81,1,0.0,0.0,0.0,,False
figure1_supp_lam1,figure1_supp,81,2,0.0,0.0,0.0,,False
figure1_supp_lam1,figure1_supp,81,3,0.7482,0.748170485516009,2.951448399102219e-05,,False
figure1_supp_lam1,figure1_supp,81,4,0.1189,0.118853666937179,4.633306282100791e-05,,False
figure1_supp_lam1,figure1_supp,81,5,0.0,0.0,0.0,,False
figure1_supp_lam1,figure1_supp,81,6,0.133,0.132975847546812,2.41524531880144e-05,,False
figure1_supp_lam1,figure1_supp,81,7,0.2527,0.252683482169904,1.651783009598562e-05,,False
figure1_supp_lam1,figure1_supp,82,1,0.0,0.0,0.0,,False
figure1_supp_lam1,figure1_supp,82,2,0.0,0.0,0.0,,False
figure1_supp_lam1,figure1_supp,82,3,0.7501,0.750137903597915,3.7903597915001086e-05,,False
figure1_supp_lam1,figure1_supp,82,4,0.1179,0.117925122664232,2.5122664231991276e-05,,False
figure1_supp_lam1,figure1_supp,82,5,0.0,0.0,0.0,,False
figure1_supp_lam1,figure1_supp,82,6,0.1319,0.131936973737853,3.697373785302438e-05,,False
figure1_supp_lam1,figure1_supp,82,7,0.2485,0.248510052826148,1.0052826147993743e-05,,False
figure1_supp_lam1,figure1_supp,83,1,0.0,0.0,0.0,,False
figure1_supp_lam1,figure1_supp,83,2,0.0,0.0,0.0,,False
figure1_supp_lam1,figure1_supp,83,3,0.7521,0.7520748190739,2.518092610004352e-05,,False
figure1_supp_lam1,figure1_supp,83,4,0.117,0.117010974426525,1.0974426524992809e-05,,False
figure1_supp_lam1,figure1_supp,83,5,0.0,0.0,0.0,,False
figure1_supp_lam1,figure1_supp,83,6,0.1309,0.130914206499575,1.420649957500908e-05,,False
figure1_supp_lam1,figure1_supp,83,7,0.2397,0.23968550799195,1.4492008050009941e-05,,False
figure1_supp_lam1,figure1_supp,84,1,0.0,0.0,0.0,,False
figure1_supp_lam1,figure1_supp,84,2,0.0,0.0,0.0,,False
figure1_supp_lam1,figure1_supp,84,3,0.754,0.753981935850255,1.8064149745034008e-05,,False
figure1_supp_lam1,figure1_supp,84,4,0.1161,0.116110890007859,1.0890007859004625e-05,,False
figure1_supp_lam1,figure1_supp,84,5,0.0,0.0,0.0,,False
figure1_supp_lam1,figure1_supp,84,6,0.1299,0.129907174141886,7.174141886001628e-06,,False
figure1_supp_lam1,figure1_supp,84,7,0.2566,0.256560510775047,3.948922495300433e-05,,False
figure1_supp_lam1,figure1_supp,85,1,0.0,0.0,0.0,,False
figure1_supp_lam1,figure1_supp,85,2,0.0,0.0,0.0,,False
figure1_supp_lam1,figure1_supp,85,3,0.7559,0.755859936339948,4.0063660052047645e-05,,False
figure1_supp_lam1,figure1_supp,85,4,0.1152,0.115224547336044,2.4547336043997947e-05,,False
figure1_supp_lam1,figure1_supp,85,5,0.0,0.0,0.0,,False
figure1_supp_lam1,figure1_supp,85,6,0.1289,0.128915516324009,1.5516324009007265e-05,,False
figure1_supp_lam1,figure1_supp,85,7,0.2683,0.268299824737748,1.752622519890501e-07,,False
figure1_supp_lam1,figure1_supp,86,1,0.0,0.0,0.0,,False
figure1_supp_lam1,figure1_supp,86,2,0.0,0.0,0.0,,False
figure1_supp_lam1,figure1_supp,86,3,0.7577,0.757709482276766,9.482276766004105e-06,,False
figure1_supp_lam1,figure1_supp,86,4,0.1144,0.114351634098649,4.836590135100238e-05,,False
figure1_supp_lam1,figure1_supp,86,5,0.0,0.0,0.0,,False
figure1_supp_lam1,figure1_supp,86,6,0.1279,0.127938883624585,3.88836245849844e-05,,False
figure1_supp_lam1,figure1_supp,86,7,0.2567,0.256664282203063,3.571779693700705e-05,,False
figure1_supp_lam1,figure1_supp,87,1,0.0,0.0,0.0,,False
figure1_supp_lam1,figure1_supp,87,2,0.0,0.0,0.0,,False
figure1_supp_lam1,figure1_supp,87,3,0.7595,0.759531215492731,3.1215492730996e-05,,False
figure1_supp_lam1,figure1_supp,87,4,0.1135,0.113491847376103,8.152623897000888e-06,,False
figure1_supp_lam1,figure1_supp,87,5,0.0,0.0,0.0,,False
figure1_supp_lam1,figure1_supp,87,6,0.127,0.126976937131167,2.306286883299591e-05,,False
figure1_supp_lam1,figure1_supp,87,7,0.309,0.308955850662545,4.4149337455001714e-05,,False
figure1_supp_lam1,figure1_supp,88,1,0.0,0.0,0.0,,False
figure1_supp_lam1,figure1_supp,88,2,0.0,0.0,0.0,,False
figure1_supp_lam1,figure1_supp,88,3,0.7613,0.761325758660695,2.5758660694985558e-05,,False
figure1_supp_lam1,figure1_supp,88,4,0.1126,0.112644893291207,4.489329120699326e-05,,False
figure1_supp_lam1,figure1_supp,88,5,0.0,0.0,0.0,,False
figure1_supp_lam1,figure1_supp,88,6,0.126,0.126029348048098,2.934804809801017e-05,,False
figure1_supp_lam1,figure1_supp,88,7,0.2859,0.28591263404249,1.2634042490022868e-05,,False
figure1_supp_lam1,figure1_supp,89,1,0.0,0.0,0.0,,False
figure1_supp_lam1,figure1_supp,89,2,0.0,0.0,0.0,,False
figure1_supp_lam1,figure1_supp,89,3,0.7631,0.763093716003949,6.28399605095975e-06,,False
figure1_supp_lam1,figure1_supp,89,4,0.1118,0.111810486674235,1.0486674235005156e-05,,False
figure1_supp_lam1,figure1_supp,89,5,0.0,0.0,0.0,,False
figure1_supp_lam1,figure1_supp,89,6,0.1251,0.125095797321816,4.202678183989894e-06,,False
figure1_supp_lam1,figure1_supp,89,7,0.2185,0.218497754512722,2.245487278007552e-06,,False
figure1_supp_lam1,figure1_supp,90,1,0.0,0.0,0.0,,False
figure1_supp_lam1,figure1_supp,90,2,0.0,0.0,0.0,,False
figure1_supp_lam1,figure1_supp,90,3,0.7648,0.764835673974508,3.567397450798815e-05,,False
figure1_supp_lam1,figure1_supp,90,4,0.111,0.110988350742807,1.1649257193005469e-05,,False
figure1_supp_lam1,figure1_supp,90,5,0.0,0.0,0.0,,False
figure1_supp_lam1,figure1_supp,90,6,0.1242,0.124175975282685,2.4024717315010435e-05,,False
figure1_supp_lam1,figure1_supp,90,7,0.051,0.0510396427148129,3.964271481290277e-05,,False
figure1_supp_lam1,figure1_supp,91,1,0.0,0.0,0.0,,False
figure1_supp_lam1,figure1_supp,91,2,0.0,0.0,0.0,,False
figure1_supp_lam1,figure1_supp,91,3,0.7666,0.766552201901702,4.779809829791315e-05,,False
figure1_supp_lam1,figure1_supp,91,4,0.1102,0.110178216795779,2.1783204221012542e-05,,False
figure1_supp_lam1,figure1_supp,91,5,0.0,0.0,0.0,,False
figure1_supp_lam1,figure1_supp,91,6,0.1233,0.12326958130252,3.0418697480008583e-05,,False
figure1_supp_lam1,figure1_supp,91,7,0.0427,0.0427335597402632,3.355974026320041e-05,,False
figure1_supp_lam1,figure1_supp,92,1,0.0,0.0,0.0,,False
figure1_supp_lam1,figure1_supp,92,2,0.0,0.0,0.0,,False
figure1_supp_lam1,figure1_supp,92,3,0.7682,0.768243852612559,4.38526125590144e-05,,False
figure1_supp_lam1,figure1_supp,92,4,0.1094,0.109379823920447,2.0176079552999826e-05,,False
figure1_supp_lam1,figure1_supp,92,5,0.0,0.0,0.0,,False
figure1_supp_lam1,figure1_supp,92,6,0.1224,0.122376323466994,2.36765330060007e-05,,False
figure1_supp_lam1,figure1_supp,92,7,0.0376,0.0375681183446071,3.188165539290411e-05,,False
figure1_supp_lam1,figure1_supp,93,1,0.0,0.0,0.0,,False
figure1_supp_lam1,figure1_supp,93,2,0.0,0.0,0.0,,False
figure1_supp_lam1,figure1_supp,93,3,0.7699,0.769911163025418,1.1163025417926242e-05,,False
figure1_supp_lam1,figure1_supp,93,4,0.1086,0.108592918712386,7.081287614008058e-06,,False
figure1_supp_lam1,figure1_supp,93,5,0.0,0.0,0.0,,False
figure1_supp_lam1,figure1_supp,93,6,0.1215,0.121495918262196,4.081737804001451e-06,,False
figure1_supp_lam1,figure1_supp,93,7,0.0433,0.043270376013165,2.962398683499512e-05,,False
figure1_supp_lam1,figure1_supp,94,1,0.0,0.0,0.0,,False
figure1_supp_lam1,figure1_supp,94,2,0.0,0.0,0.0,,False
figure1_supp_lam1,figure1_supp,94,3,0.7716,0.771554654718094,4.534528190591747e-05,,False
figure1_supp_lam1,figure1_supp,94,4,0.1078,0.107817255007298,1.7255007297989344e-05,,False
figure1_supp_lam1,figure1_supp,94,5,0.0,0.0,0.0,,False
figure1_supp_lam1,figure1_supp,94,6,0.1206,0.120628090274608,2.8090274607997512e-05,,False
figure1_supp_lam1,figure1_supp,94,7,0.0233,0.0233489398352099,4.8939835209899085e-05,,False
figure1_supp_lam1,figure1_supp,95,1,0.0,0.0,0.0,,False
figure1_supp_lam1,figure1_supp,95,2,0.0,0.0,0.0,,False
figure1_supp_lam1,figure1_supp,95,3,0.7732,0.773174834471866,2.516552813403017e-05,,False
figure1_supp_lam1,figure1_supp,95,4,0.1071,0.107052593624267,4.7406375733000106e-05,,False
figure1_supp_lam1,figure1_supp,95,5,0.0,0.0,0.0,,False
figure1_supp_lam1,figure1_supp,95,6,0.1198,0.119772571903867,2.7428096133000346e-05,,False
figure1_supp_lam1,figure1_supp,95,7,0.0305,0.0304798828025677,2.0117197432299727e-05,,False
figure1_supp_lam1,figure1_supp,96,1,0.0,0.0,0.0,,False
figure1_supp_lam1,figure1_supp,96,2,0.0,0.0,0.0,,False
figure1_supp_lam1,figure1_supp,96,3,0.7748,0.774772194792487,2.7805207512998642e-05,,False
figure1_supp_lam1,figure1_supp,96,4,0.1063,0.106298702119871,1.2978801290086661e-06,,False
figure1_supp_lam1,figure1_supp,96,5,0.0,0.0,0.0,,False
figure1_supp_lam1,figure1_supp,96,6,0.1189,0.118929103087642,2.910308764199343e-05,,False
figure1_supp_lam1,figure1_supp,96,7,0.0327,0.0326564843687404,4.351563125960106e-05,,False
figure1_supp_lam1,figure1_supp,97,1,0.2347,0.234660396058539,3.9603941460991665e-05,,False
figure1_supp_lam1,figure1_supp,97,2,0.1009,0.100879866046338,2.0133953662002102e-05,,False
figure1_supp_lam1,figure1_supp,97,3,0.7694,0.769362755880529,3.7244119470924986e-05,,False
figure1_supp_lam1,figure1_supp,97,4,0.1118,0.111834359472677,3.435947267700634e-05,,False
figure1_supp_lam1,figure1_supp,97,5,0.0,0.0,0.0,,False
figure1_supp_lam1,figure1_supp,97,6,0.1188,0.118802884646794,2.8846467940019105e-06,,False
figure1_supp_lam1,figure1_supp,97,7,0.2202,0.220184146082373,1.585391762701227e-05,,False
figure1_supp_lam1,figure1_supp,98,1,0.0,0.0,0.0,,False
figure1_supp_lam1,figure1_supp,98,2,0.0,0.0,0.0,,False
figure1_supp_lam1,figure1_supp,98,3,0.771,0.770964843819156,3.5156180844042595e-05,,False
figure1_supp_lam1,figure1_supp,98,4,0.1111,0.111057550356543,4.2449643457009856e-05,,False
figure1_supp_lam1,figure1_supp,98,5,0.0,0.0,0.0,,False
figure1_supp_lam1,figure1_supp,98,6,0.118,0.117977605824302,2.2394175697992846e-05,,False
figure1_supp_lam1,figure1_supp,98,7,0.2118,0.211770029475321,2.9970524678984978e-05,,False
figure1_supp_lam1,figure1_supp,99,1,0.0,0.0,0.0,,False
figure1_supp_lam1,figure1_supp,99,2,0.0,0.0,0.0,,False
figure1_supp_lam1,figure1_supp,99,3,0.7725,0.772544396620403,4.4396620403008846e-05,,False
figure1_supp_lam1,figure1_supp,99,4,0.1103,0.110291636216153,8.36378384699854e-06,,False
figure1_supp_lam1,figure1_supp,99,5,0.0,0.0,0.0,,False
figure1_supp_lam1,figure1_supp,99,6,0.1172,0.117163967163444,3.603283655599643e-05,,False
figure1_supp_lam1,figure1_supp,99,7,0.1839,0.183877768095272,2.223190472799841e-05,,False
figure1_supp_lam1,figure1_supp,100,1,0.0,0.0,0.0,,False
figure1_supp_lam1,figure1_supp,100,2,0.0,0.0,0.0,,False
figure1_supp_lam1,figure1_supp,100,3,0.7741,0.774102311712044,2.3117120440119265e-06,,False
figure1_supp_lam1,figure1_supp,100,4,0.1095,0.109536214050289,3.621405028900182e-05,,False
figure1_supp_lam1,figure1_supp,100,5,0.0,0.0,0.0,,False
figure1_supp_lam1,figure1_supp,100,6,0.1164,0.116361474237667,3.852576233299987e-05,,False
figure1_supp_lam1,figure1_supp,100,7,0.1916,0.191609482341812,9.482341812000472e-06,,False
figure1_supp_lam1,figure1_supp,101,1,0.0,0.0,0.0,,False
figure1_supp_lam1,figure1_supp,101,2,0.0,0.0,0.0,,False
figure1_supp_lam1,figure1_supp,101,3,0.7756,0.775639030679989,3.9030679989005e-05,,False
figure1_supp_lam1,figure1_supp,101,4,0.1088,0.108791069737022,8.930262977990822e-06,,False
figure1_supp_lam1,figure1_supp,101,5,0.0,0.0,0.0,,False
figure1_supp_lam1,figure1_supp,101,6,0.1156,0.115569899582989,3.0100417011000302e-05,,False
figure1_supp_lam1,figure1_supp,101,7,0.1788,0.178832751132969,3.275113296902221e-05,,False
figure1_supp_lam1,figure1_supp,102,1,0.0,0.0,0.0,,False
figure1_supp_lam1,figure1_supp,102,2,0.0,0.0,0.0,,False
figure1_supp_lam1,figure1_supp,102,3,0.7772,0.777154983175394,4.5016824606003425e-05,,False
figure1_supp_lam1,figure1_supp,102,4,0.1081,0.108055994941501,4.400505849899705e-05,,False
figure1_supp_lam1,figure1_supp,102,5,0.0,0.0,0.0,,False
figure1_supp_lam1,figure1_supp,102,6,0.1148,0.114789021883104,1.0978116896001588e-05,,False
figure1_supp_lam1,figure1_supp,102,7,0.163,0.162959099422165,4.090057783501244e-05,,False
figure1_supp_lam1,figure1_supp,103,1,0.0,0.0,0.0,,False
figure1_supp_lam1,figure1_supp,103,2,0.0,0.0,0.0,,False
figure1_supp_lam1,figure1_supp,103,3,0.7787,0.778650587315157,4.941268484293104e-05,,False
figure1_supp_lam1,figure1_supp,103,4,0.1073,0.10733078692176,3.078692175999265e-05,,False
figure1_supp_lam1,figure1_supp,103,5,0.0,0.0,0.0,,False
figure1_supp_lam1,figure1_supp,103,6,0.114,0.114018625763083,1.8625763082993907e-05,,False
figure1_supp_lam1,figure1_supp,103,7,0.179,0.179003718209045,3.7182090450171845e-06,,False
figure1_supp_lam1,figure1_supp,104,1,0.0,0.0,0.0,,False
figure1_supp_lam1,figure1_supp,104,2,0.0,0.0,0.0,,False
figure1_supp_lam1,figure1_supp,104,3,0.7801,0.780126250066389,2.625006638901084e-05,,False
figure1_supp_lam1,figure1_supp,104,4,0.1066,0.106615248342281,1.5248342281004579e-05,,False
figure1_supp_lam1,figure1_supp,104,5,0.0,0.0,0.0,,False
figure1_supp_lam1,figure1_supp,104,6,0.1133,0.113258501591329,4.149840867100074e-05,,False
figure1_supp_lam1,figure1_supp,104,7,0.1995,0.199523318032144,2.331803214397632e-05,,False
figure1_supp_lam1,figure1_supp,105,1,0.0,0.0,0.0,,False
figure1_supp_lam1,figure1_supp,105,2,0.0,0.0,0.0,,False
figure1_supp_lam1,figure1_supp,105,3,0.7816,0.781582367615618,1.7632384382015864e-05,,False
figure1_supp_lam1,figure1_supp,105,4,0.1059,0.105909187094981,9.187094981003008e-06,,False
figure1_supp_lam1,figure1_supp,105,5,0.0,0.0,0.0,,False
figure1_supp_lam1,figure1_supp,105,6,0.1125,0.1125084452894,8.445289399999778e-06,,False
figure1_supp_lam1,figure1_supp,105,7,0.2033,0.203256108250057,4.38917499430147e-05,,False
figure1_supp_lam1,figure1_supp,106,1,0.279,0.27896257569517,3.74243048300027e-05,,False
figure1_supp_lam1,figure1_supp,106,2,0.1026,0.102551229250181,4.877074981900209e-05,,False
figure1_supp_lam1,figure1_supp,106,3,0.7764,0.776448448352247,4.844835224704358e-05,,False
figure1_supp_lam1,figure1_supp,106,4,0.1111,0.111108614358611,8.614358610992134e-06,,False
figure1_supp_lam1,figure1_supp,106,5,0.0,0.0,0.0,,False
figure1_supp_lam1,figure1_supp,106,6,0.1124,0.112442937289142,4.2937289141994905e-05,,False
figure1_supp_lam1,figure1_supp,106,7,0.2172,0.217192328065578,7.671934421998872e-06,,False
figure1_supp_lam1,figure1_supp,107,1,0.2797,0.27971382905888,1.3829058879977207e-05,,False
figure1_supp_lam1,figure1_supp,107,2,1.0,1.0,0.0,,False
figure1_supp_lam1,figure1_supp,107,3,0.7713,0.771348559384138,4.855938413805827e-05,,False
figure1_supp_lam1,figure1_supp,107,4,0.1104,0.110372778570681,2.7221429319004842e-05,,False
figure1_supp_lam1,figure1_supp,107,5,0.0,0.0,0.0,,False
figure1_supp_lam1,figure1_supp,107,6,0.1183,0.118278662045181,2.1337954818997917e-05,,False
figure1_supp_lam1,figure1_supp,107,7,0.237,0.237007518556363,7.518556363023121e-06,,False
figure1_supp_lam1,figure1_supp,108,1,0.0,0.0,0.0,,False
figure1_supp_lam1,figure1_supp,108,2,0.0,0.0,0.0,,False
figure1_supp_lam1,figure1_supp,108,3,0.7728,0.772835797624885,3.579762488492566e-05,,False
figure1_supp_lam1,figure1_supp,108,4,0.1096,0.10964353681239,4.353681238999929e-05,,False
figure1_supp_lam1,figure1_supp,108,5,0.0,0.0,0.0,,False
figure1_supp_lam1,figure1_supp,108,6,0.1175,0.117520665562725,2.0665562725008524e-05,,False
figure1_supp_lam1,figure1_supp,108,7,0.2406,0.240560560385149,3.9439614851005667e-05,,False
figure1_supp_lam1,figure1_supp,109,1,0.2841,0.284107368814332,7.368814331998319e-06,,False
figure1_supp_lam1,figure1_supp,109,2,0.1075,0.10753135103523,3.135103522999838e-05,,False
figure1_supp_lam1,figure1_supp,109,3,0.7679,0.767857299619544,4.270038045606217e-05,,False
figure1_supp_lam1,figure1_supp,109,4,0.1147,0.114686482008231,1.3517991768990933e-05,,False
figure1_supp_lam1,figure1_supp,109,5,0.0,0.0,0.0,,False
figure1_supp_lam1,figure1_supp,109,6,0.1175,0.117456218372225,4.3781627774991394e-05,,False
figure1_supp_lam1,figure1_supp,109,7,0.232,0.231980753506841,1.9246493159014166e-05,,False
figure1_supp_lam1,figure1_supp,110,1,0.3817,0.381679031439106,2.0968560894008004e-05,,False
figure1_supp_lam1,figure1_supp,110,2,1.0,1.0,0.0,,False
figure1_supp_lam1,figure1_supp,110,3,0.7629,0.762910515769468,1.0515769467978053e-05,,False
figure1_supp_lam1,figure1_supp,110,4,0.1139,0.113887676401683,1.2323598317001694e-05,,False
figure1_supp_lam1,figure1_supp,110,5,0.0,0.0,0.0,,False
figure1_supp_lam1,figure1_supp,110,6,0.1232,0.123201807828848,1.8078288479966842e-06,,False
figure1_supp_lam1,figure1_supp,110,7,0.2344,0.234404517005062,4.5170050620158e-06,,False
figure1_supp_lam1,figure1_supp,111,1,0.0,0.0,0.0,,False
figure1_supp_lam1,figure1_supp,111,2,0.0,0.0,0.0,,False
figure1_supp_lam1,figure1_supp,111,3,0.7644,0.764420481635367,2.0481635367053386e-05,,False
figure1_supp_lam1,figure1_supp,111,4,0.1132,0.113164482082045,3.55179179549886e-05,,False
figure1_supp_lam1,figure1_supp,111,5,0.0,0.0,0.0,,False
figure1_supp_lam1,figure1_supp,111,6,0.1224,0.122415036282589,1.5036282589003802e-05,,False
figure1_supp_lam1,figure1_supp,111,7,0.2374,0.237393958270077,6.0417299229953425e-06,,False
figure1_supp_lam1,figure1_supp,112,1,0.0,0.0,0.0,,False
figure1_supp_lam1,figure1_supp,112,2,0.0,0.0,0.0,,False
figure1_supp_lam1,figure1_supp,112,3,0.7659,0.765911491245269,1.1491245269001915e-05,,False
figure1_supp_lam1,figure1_supp,112,4,0.1124,0.112448251182791,4.825118279100371e-05,,False
figure1_supp_lam1,figure1_supp,112,5,0.0,0.0,0.0,,False
figure1_supp_lam1,figure1_supp,112,6,0.1216,0.121640257571939,4.025757193899804e-05,,False
figure1_supp_lam1,figure1_supp,112,7,0.2164,0.216409309407404,9.30940740398456e-06,,False
figure1_supp_lam1,figure1_supp,113,1,0.0,0.0,0.0,,False
figure1_supp_lam1,figure1_supp,113,2,0.0,0.0,0.0,,False
figure1_supp_lam1,figure1_supp,113,3,0.7674,0.767383746017312,1.625398268800815e-05,,False
figure1_supp_lam1,figure1_supp,113,4,0.1117,0.111741029477239,4.102947723901018e-05,,False
figure1_supp_lam1,figure1_supp,113,5,0.0,0.0,0.0,,False
figure1_supp_lam1,figure1_supp,113,6,0.1209,0.120875224505449,2.4775494550988153e-05,,False
figure1_supp_lam1,figure1_supp,113,7,0.2457,0.245709542998095,9.542998094996813e-06,,False
figure1_supp_lam1,figure1_supp,114,1,0.0,0.0,0.0,,False
figure1_supp_lam1,figure1_supp,114,2,0.0,0.0,0.0,,False
figure1_supp_lam1,figure1_supp,114,3,0.7688,0.768837597604704,3.759760470400941e-05,,False
figure1_supp_lam1,figure1_supp,114,4,0.111,0.111042648043006,4.2648043005993896e-05,,False
figure1_supp_lam1,figure1_supp,114,5,0.0,0.0,0.0,,False
figure1_supp_lam1,figure1_supp,114,6,0.1201,0.12011975435229,1.9754352289999555e-05,,False
figure1_supp_lam1,figure1_supp,114,7,0.2619,0.261941077970194,4.1077970193981184e-05,,False
figure1_supp_lam1,figure1_supp,115,1,0.0,0.0,0.0,,False
figure1_supp_lam1,figure1_supp,115,2,0.0,0.0,0.0,,False
figure1_supp_lam1,figure1_supp,115,3,0.7703,0.770273388923929,2.6611076070937045e-05,,False
figure1_supp_lam1,figure1_supp,115,4,0.1104,0.110352942154541,4.7057845458997605e-05,,False
figure1_supp_lam1,figure1_supp,115,5,0.0,0.0,0.0,,False
figure1_supp_lam1,figure1_supp,115,6,0.1194,0.11937366892153,2.6331078470012703e-05,,False
figure1_supp_lam1,figure1_supp,115,7,0.2618,0.261768793655517,3.120634448300352e-05,,False
figure1_supp_lam1,figure1_supp,116,1,0.0,0.0,0.0,,False
figure1_supp_lam1,figure1_supp,116,2,0.0,0.0,0.0,,False
figure1_supp_lam1,figure1_supp,116,3,0.7717,0.771691454424398,8.545575602036948e-06,,False
figure1_supp_lam1,figure1_supp,116,4,0.1097,0.109671751153587,2.8248846413003736e-05,,False
figure1_supp_lam1,figure1_supp,116,5,0.0,0.0,0.0,,False
figure1_supp_lam1,figure1_supp,116,6,0.1186,0.118636794422015,3.679442201499905e-05,,False
figure1_supp_lam1,figure1_supp,116,7,0.2196,0.219609619234656,9.619234656005338e-06,,False
figure1_supp_lam1,figure1_supp,117,1,0.0,0.0,0.0,,False
figure1_supp_lam1,figure1_supp,117,2,0.0,0.0,0.0,,False
figure1_supp_lam1,figure1_supp,117,3,0.7731,0.773092120348175,7.879651825026812e-06,,False
figure1_supp_lam1,figure1_supp,117,4,0.109,0.108998918324424,1.0816755759979202e-06,,False
figure1_supp_lam1,figure1_supp,117,5,0.0,0.0,0.0,,False
figure1_supp_lam1,figure1_supp,117,6,0.1179,0.117908961327401,8.961327400996977e-06,,False
figure1_supp_lam1,figure1_supp,117,7,0.2354,0.23544407140588,4.407140588000291e-05,,False
figure1_supp_lam1,figure1_supp,118,1,0.0,0.0,0.0,,False
figure1_supp_lam1,figure1_supp,118,2,0.0,0.0,0.0,,False
figure1_supp_lam1,figure1_supp,118,3,0.7745,0.774475704980199,2.429501980094617e-05,,False
figure1_supp_lam1,figure1_supp,118,4,0.1083,0.108334290773665,3.429077366501332e-05,,False
figure1_supp_lam1,figure1_supp,118,5,0.0,0.0,0.0,,False
figure1_supp_lam1,figure1_supp,118,6,0.1172,0.117190004246137,9.995753862998558e-06,,False
figure1_supp_lam1,figure1_supp,118,7,0.2582,0.25816640602758,3.3593972419976303e-05,,False
figure1_supp_lam1,figure1_supp,119,1,0.0,0.0,0.0,,False
figure1_supp_lam1,figure1_supp,119,2,0.0,0.0,0.0,,False
figure1_supp_lam1,figure1_supp,119,3,0.7758,0.775842518889409,4.25188894089823e-05,,False
figure1_supp_lam1,figure1_supp,119,4,0.1077,0.10767771931443,2.2280685570003067e-05,,False
figure1_supp_lam1,figure1_supp,119,5,0.0,0.0,0.0,,False
figure1_supp_lam1,figure1_supp,119,6,0.1165,0.11647976179616,2.0238203840006186e-05,,False
figure1_supp_lam1,figure1_supp,119,7,0.205,0.204971406098798,2.8593901201995342e-05,,False
figure1_supp_lam1,figure1_supp,120,1,0.0,0.0,0.0,,False
figure1_supp_lam1,figure1_supp,120,2,0.0,0.0,0.0,,False
figure1_supp_lam1,figure1_supp,120,3,0.7772,0.77719286516116,7.134838839961688e-06,,False
figure1_supp_lam1,figure1_supp,120,4,0.107,0.107029058354705,2.9058354704999956e-05,,False
figure1_supp_lam1,figure1_supp,120,5,0.0,0.0,0.0,,False
figure1_supp_lam1,figure1_supp,120,6,0.1158,0.115778076484135,2.1923515864996634e-05,,False
figure1_supp_lam1,figure1_supp,120,7,0.2266,0.226636162120935,3.6162120934990494e-05,,False
figure1_supp_lam1,figure1_supp,121,1,0.0,0.0,0.0,,False
figure1_supp_lam1,figure1_supp,121,2,0.0,0.0,0.0,,False
figure1_supp_lam1,figure1_supp,121,3,0.7785,0.778527039621273,2.7039621273039494e-05,,False
figure1_supp_lam1,figure1_supp,121,4,0.1064,0.106388165789707,1.1834210292993586e-05,,False
figure1_supp_lam1,figure1_supp,121,5,0.0,0.0,0.0,,False
figure1_supp_lam1,figure1_supp,121,6,0.1151,0.11508479458902,1.5205410979990397e-05,,False
figure1_supp_lam1,figure1_supp,121,7,0.2635,0.263528124468301,2.8124468300971817e-05,,False
figure1_supp_lam1,figure1_supp,122,1,0.1454,0.145358166477752,4.183352224801373e-05,,False
figure1_supp_lam1,figure1_supp,122,2,0.8858,0.885839674474551,3.967447455099915e-05,,False
figure1_supp_lam1,figure1_supp,122,3,0.7739,0.773898402453697,1.5975463030226678e-06,,False
figure1_supp_lam1,figure1_supp,122,4,0.1064,0.106428976291298,2.8976291297999612e-05,,False
figure1_supp_lam1,figure1_supp,122,5,0.0,0.0,0.0,,False
figure1_supp_lam1,figure1_supp,122,6,0.1197,0.119672621255006,2.73787449940055e-05,,False
figure1_supp_lam1,figure1_supp,122,7,0.1534,0.153439484109534,3.948410953399928e-05,,False
figure1_supp_lam1,figure1_supp,123,1,0.2577,0.25768063063293,1.936936706997683e-05,,False
figure1_supp_lam1,figure1_supp,123,2,0.9989,0.998889775571293,1.0224428707017452e-05,,False
figure1_supp_lam1,figure1_supp,123,3,0.7693,0.769337856403313,3.785640331299689e-05,,False
figure1_supp_lam1,figure1_supp,123,4,0.1059,0.105918000536092,1.8000536092008246e-05,,False
figure1_supp_lam1,figure1_supp,123,5,0.0,0.0,0.0,,False
figure1_supp_lam1,figure1_supp,123,6,0.1247,0.124744143060595,4.414306059499773e-05,,False
figure1_supp_lam1,figure1_supp,123,7,0.2536,0.2535523219158,4.767808419997577e-05,,False
figure1_supp_lam1,figure1_supp,124,1,0.2611,0.261073626809413,2.6373190587014594e-05,,False
figure1_supp_lam1,figure1_supp,124,2,1.0,1.0,0.0,,False
figure1_supp_lam1,figure1_supp,124,3,0.7648,0.764806772584005,6.772584004943738e-06,,False
figure1_supp_lam1,figure1_supp,124,4,0.1053,0.105315530344559,1.553034455899216e-05,,False
figure1_supp_lam1,figure1_supp,124,5,0.0,0.0,0.0,,False
figure1_supp_lam1,figure1_supp,124,6,0.1299,0.129877697071436,2.230292856397753e-05,,False
figure1_supp_lam1,figure1_supp,124,7,0.2766,0.276578409389122,2.1590610878030603e-05,,False
figure1_supp_lam1,figure1_supp,125,1,0.2648,0.264813442032093,1.344203209302508e-05,,False
figure1_supp_lam1,figure1_supp,125,2,1.0,1.0,0.0,,False
figure1_supp_lam1,figure1_supp,125,3,0.7604,0.760362451935883,3.7548064116932345e-05,,False
figure1_supp_lam1,figure1_supp,125,4,0.1046,0.104606145923534,6.145923533998343e-06,,False
figure1_supp_lam1,figure1_supp,125,5,0.0,0.0,0.0,,False
figure1_supp_lam1,figure1_supp,125,6,0.135,0.135031402140583,3.140214058300339e-05,,False
figure1_supp_lam1,figure1_supp,125,7,0.3815,0.381509403097717,9.403097717020081e-06,,False
figure1_supp_lam1,figure1_supp,126,1,0.295,0.295029282064765,2.9282064764990512e-05,,False
figure1_supp_lam1,figure1_supp,126,2,1.0,1.0,0.0,,False
figure1_supp_lam1,figure1_supp,126,3,0.756,0.755961682268829,3.831773117102255e-05,,False
figure1_supp_lam1,figure1_supp,126,4,0.1039,0.103919201043339,1.9201043338995527e-05,,False
figure1_supp_lam1,figure1_supp,126,5,0.0,0.0,0.0,,False
figure1_supp_lam1,figure1_supp,126,6,0.1401,0.140119116687832,1.911668783199927e-05,,False
figure1_supp_lam1,figure1_supp,126,7,0.3668,0.366769580873717,3.041912628298782e-05,,False
figure1_supp_lam1,figure1_supp,127,1,0.3117,0.311733129635813,3.3129635813033964e-05,,False
figure1_supp_lam1,figure1_supp,127,2,0.0,0.0,0.0,,False
figure1_supp_lam1,figure1_supp,127,3,0.7516,0.751596042151091,3.957848909053041e-06,,False
figure1_supp_lam1,figure1_supp,127,4,0.1091,0.109087500559702,1.2499440298005537e-05,,False
figure1_supp_lam1,figure1_supp,127,5,0.0,0.0,0.0,,False
figure1_supp_lam1,figure1_supp,127,6,0.1393,0.139316457289207,1.645728920698919e-05,,False
figure1_supp_lam1,figure1_supp,127,7,0.3396,0.33957022088403,2.977911597001892e-05,,False
figure1_supp_lam1,figure1_supp,128,1,0.2767,0.276739484967804,3.948496780398214e-05,,False
figure1_supp_lam1,figure1_supp,128,2,0.0,0.0,0.0,,False
figure1_supp_lam1,figure1_supp,128,3,0.7473,0.747347207920267,4.720792026702281e-05,,False
figure1_supp_lam1,figure1_supp,128,4,0.1139,0.113940306787695,4.0306787694996404e-05,,False
figure1_supp_lam1,figure1_supp,128,5,0.0,0.0,0.0,,False
figure1_supp_lam1,figure1_supp,128,6,0.1387,0.138712485292038,1.2485292038011409e-05,,False
figure1_supp_lam1,figure1_supp,128,7,0.3325,0.332504607074341,4.607074340967632e-06,,False
figure1_supp_lam1,figure1_supp,129,1,0.231,0.230968653836706,3.134616329400486e-05,,False
figure1_supp_lam1,figure1_supp,129,2,1.0,1.0,0.0,,False
figure1_supp_lam1,figure1_supp,129,3,0.7431,0.743078143856174,2.1856143825993435e-05,,False
figure1_supp_lam1,figure1_supp,129,4,0.1133,0.113275297163396,2.470283660399586e-05,,False
figure1_supp_lam1,figure1_supp,129,5,0.0,0.0,0.0,,False
figure1_supp_lam1,figure1_supp,129,6,0.1436,0.14364655898043,4.6558980429989294e-05,,False
figure1_supp_lam1,figure1_supp,129,7,0.2793,0.279320867502474,2.0867502473986832e-05,,False
figure1_supp_lam1,figure1_supp,130,1,0.0,0.0,0.0,,False
figure1_supp_lam1,figure1_supp,130,2,0.0,0.0,0.0,,False
figure1_supp_lam1,figure1_supp,130,3,0.7445,0.744532039361467,3.203936146689568e-05,,False
figure1_supp_lam1,figure1_supp,130,4,0.1127,0.112654651495938,4.534850406200108e-05,,False
figure1_supp_lam1,figure1_supp,130,5,0.0,0.0,0.0,,False
figure1_supp_lam1,figure1_supp,130,6,0.1428,0.142813309142595,1.3309142594980505e-05,,False
figure1_supp_lam1,figure1_supp,130,7,0.2501,0.250135550594524,3.5550594524036416e-05,,False
figure1_supp_lam1,figure1_supp,131,1,0.2024,0.202363788068334,3.621193166600256e-05,,False
figure1_supp_lam1,figure1_supp,131,2,0.8395,0.839521298791348,2.1298791347934554e-05,,False
figure1_supp_lam1,figure1_supp,131,3,0.7403,0.740336942343858,3.694234385809292e-05,,False
figure1_supp_lam1,figure1_supp,131,4,0.1129,0.112913545182198,1.3545182197996497e-05,,False
figure1_supp_lam1,figure1_supp,131,5,0.0,0.0,0.0,,False
figure1_supp_lam1,figure1_supp,131,6,0.1467,0.146749512473944,4.9512473943996715e-05,,False
figure1_supp_lam1,figure1_supp,131,7,0.233,0.232965349811462,3.4650188538015714e-05,,False
figure1_supp_lam1,figure1_supp,132,1,0.0,0.0,0.0,,False
figure1_supp_lam1,figure1_supp,132,2,0.0,0.0,0.0,,False
figure1_supp_lam1,figure1_supp,132,3,0.7418,0.741775983170646,2.4016829354045477e-05,,False
figure1_supp_lam1,figure1_supp,132,4,0.1123,0.112286945224235,1.3054775764992366e-05,,False
figure1_supp_lam1,figure1_supp,132,5,0.0,0.0,0.0,,False
figure1_supp_lam1,figure1_supp,132,6,0.1459,0.14593707160512,3.707160512000929e-05,,False
figure1_supp_lam1,figure1_supp,132,7,0.2226,0.222644638315147,4.4638315147005336e-05,,False
figure1_supp_lam1,figure1_supp,133,1,0.0,0.0,0.0,,False
figure1_supp_lam1,figure1_supp,133,2,0.0,0.0,0.0,,False
figure1_supp_lam1,figure1_supp,133,3,0.7432,0.743218575443436,1.857544343597528e-05,,False
figure1_supp_lam1,figure1_supp,133,4,0.1117,0.111659643854267,4.035614573300039e-05,,False
figure1_supp_lam1,figure1_supp,133,5,0.0,0.0,0.0,,False
figure1_supp_lam1,figure1_supp,133,6,0.1451,0.145121780702298,2.1780702297996557e-05,,False
figure1_supp_lam1,figure1_supp,133,7,0.1595,0.159480654503061,1.93454969389939e-05,,False
figure1_supp_lam1,figure1_supp,134,1,0.0,0.0,0.0,,False
figure1_supp_lam1,figure1_supp,134,2,0.0,0.0,0.0,,False
figure1_supp_lam1,figure1_supp,134,3,0.7446,0.744645138913194,4.51389131939095e-05,,False
figure1_supp_lam1,figure1_supp,134,4,0.111,0.111039312499521,3.931249952099369e-05,,False
figure1_supp_lam1,figure1_supp,134,5,0.0,0.0,0.0,,False
figure1_supp_lam1,figure1_supp,134,6,0.1443,0.144315548587285,1.554858728497477e-05,,False
figure1_supp_lam1,figure1_supp,134,7,0.1881,0.188140041796249,4.004179624900184e-05,,False
figure1_supp_lam1,figure1_supp,135,1,0.0,0.0,0.0,,False
figure1_supp_lam1,figure1_supp,135,2,0.0,0.0,0.0,,False
figure1_supp_lam1,figure1_supp,135,3,0.7461,0.74605593925069,4.4060749309959846e-05,,False
figure1_supp_lam1,figure1_supp,135,4,0.1104,0.110425835634883,2.583563488299523e-05,,False
figure1_supp_lam1,figure1_supp,135,5,0.0,0.0,0.0,,False
figure1_supp_lam1,figure1_supp,135,6,0.1435,0.143518225114427,1.822511442700625e-05,,False
figure1_supp_lam1,figure1_supp,135,7,0.2128,0.212773494683029,2.6505316970987236e-05,,False
figure1_supp_lam1,figure1_supp,136,1,0.0,0.0,0.0,,False
figure1_supp_lam1,figure1_supp,136,2,0.0,0.0,0.0,,False
figure1_supp_lam1,figure1_supp,136,3,0.7475,0.747451236287774,4.876371222606313e-05,,False
figure1_supp_lam1,figure1_supp,136,4,0.1098,0.109819100274252,1.9100274252004112e-05,,False
figure1_supp_lam1,figure1_supp,136,5,0.0,0.0,0.0,,False
figure1_supp_lam1,figure1_supp,136,6,0.1427,0.142729663437974,2.9663437974003504e-05,,False
figure1_supp_lam1,figure1_supp,136,7,0.2283,0.228345503699692,4.5503699692001076e-05,,False
figure1_supp_lam1,figure1_supp,137,1,0.0,0.0,0.0,,False
figure1_supp_lam1,figure1_supp,137,2,0.0,0.0,0.0,,False
figure1_supp_lam1,figure1_supp,137,3,0.7488,0.748831284176912,3.128417691200536e-05,,False
figure1_supp_lam1,figure1_supp,137,4,0.1092,0.109218995901168,1.899590116799521e-05,,False
figure1_supp_lam1,figure1_supp,137,5,0.0,0.0,0.0,,False
figure1_supp_lam1,figure1_supp,137,6,0.1419,0.14194971992192,4.971992191998842e-05,,False
figure1_supp_lam1,figure1_supp,137,7,0.1608,0.160836413971891,3.6413971890997265e-05,,False
figure1_supp_lam1,figure1_supp,138,1,0.0,0.0,0.0,,False
figure1_supp_lam1,figure1_supp,138,2,0.0,0.0,0.0,,False
figure1_supp_lam1,figure1_supp,138,3,0.7502,0.750196331545516,3.668454483962691e-06,,False
figure1_supp_lam1,figure1_supp,138,4,0.1086,0.108625414401706,2.5414401706003176e-05,,False
figure1_supp_lam1,figure1_supp,138,5,0.0,0.0,0.0,,False
figure1_supp_lam1,figure1_supp,138,6,0.1412,0.141178254052779,2.1745947220985773e-05,,False
figure1_supp_lam1,figure1_supp,138,7,0.1196,0.119606075260707,6.075260707005814e-06,,False
figure1_supp_lam1,figure1_supp,139,1,0.0,0.0,0.0,,False
figure1_supp_lam1,figure1_supp,139,2,0.0,0.0,0.0,,False
figure1_supp_lam1,figure1_supp,139,3,0.7515,0.75154662164527,4.6621645270028544e-05,,False
figure1_supp_lam1,figure1_supp,139,4,0.108,0.108038249999534,3.824999953400132e-05,,False
figure1_supp_lam1,figure1_supp,139,5,0.0,0.0,0.0,,False
figure1_supp_lam1,figure1_supp,139,6,0.1404,0.140415128355196,1.5128355196014631e-05,,False
figure1_supp_lam1,figure1_supp,139,7,0.0687,0.0687321655480837,3.216554808370409e-05,,False
figure1_supp_lam1,figure1_supp,140,1,0.0,0.0,0.0,,False
figure1_supp_lam1,figure1_supp,140,2,0.0,0.0,0.0,,False
figure1_supp_lam1,figure1_supp,140,3,0.7529,0.752882392496639,1.7607503360994592e-05,,False
figure1_supp_lam1,figure1_supp,140,4,0.1075,0.107457399193085,4.26008069149969e-05,,False
figure1_supp_lam1,figure1_supp,140,5,0.0,0.0,0.0,,False
figure1_supp_lam1,figure1_supp,140,6,0.1397,0.139660208310276,3.9791689723983614e-05,,False
figure1_supp_lam1,figure1_supp,140,7,0.0599,0.059885601782977,1.4398217023002535e-05,,False
figure1_supp_lam1,figure1_supp,141,1,0.0,0.0,0.0,,False
figure1_supp_lam1,figure1_supp,141,2,0.0,0.0,0.0,,False
figure1_supp_lam1,figure1_supp,141,3,0.7542,0.754203877028743,3.87702874304896e-06,,False
figure1_supp_lam1,figure1_supp,141,4,0.1069,0.106882760694726,1.723930527398887e-05,,False
figure1_supp_lam1,figure1_supp,141,5,0.0,0.0,0.0,,False
figure1_supp_lam1,figure1_supp,141,6,0.1389,0.138913362276531,1.3362276531009298e-05,,False
figure1_supp_lam1,figure1_supp,141,7,0.0566,0.0566368402458618,3.684024586179946e-05,,False
figure1_supp_lam1,figure1_supp,142,1,0.0,0.0,0.0,,False
figure1_supp_lam1,figure1_supp,142,2,0.0,0.0,0.0,,False
figure1_supp_lam1,figure1_supp,142,3,0.7555,0.75551130321476,1.1303214760061131e-05,,False
figure1_supp_lam1,figure1_supp,142,4,0.1063,0.106314235371882,1.4235371881998748e-05,,False
figure1_supp_lam1,figure1_supp,142,5,0.0,0.0,0.0,,False
figure1_supp_lam1,figure1_supp,142,6,0.1382,0.138174461413358,2.5538586641976613e-05,,False
figure1_supp_lam1,figure1_supp,142,7,0.0584,0.0584352521105042,3.5252110504202516e-05,,False
figure1_supp_lam1,figure1_supp,143,1,0.0,0.0,0.0,,False
figure1_supp_lam1,figure1_supp,143,2,0.0,0.0,0.0,,False
figure1_supp_lam1,figure1_supp,143,3,0.7568,0.756804894203042,4.894203041949652e-06,,False
figure1_supp_lam1,figure1_supp,143,4,0.1058,0.10575172619002,4.827380998000119e-05,,False
figure1_supp_lam1,figure1_supp,143,5,0.0,0.0,0.0,,False
figure1_supp_lam1,figure1_supp,143,6,0.1374,0.137443379606938,4.337960693800991e-05,,False
figure1_supp_lam1,figure1_supp,143,7,0.0413,0.0412531794574092,4.682054259080165e-05,,False
figure1_supp_lam1,figure1_supp,144,1,0.0,0.0,0.0,,False
figure1_supp_lam1,figure1_supp,144,2,0.0,0.0,0.0,,False
figure1_supp_lam1,figure1_supp,144,3,0.7581,0.758084868444078,1.5131555922032192e-05,,False
figure1_supp_lam1,figure1_supp,144,4,0.1052,0.105195138157441,4.861842559003571e-06,,False
figure1_supp_lam1,figure1_supp,144,5,0.0,0.0,0.0,,False
figure1_supp_lam1,figure1_supp,144,6,0.1367,0.136719993398481,1.9993398481021885e-05,,False
figure1_supp_lam1,figure1_supp,144,7,0.0424,0.0424246722628632,2.4672262863199845e-05,,False
figure1_supp_lam1,figure1_supp,145,1,0.0,0.0,0.0,,False
figure1_supp_lam1,figure1_supp,145,2,0.0,0.0,0.0,,False
figure1_supp_lam1,figure1_supp,145,3,0.7594,0.759351439813481,4.856018651899774e-05,,False
figure1_supp_lam1,figure1_supp,145,4,0.1046,0.1046443782718,4.437827179999687e-05,,False
figure1_supp_lam1,figure1_supp,145,5,0.0,0.0,0.0,,False
figure1_supp_lam1,figure1_supp,145,6,0.136,0.136004181914719,4.18191471898699e-06,,False
figure1_supp_lam1,figure1_supp,145,7,0.0102,0.0101624091941959,3.759080580410107e-05,,False
figure1_supp_lam1,figure1_supp,146,1,0.0,0.0,0.0,,False
figure1_supp_lam1,figure1_supp,146,2,0.0,0.0,0.0,,False
figure1_supp_lam1,figure1_supp,146,3,0.7606,0.760604817731119,4.817731118933466e-06,,False
figure1_supp_lam1,figure1_supp,146,4,0.1041,0.104099355468301,6.445316989983629e-07,,False
figure1_supp_lam1,figure1_supp,146,5,0.0,0.0,0.0,,False
figure1_supp_lam1,figure1_supp,146,6,0.1353,0.13529582680058,4.173199420004492e-06,,False
figure1_supp_lam1,figure1_supp,146,7,0.0104,0.0103763031602922,2.3696839707799955e-05,,False
figure1_supp_lam1,figure1_supp,147,1,0.0,0.0,0.0,,False
figure1_supp_lam1,figure1_supp,147,2,0.0,0.0,0.0,,False
figure1_supp_lam1,figure1_supp,147,3,0.7618,0.761845207276554,4.520727655399348e-05,,False
figure1_supp_lam1,figure1_supp,147,4,0.1036,0.103559980569502,4.001943049800061e-05,,False
figure1_supp_lam1,figure1_supp,147,5,0.0,0.0,0.0,,False
figure1_supp_lam1,figure1_supp,147,6,0.1346,0.134594812153945,5.187846054993672e-06,,False
figure1_supp_lam1,figure1_supp,147,7,0.0133,0.0132685230896612,3.14769103387999e-05,,False
figure1_supp_lam1,figure1_supp,148,1,0.0,0.0,0.0,,False
figure1_supp_lam1,figure1_supp,148,2,0.0,0.0,0.0,,False
figure1_supp_lam1,figure1_supp,148,3,0.7631,0.763072809300901,2.7190699098955662e-05,,False
figure1_supp_lam1,figure1_supp,148,4,0.103,0.103026166236669,2.6166236669011855e-05,,False
figure1_supp_lam1,figure1_supp,148,5,0.0,0.0,0.0,,False
figure1_supp_lam1,figure1_supp,148,6,0.1339,0.133901024462429,1.024462429000117e-06,,False
figure1_supp_lam1,figure1_supp,148,7,0.0499,0.0499431132717319,4.311327173189827e-05,,False
figure1_supp_lam1,figure1_supp,149,1,0.0,0.0,0.0,,False
figure1_supp_lam1,figure1_supp,149,2,0.0,0.0,0.0,,False
figure1_supp_lam1,figure1_supp,149,3,0.7643,0.764287820535256,1.2179464743966584e-05,,False
figure1_supp_lam1,figure1_supp,149,4,0.1025,0.102497826922635,2.1730773649975e-06,,False
figure1_supp_lam1,figure1_supp,149,5,0.0,0.0,0.0,,False
figure1_supp_lam1,figure1_supp,149,6,0.1332,0.133214352542109,1.435254210899184e-05,,False
figure1_supp_lam1,figure1_supp,149,7,0.0488,0.0488218424817571,2.1842481757093635e-05,,False
figure1_supp_lam1,figure1_supp,150,1,0.0,0.0,0.0,,False
figure1_supp_lam1,figure1_supp,150,2,0.0,0.0,0.0,,False
figure1_supp_lam1,figure1_supp,150,3,0.7655,0.76549043369579,9.566304210006926e-06,,False
figure1_supp_lam1,figure1_supp,150,4,0.102,0.101974878826091,2.5121173908987382e-05,,False
figure1_supp_lam1,figure1_supp,150,5,0.0,0.0,0.0,,False
figure1_supp_lam1,figure1_supp,150,6,0.1325,0.132534687478119,3.468747811899431e-05,,False
figure1_supp_lam1,figure1_supp,150,7,0.0549,0.0548773251427883,2.2674857211697763e-05,,False
figure1_supp_lam1,figure1_supp,151,1,0.0,0.0,0.0,,False
figure1_supp_lam1,figure1_supp,151,2,0.0,0.0,0.0,,False
figure1_supp_lam1,figure1_supp,151,3,0.7667,0.766680837585659,1.916241434107846e-05,,False
figure1_supp_lam1,figure1_supp,151,4,0.1015,0.101457239847278,4.276015272200451e-05,,False
figure1_supp_lam1,figure1_supp,151,5,0.0,0.0,0.0,,False
figure1_supp_lam1,figure1_supp,151,6,0.1319,0.131861922567062,3.807743293798849e-05,,False
figure1_supp_lam1,figure1_supp,151,7,0.0548,0.0548079953666055,7.995366605499654e-06,,False
figure1_supp_lam1,figure1_supp,152,1,0.0,0.0,0.0,,False
figure1_supp_lam1,figure1_supp,152,2,0.0,0.0,0.0,,False
figure1_supp_lam1,figure1_supp,152,3,0.7679,0.767859217193813,4.078280618702301e-05,,False
figure1_supp_lam1,figure1_supp,152,4,0.1009,0.100944829545019,4.4829545018998385e-05,,False
figure1_supp_lam1,figure1_supp,152,5,0.0,0.0,0.0,,False
figure1_supp_lam1,figure1_supp,152,6,0.1312,0.131195953261168,4.046738832003127e-06,,False
figure1_supp_lam1,figure1_supp,152,7,0.0578,0.0577910207884519,8.97921154809772e-06,,False
figure1_supp_lam1,figure1_supp,153,1,0.0,0.0,0.0,,False
figure1_supp_lam1,figure1_supp,153,2,0.0,0.0,0.0,,False
figure1_supp_lam1,figure1_supp,153,3,0.769,0.769025753790829,2.575379082903062e-05,,False
figure1_supp_lam1,figure1_supp,153,4,0.1004,0.100437569095044,3.756909504400163e-05,,False
figure1_supp_lam1,figure1_supp,153,5,0.0,0.0,0.0,,False
figure1_supp_lam1,figure1_supp,153,6,0.1305,0.130536677114127,3.667711412699837e-05,,False
figure1_supp_lam1,figure1_supp,153,7,0.0767,0.0766760616228244,2.3938377175597436e-05,,False
figure1_supp_lam1,figure1_supp,154,1,0.0,0.0,0.0,,False
figure1_supp_lam1,figure1_supp,154,2,0.0,0.0,0.0,,False
figure1_supp_lam1,figure1_supp,154,3,0.7702,0.770180625021874,1.9374978125985542e-05,,False
figure1_supp_lam1,figure1_supp,154,4,0.0999,0.0999353812495691,3.538124956910249e-05,,False
figure1_supp_lam1,figure1_supp,154,5,0.0,0.0,0.0,,False
figure1_supp_lam1,figure1_supp,154,6,0.1299,0.129883993728557,1.6006271442992048e-05,,False
figure1_supp_lam1,figure1_supp,154,7,0.078,0.0779859724480062,1.4027551993797682e-05,,False
figure1_supp_lam1,figure1_supp,155,1,0.0,0.0,0.0,,False
figure1_supp_lam1,figure1_supp,155,2,0.0,0.0,0.0,,False
figure1_supp_lam1,figure1_supp,155,3,0.7713,0.77132400499689,2.4004996890036878e-05,,False
figure1_supp_lam1,figure1_supp,155,4,0.0994,0.0994381902980787,3.819029807869412e-05,,False
figure1_supp_lam1,figure1_supp,155,5,0.0,0.0,0.0,,False
figure1_supp_lam1,figure1_supp,155,6,0.1292,0.129237804705031,3.7804705030980434e-05,,False
figure1_supp_lam1,figure1_supp,155,7,0.0737,0.0737078131710534,7.813171053402956e-06,,False
figure1_supp_lam1,figure1_supp,156,1,0.0,0.0,0.0,,False
figure1_supp_lam1,figure1_supp,156,2,0.0,0.0,0.0,,False
figure1_supp_lam1,figure1_supp,156,3,0.7725,0.772456064378093,4.3935621906965316e-05,,False
figure1_supp_lam1,figure1_supp,156,4,0.0989,0.0989459220292763,4.592202927629352e-05,,False
figure1_supp_lam1,figure1_supp,156,5,0.0,0.0,0.0,,False
figure1_supp_lam1,figure1_supp,156,6,0.1286,0.12859801359263,1.9864073699804585e-06,,False
figure1_supp_lam1,figure1_supp,156,7,0.075,0.0750330134220112,3.3013422011202165e-05,,False
figure1_supp_lam1,figure1_supp,157,1,0.0,0.0,0.0,,False
figure1_supp_lam1,figure1_supp,157,2,0.0,0.0,0.0,,False
figure1_supp_lam1,figure1_supp,157,3,0.7736,0.773576970464901,2.3029535098917364e-05,,False
figure1_supp_lam1,figure1_supp,157,4,0.0985,0.0984585036941568,4.1496305843199965e-05,,False
figure1_supp_lam1,figure1_supp,157,5,0.0,0.0,0.0,,False
figure1_supp_lam1,figure1_supp,157,6,0.128,0.127964525840942,3.547415905799656e-05,,False
figure1_supp_lam1,figure1_supp,157,7,0.0795,0.0795089970569468,8.997056946805082e-06,,False
figure1_supp_lam1,figure1_supp,158,1,0.0,0.0,0.0,,False
figure1_supp_lam1,figure1_supp,158,2,0.0,0.0,0.0,,False
figure1_supp_lam1,figure1_supp,158,3,0.7747,0.774686887276348,1.3112723652008995e-05,,False
figure1_supp_lam1,figure1_supp,158,4,0.098,0.0979758639701657,2.4136029834309625e-05,,False
figure1_supp_lam1,figure1_supp,158,5,0.0,0.0,0.0,,False
figure1_supp_lam1,figure1_supp,158,6,0.1273,0.127337248753487,3.724875348701251e-05,,False
figure1_supp_lam1,figure1_supp,158,7,0.0776,0.0776341091547291,3.410915472909504e-05,,False
figure1_supp_lam1,figure1_supp,159,1,0.0,0.0,0.0,,False
figure1_supp_lam1,figure1_supp,159,2,0.0,0.0,0.0,,False
figure1_supp_lam1,figure1_supp,159,3,0.7758,0.775785975631097,1.4024368903076123e-05,,False
figure1_supp_lam1,figure1_supp,159,4,0.0975,0.0974979329264088,2.067073591197066e-06,,False
figure1_supp_lam1,figure1_supp,159,5,0.0,0.0,0.0,,False
figure1_supp_lam1,figure1_supp,159,6,0.1267,0.126716091442494,1.6091442493981756e-05,,False
figure1_supp_lam1,figure1_supp,159,7,0.0738,0.0737859253259613,1.4074674038702661e-05,,False
figure1_supp_lam1,figure1_supp,160,1,0.1819,0.181949499474654,4.949947465399118e-05,,False
figure1_supp_lam1,figure1_supp,160,2,0.9979,0.997890795064665,9.204935334961029e-06,,False
figure1_supp_lam1,figure1_supp,160,3,0.772,0.772030263151991,3.02631519909502e-05,,False
figure1_supp_lam1,figure1_supp,160,4,0.097,0.0970246419898729,2.4641989872897785e-05,,False
figure1_supp_lam1,figure1_supp,160,5,0.0,0.0,0.0,,False
figure1_supp_lam1,figure1_supp,160,6,0.1309,0.130945094858136,4.5094858136002225e-05,,False
figure1_supp_lam1,figure1_supp,160,7,0.0999,0.0999425459704964,4.2545970496396524e-05,,False
figure1_supp_lam1,figure1_supp,161,1,0.2386,0.238596209241991,3.7907580090201787e-06,,False
figure1_supp_lam1,figure1_supp,161,2,1.0,1.0,0.0,,False
figure1_supp_lam1,figure1_supp,161,3,0.7683,0.768270145010851,2.985498914898077e-05,,False
figure1_supp_lam1,figure1_supp,161,4,0.0966,0.0965662345112449,3.376548875511087e-05,,False
figure1_supp_lam1,figure1_supp,161,5,0.0,0.0,0.0,,False
figure1_supp_lam1,figure1_supp,161,6,0.1352,0.135163620477904,3.637952209598061e-05,,False
figure1_supp_lam1,figure1_supp,161,7,0.1575,0.15752389419623,2.3894196230000997e-05,,False
figure1_supp_lam1,figure1_supp,162,1,0.2745,0.274514891686219,1.4891686218987399e-05,,False
figure1_supp_lam1,figure1_supp,162,2,1.0,1.0,0.0,,False
figure1_supp_lam1,figure1_supp,162,3,0.7646,0.764579024023158,2.097597684191932e-05,,False
figure1_supp_lam1,figure1_supp,162,4,0.0961,0.0961011441571058,1.144157105795185e-06,,False
figure1_supp_lam1,figure1_supp,162,5,0.0,0.0,0.0,,False
figure1_supp_lam1,figure1_supp,162,6,0.1393,0.139319831819736,1.9831819735999234e-05,,False
figure1_supp_lam1,figure1_supp,162,7,0.24,0.239982167283179,1.783271682098686e-05,,False
figure1_supp_lam1,figure1_supp,163,1,0.3066,0.306599200917933,7.990820669601106e-07,,False
figure1_supp_lam1,figure1_supp,163,2,0.1569,0.156933677401252,3.367740125198582e-05,,False
figure1_supp_lam1,figure1_supp,163,3,0.7609,0.760922264403999,2.2264403998994986e-05,,False
figure1_supp_lam1,figure1_supp,163,4,0.0997,0.0996746180405454,2.5381959454590097e-05,,False
figure1_supp_lam1,figure1_supp,163,5,0.0,0.0,0.0,,False
figure1_supp_lam1,figure1_supp,163,6,0.1394,0.139403117555455,3.117555455012244e-06,,False
figure1_supp_lam1,figure1_supp,163,7,0.2804,0.280356401448822,4.359855117797018e-05,,False
figure1_supp_lam1,figure1_supp,164,1,0.0,0.0,0.0,,False
figure1_supp_lam1,figure1_supp,164,2,0.0,0.0,0.0,,False
figure1_supp_lam1,figure1_supp,164,3,0.7621,0.762061446883071,3.855311692901875e-05,,False
figure1_supp_lam1,figure1_supp,164,4,0.0992,0.0991959035187125,4.096481287491072e-06,,False
figure1_supp_lam1,figure1_supp,164,5,0.0,0.0,0.0,,False
figure1_supp_lam1,figure1_supp,164,6,0.1387,0.138742649598216,4.264959821601022e-05,,False
figure1_supp_lam1,figure1_supp,164,7,0.2858,0.285828855763038,2.8855763038015958e-05,,False
figure1_supp_lam1,figure1_supp,165,1,0.0,0.0,0.0,,False
figure1_supp_lam1,figure1_supp,165,2,0.0,0.0,0.0,,False
figure1_supp_lam1,figure1_supp,165,3,0.7632,0.763189117750924,1.0882249075971906e-05,,False
figure1_supp_lam1,figure1_supp,165,4,0.0987,0.098725780753221,2.5780753221002484e-05,,False
figure1_supp_lam1,figure1_supp,165,5,0.0,0.0,0.0,,False
figure1_supp_lam1,figure1_supp,165,6,0.1381,0.138085101495855,1.4898504144988944e-05,,False
figure1_supp_lam1,figure1_supp,165,7,0.252,0.252016135786168,1.6135786167992272e-05,,False
figure1_supp_lam1,figure1_supp,166,1,0.0,0.0,0.0,,False
figure1_supp_lam1,figure1_supp,166,2,0.0,0.0,0.0,,False
figure1_supp_lam1,figure1_supp,166,3,0.7643,0.764306150214363,6.150214363009887e-06,,False
figure1_supp_lam1,figure1_supp,166,4,0.0983,0.0982600931081586,3.990689184139862e-05,,False
figure1_supp_lam1,figure1_supp,166,5,0.0,0.0,0.0,,False
figure1_supp_lam1,figure1_supp,166,6,0.1374,0.137433756677478,3.375667747801403e-05,,False
figure1_supp_lam1,figure1_supp,166,7,0.2673,0.267314833146216,1.4833146216031157e-05,,False
figure1_supp_lam1,figure1_supp,167,1,0.0,0.0,0.0,,False
figure1_supp_lam1,figure1_supp,167,2,0.0,0.0,0.0,,False
figure1_supp_lam1,figure1_supp,167,3,0.7654,0.76541269411007,1.269411006998844e-05,,False
figure1_supp_lam1,figure1_supp,167,4,0.0978,0.0977987781170405,1.2218829594928815e-06,,False
figure1_supp_lam1,figure1_supp,167,5,0.0,0.0,0.0,,False
figure1_supp_lam1,figure1_supp,167,6,0.1368,0.136788527772889,1.1472227111009037e-05,,False
figure1_supp_lam1,figure1_supp,167,7,0.2697,0.269709821710207,9.82171020702527e-06,,False
figure1_supp_lam1,figure1_supp,168,1,0.0,0.0,0.0,,False
figure1_supp_lam1,figure1_supp,168,2,0.0,0.0,0.0,,False
figure1_supp_lam1,figure1_supp,168,3,0.7665,0.766508896474042,8.896474042008329e-06,,False
figure1_supp_lam1,figure1_supp,168,4,0.0973,0.0973417744809796,4.1774480979597794e-05,,False
figure1_supp_lam1,figure1_supp,168,5,0.0,0.0,0.0,,False
figure1_supp_lam1,figure1_supp,168,6,0.1361,0.136149329044979,4.9329044979007364e-05,,False
figure1_supp_lam1,figure1_supp,168,7,0.2826,0.282575937796944,2.4062203056007814e-05,,False
figure1_supp_lam1,figure1_supp,169,1,0.0,0.0,0.0,,False
figure1_supp_lam1,figure1_supp,169,2,0.0,0.0,0.0,,False
figure1_supp_lam1,figure1_supp,169,3,0.7676,0.767594901606721,5.098393279001634e-06,,False
figure1_supp_lam1,figure1_supp,169,4,0.0969,0.0968890220415331,1.0977958466898419e-05,,False
figure1_supp_lam1,figure1_supp,169,5,0.0,0.0,0.0,,False
figure1_supp_lam1,figure1_supp,169,6,0.1355,0.135516076351746,1.6076351745997197e-05,,False
figure1_supp_lam1,figure1_supp,169,7,0.2776,0.277551378802435,4.862119756499084e-05,,False
figure1_supp_lam1,figure1_supp,170,1,0.0,0.0,0.0,,False
figure1_supp_lam1,figure1_supp,170,2,0.0,0.0,0.0,,False
figure1_supp_lam1,figure1_supp,170,3,0.7687,0.768670851136319,2.9148863680994452e-05,,False
figure1_supp_lam1,figure1_supp,170,4,0.0964,0.0964404617543038,4.04617543038055e-05,,False
figure1_supp_lam1,figure1_supp,170,5,0.0,0.0,0.0,,False
figure1_supp_lam1,figure1_supp,170,6,0.1349,0.134888687109377,1.1312890623005334e-05,,False
figure1_supp_lam1,figure1_supp,170,7,0.2676,0.267571322354649,2.8677645351027348e-05,,False
figure1_supp_lam1,figure1_supp,171,1,0.0,0.0,0.0,,False
figure1_supp_lam1,figure1_supp,171,2,0.0,0.0,0.0,,False
figure1_supp_lam1,figure1_supp,171,3,0.7697,0.769736884080391,3.688408039093094e-05,,False
figure1_supp_lam1,figure1_supp,171,4,0.096,0.0959960356632702,3.964336729805895e-06,,False
figure1_supp_lam1,figure1_supp,171,5,0.0,0.0,0.0,,False
figure1_supp_lam1,figure1_supp,171,6,0.1343,0.134267080256338,3.291974366201322e-05,,False
figure1_supp_lam1,figure1_supp,171,7,0.2465,0.24653987224001,3.987224001000822e-05,,False
figure1_supp_lam1,figure1_supp,172,1,0.0,0.0,0.0,,False
figure1_supp_lam1,figure1_supp,172,2,0.0,0.0,0.0,,False
figure1_supp_lam1,figure1_supp,172,3,0.7708,0.770793136905711,6.8630942889891244e-06,,False
figure1_supp_lam1,figure1_supp,172,4,0.0956,0.095555686875824,4.431312417600697e-05,,False
figure1_supp_lam1,figure1_supp,172,5,0.0,0.0,0.0,,False
figure1_supp_lam1,figure1_supp,172,6,0.1337,0.133651176218465,4.882378153500677e-05,,False
figure1_supp_lam1,figure1_supp,172,7,0.2857,0.285726279212524,2.6279212524016327e-05,,False
figure1_supp_lam1,figure1_supp,173,1,0.0,0.0,0.0,,False
figure1_supp_lam1,figure1_supp,173,2,0.0,0.0,0.0,,False
figure1_supp_lam1,figure1_supp,173,3,0.7718,0.771839743586507,3.97435865069351e-05,,False
figure1_supp_lam1,figure1_supp,173,4,0.0951,0.0951193595384915,1.9359538491497963e-05,,False
figure1_supp_lam1,figure1_supp,173,5,0.0,0.0,0.0,,False
figure1_supp_lam1,figure1_supp,173,6,0.133,0.133040896875002,4.089687500200001e-05,,False
figure1_supp_lam1,figure1_supp,173,7,0.2977,0.297652338503112,4.766149688800736e-05,,False
figure1_supp_lam1,figure1_supp,174,1,0.0,0.0,0.0,,False
figure1_supp_lam1,figure1_supp,174,2,0.0,0.0,0.0,,False
figure1_supp_lam1,figure1_supp,174,3,0.7729,0.772876835661113,2.3164338887049496e-05,,False
figure1_supp_lam1,figure1_supp,174,4,0.0947,0.0946869988133165,1.3001186683500587e-05,,False
figure1_supp_lam1,figure1_supp,174,5,0.0,0.0,0.0,,False
figure1_supp_lam1,figure1_supp,174,6,0.1324,0.13243616552557,3.616552557000885e-05,,False
figure1_supp_lam1,figure1_supp,174,7,0.2232,0.22320678529361,6.785293609978815e-06,,False
figure1_supp_lam1,figure1_supp,175,1,0.0,0.0,0.0,,False
figure1_supp_lam1,figure1_supp,175,2,0.0,0.0,0.0,,False
figure1_supp_lam1,figure1_supp,175,3,0.7739,0.773904542287081,4.54228708102189e-06,,False
figure1_supp_lam1,figure1_supp,175,4,0.0943,0.0942585508548852,4.144914511479414e-05,,False
figure1_supp_lam1,figure1_supp,175,5,0.0,0.0,0.0,,False
figure1_supp_lam1,figure1_supp,175,6,0.1318,0.131836906858034,3.690685803400817e-05,,False
figure1_supp_lam1,figure1_supp,175,7,0.1306,0.130596564664966,3.4353350339966227e-06,,False
figure1_supp_lam1,figure1_supp,176,1,0.0,0.0,0.0,,False
figure1_supp_lam1,figure1_supp,176,2,0.0,0.0,0.0,,False
figure1_supp_lam1,figure1_supp,176,3,0.7749,0.774922990294797,2.299029479702064e-05,,False
figure1_supp_lam1,figure1_supp,176,4,0.0938,0.0938339627879713,3.396278797131169e-05,,False
figure1_supp_lam1,figure1_supp,176,5,0.0,0.0,0.0,,False
figure1_supp_lam1,figure1_supp,176,6,0.1312,0.131243046917232,4.3046917231975845e-05,,False
figure1_supp_lam1,figure1_supp,176,7,0.1258,0.125829999740819,2.999974081899226e-05,,False
figure1_supp_lam1,figure1_supp,177,1,0.0,0.0,0.0,,False
figure1_supp_lam1,figure1_supp,177,2,0.0,0.0,0.0,,False
figure1_supp_lam1,figure1_supp,177,3,0.7759,0.775932304239663,3.230423966293916e-05,,False
figure1_supp_lam1,figure1_supp,177,4,0.0934,0.0934131826857831,1.3182685783097448e-05,,False
figure1_supp_lam1,figure1_supp,177,5,0.0,0.0,0.0,,False
figure1_supp_lam1,figure1_supp,177,6,0.1307,0.130654513074553,4.548692544700805e-05,,False
figure1_supp_lam1,figure1_supp,177,7,0.1503,0.150259763916551,4.023608344899676e-05,,False
figure1_supp_lam1,figure1_supp,178,1,0.0,0.0,0.0,,False
figure1_supp_lam1,figure1_supp,178,2,0.0,0.0,0.0,,False
figure1_supp_lam1,figure1_supp,178,3,0.7769,0.776932606452879,3.2606452878947145e-05,,False
figure1_supp_lam1,figure1_supp,178,4,0.093,0.092996159548793,3.840451206993389e-06,,False
figure1_supp_lam1,figure1_supp,178,5,0.0,0.0,0.0,,False
figure1_supp_lam1,figure1_supp,178,6,0.1301,0.130071233998328,2.876600167198151e-05,,False
figure1_supp_lam1,figure1_supp,178,7,0.1714,0.171366062595778,3.3937404222000866e-05,,False
figure1_supp_lam1,figure1_supp,179,1,0.0,0.0,0.0,,False
figure1_supp_lam1,figure1_supp,179,2,0.0,0.0,0.0,,False
figure1_supp_lam1,figure1_supp,179,3,0.7779,0.777924017090866,2.4017090865968704e-05,,False
figure1_supp_lam1,figure1_supp,179,4,0.0926,0.0925828432841317,1.7156715868299477e-05,,False
figure1_supp_lam1,figure1_supp,179,5,0.0,0.0,0.0,,False
figure1_supp_lam1,figure1_supp,179,6,0.1295,0.129493139625002,6.860374998002294e-06,,False
figure1_supp_lam1,figure1_supp,179,7,0.1775,0.177525245849632,2.524584963201071e-05,,False
figure1_supp_lam1,figure1_supp,180,1,0.0,0.0,0.0,,False
figure1_supp_lam1,figure1_supp,180,2,0.0,0.0,0.0,,False
figure1_supp_lam1,figure1_supp,180,3,0.7789,0.778906654183385,6.654183384968704e-06,,False
figure1_supp_lam1,figure1_supp,180,4,0.0922,0.0921731846855293,2.681531447069896e-05,,False
figure1_supp_lam1,figure1_supp,180,5,0.0,0.0,0.0,,False
figure1_supp_lam1,figure1_supp,180,6,0.1289,0.128920161131086,2.016113108602169e-05,,False
figure1_supp_lam1,figure1_supp,180,7,0.1683,0.168264798647942,3.520135205800634e-05,,False
figure1_supp_lam1,figure1_supp,181,1,0.0,0.0,0.0,,False
figure1_supp_lam1,figure1_supp,181,2,0.0,0.0,0.0,,False
figure1_supp_lam1,figure1_supp,181,3,0.7799,0.779880633680374,1.9366319626068496e-05,,False
figure1_supp_lam1,figure1_supp,181,4,0.0918,0.0917671354137869,3.286458621311328e-05,,False
figure1_supp_lam1,figure1_supp,181,5,0.0,0.0,0.0,,False
figure1_supp_lam1,figure1_supp,181,6,0.1284,0.128352230905839,4.7769094160987624e-05,,False
figure1_supp_lam1,figure1_supp,181,7,0.1888,0.188832523364306,3.252336430600855e-05,,False
figure1_supp_lam1,figure1_supp,182,1,0.0,0.0,0.0,,False
figure1_supp_lam1,figure1_supp,182,2,0.0,0.0,0.0,,False
figure1_supp_lam1,figure1_supp,182,3,0.7808,0.780846069497566,4.606949756591483e-05,,False
figure1_supp_lam1,figure1_supp,182,4,0.0914,0.0913646479777615,3.535202223849121e-05,,False
figure1_supp_lam1,figure1_supp,182,5,0.0,0.0,0.0,,False
figure1_supp_lam1,figure1_supp,182,6,0.1278,0.127789282524673,1.0717475326993409e-05,,False
figure1_supp_lam1,figure1_supp,182,7,0.2492,0.249245449071257,4.544907125700326e-05,,False
figure1_supp_lam1,figure1_supp,183,1,0.0,0.0,0.0,,False
figure1_supp_lam1,figure1_supp,183,2,0.0,0.0,0.0,,False
figure1_supp_lam1,figure1_supp,183,3,0.7818,0.781803073560895,3.07356089490618e-06,,False
figure1_supp_lam1,figure1_supp,183,4,0.091,0.0909656757158499,3.4324284150094586e-05,,False
figure1_supp_lam1,figure1_supp,183,5,0.0,0.0,0.0,,False
figure1_supp_lam1,figure1_supp,183,6,0.1272,0.127231250723255,3.125072325499412e-05,,False
figure1_supp_lam1,figure1_supp,183,7,0.019,0.0189975369406916,2.463059308399629e-06,,False
figure1_supp_lam1,figure1_supp,184,1,0.0,0.0,0.0,,False
figure1_supp_lam1,figure1_supp,184,2,0.0,0.0,0.0,,False
figure1_supp_lam1,figure1_supp,184,3,0.7828,0.782751755849761,4.8244150239074024e-05,,False
figure1_supp_lam1,figure1_supp,184,4,0.0906,0.0905701727779549,2.9827222045100688e-05,,False
figure1_supp_lam1,figure1_supp,184,5,0.0,0.0,0.0,,False
figure1_supp_lam1,figure1_supp,184,6,0.1267,0.126678071372284,2.1928627715994686e-05,,False
figure1_supp_lam1,figure1_supp,184,7,0.0869,0.0868674994721342,3.250052786581137e-05,,False
figure1_supp_lam1,figure1_supp,185,1,0.0,0.0,0.0,,False
figure1_supp_lam1,figure1_supp,185,2,0.0,0.0,0.0,,False
figure1_supp_lam1,figure1_supp,185,3,0.7837,0.783692224439156,7.77556084397002e-06,,False
figure1_supp_lam1,figure1_supp,185,4,0.0902,0.0901780941079205,2.1905892079496225e-05,,False
figure1_supp_lam1,figure1_supp,185,5,0.0,0.0,0.0,,False
figure1_supp_lam1,figure1_supp,185,6,0.1261,0.126129681452924,2.968145292400748e-05,,False
figure1_supp_lam1,figure1_supp,185,7,0.1087,0.108732848378938,3.284837893799408e-05,,False
figure1_supp_lam1,figure1_supp,186,1,0.0,0.0,0.0,,False
figure1_supp_lam1,figure1_supp,186,2,0.0,0.0,0.0,,False
figure1_supp_lam1,figure1_supp,186,3,0.7846,0.784624585540711,2.45855407110529e-05,,False
figure1_supp_lam1,figure1_supp,186,4,0.0898,0.0897893954264209,1.0604573579098275e-05,,False
figure1_supp_lam1,figure1_supp,186,5,0.0,0.0,0.0,,False
figure1_supp_lam1,figure1_supp,186,6,0.1256,0.125586019032868,1.398096713198238e-05,,False
figure1_supp_lam1,figure1_supp,186,7,0.1136,0.113576022617492,2.397738250800585e-05,,False
figure1_supp_lam1,figure1_supp,187,1,0.0,0.0,0.0,,False
figure1_supp_lam1,figure1_supp,187,2,0.0,0.0,0.0,,False
figure1_supp_lam1,figure1_supp,187,3,0.7855,0.785548943542682,4.8943542682033936e-05,,False
figure1_supp_lam1,figure1_supp,187,4,0.0894,0.0894040332142903,4.033214290308229e-06,,False
figure1_supp_lam1,figure1_supp,187,5,0.0,0.0,0.0,,False
figure1_supp_lam1,figure1_supp,187,6,0.125,0.125047023243028,4.7023243027993766e-05,,False
figure1_supp_lam1,figure1_supp,187,7,0.1155,0.115505508683196,5.508683196001063e-06,,False
figure1_supp_lam1,figure1_supp,188,1,0.0,0.0,0.0,,False
figure1_supp_lam1,figure1_supp,188,2,0.0,0.0,0.0,,False
figure1_supp_lam1,figure1_supp,188,3,0.7865,0.78646540104891,3.4598951089925833e-05,,False
figure1_supp_lam1,figure1_supp,188,4,0.089,0.0890219646962805,2.1964696280504792e-05,,False
figure1_supp_lam1,figure1_supp,188,5,0.0,0.0,0.0,,False
figure1_supp_lam1,figure1_supp,188,6,0.1245,0.124512634254809,1.2634254809004708e-05,,False
figure1_supp_lam1,figure1_supp,188,7,0.1086,0.108569084409524,3.091559047600778e-05,,False
figure1_supp_lam1,figure1_supp,189,1,0.0,0.0,0.0,,False
figure1_supp_lam1,figure1_supp,189,2,0.0,0.0,0.0,,False
figure1_supp_lam1,figure1_supp,189,3,0.7874,0.787374058916787,2.5941083212965843e-05,,False
figure1_supp_lam1,figure1_supp,189,4,0.0886,0.0886431478252325,4.3147825232500714e-05,,False
figure1_supp_lam1,figure1_supp,189,5,0.0,0.0,0.0,,False
figure1_supp_lam1,figure1_supp,189,6,0.124,0.12398279325798,1.7206742019992838e-05,,False
figure1_supp_lam1,figure1_supp,189,7,0.0982,0.0982348703533418,3.487035334180655e-05,,False
figure1_supp_lam1,figure1_supp,190,1,0.0,0.0,0.0,,False
figure1_supp_lam1,figure1_supp,190,2,0.0,0.0,0.0,,False
figure1_supp_lam1,figure1_supp,190,3,0.7883,0.788275016294258,2.498370574199882e-05,,False
figure1_supp_lam1,figure1_supp,190,4,0.0883,0.088267541266651,3.245873334900562e-05,,False
figure1_supp_lam1,figure1_supp,190,5,0.0,0.0,0.0,,False
figure1_supp_lam1,figure1_supp,190,6,0.1235,0.123457442439091,4.2557560908998426e-05,,False
figure1_supp_lam1,figure1_supp,190,7,0.0854,0.0854177155340465,1.7715534046502945e-05,,False
figure1_supp_lam1,figure1_supp,191,1,0.0,0.0,0.0,,False
figure1_supp_lam1,figure1_supp,191,2,0.0,0.0,0.0,,False
figure1_supp_lam1,figure1_supp,191,3,0.7892,0.789168370655886,3.162934411404805e-05,,False
figure1_supp_lam1,figure1_supp,191,4,0.0879,0.0878951043836693,4.89561633069957e-06,,False
figure1_supp_lam1,figure1_supp,191,5,0.0,0.0,0.0,,False
figure1_supp_lam1,figure1_supp,191,6,0.1229,0.122936524960445,3.65249604450113e-05,,False
figure1_supp_lam1,figure1_supp,191,7,0.1093,0.109338048159616,3.804815961599983e-05,,False
figure1_supp_lam1,figure1_supp,192,1,0.0,0.0,0.0,,False
figure1_supp_lam1,figure1_supp,192,2,0.0,0.0,0.0,,False
figure1_supp_lam1,figure1_supp,192,3,0.7901,0.790054217838004,4.578216199602192e-05,,False
figure1_supp_lam1,figure1_supp,192,4,0.0875,0.0875257972223934,2.579722239340332e-05,,False
figure1_supp_lam1,figure1_supp,192,5,0.0,0.0,0.0,,False
figure1_supp_lam1,figure1_supp,192,6,0.1224,0.122419984939603,1.998493960300718e-05,,False
figure1_supp_lam1,figure1_supp,192,7,0.1059,0.105943915693264,4.391569326400724e-05,,False
figure1_supp_lam1,figure1_supp,193,1,0.0,0.0,0.0,,False
figure1_supp_lam1,figure1_supp,193,2,0.0,0.0,0.0,,False
figure1_supp_lam1,figure1_supp,193,3,0.7909,0.790932652072991,3.2652072990968506e-05,,False
figure1_supp_lam1,figure1_supp,193,4,0.0872,0.0871595804976135,4.041950238649339e-05,,False
figure1_supp_lam1,figure1_supp,193,5,0.0,0.0,0.0,,False
figure1_supp_lam1,figure1_supp,193,6,0.1219,0.121907767429395,7.767429395011405e-06,,False
figure1_supp_lam1,figure1_supp,193,7,0.0879,0.0878571563587514,4.284364124861051e-05,,False
figure1_supp_lam1,figure1_supp,194,1,0.0,0.0,0.0,,False
figure1_supp_lam1,figure1_supp,194,2,0.0,0.0,0.0,,False
figure1_supp_lam1,figure1_supp,194,3,0.7918,0.791803766022687,3.7660226870350755e-06,,False
figure1_supp_lam1,figure1_supp,194,4,0.0868,0.0867964155788735,3.584421126495707e-06,,False
figure1_supp_lam1,figure1_supp,194,5,0.0,0.0,0.0,,False
figure1_supp_lam1,figure1_supp,194,6,0.1214,0.121399818398439,1.8160156099733538e-07,,False
figure1_supp_lam1,figure1_supp,194,7,0.0734,0.0733850141795851,1.4985820414911699e-05,,False
figure1_supp_lam1,figure1_supp,195,1,0.0,0.0,0.0,,False
figure1_supp_lam1,figure1_supp,195,2,0.0,0.0,0.0,,False
figure1_supp_lam1,figure1_supp,195,3,0.7927,0.792667650810975,3.234918902494943e-05,,False
figure1_supp_lam1,figure1_supp,195,4,0.0864,0.0864362644768864,3.6264476886399555e-05,,False
figure1_supp_lam1,figure1_supp,195,5,0.0,0.0,0.0,,False
figure1_supp_lam1,figure1_supp,195,6,0.1209,0.120896084712139,3.915287860992156e-06,,False
figure1_supp_lam1,figure1_supp,195,7,0.0682,0.0681572426813636,4.275731863639942e-05,,False
figure1_supp_lam1,figure1_supp,196,1,0.0,0.0,0.0,,False
figure1_supp_lam1,figure1_supp,196,2,0.0,0.0,0.0,,False
figure1_supp_lam1,figure1_supp,196,3,0.7935,0.793524396055557,2.4396055557041052e-05,,False
figure1_supp_lam1,figure1_supp,196,4,0.0861,0.0860790898302878,2.091016971220161e-05,,False
figure1_supp_lam1,figure1_supp,196,5,0.0,0.0,0.0,,False
figure1_supp_lam1,figure1_supp,196,6,0.1204,0.120396514114155,3.485885844992098e-06,,False
figure1_supp_lam1,figure1_supp,196,7,0.0472,0.0472424368150023,4.243681500230162e-05,,False
figure1_supp_lam1,figure1_supp,197,1,0.1747,0.174689280633789,1.0719366210998338e-05,,False
figure1_supp_lam1,figure1_supp,197,2,0.9982,0.998184850578498,1.5149421501936544e-05,,False
figure1_supp_lam1,figure1_supp,197,3,0.7903,0.790266333312207,3.36666877930325e-05,,False
figure1_supp_lam1,figure1_supp,197,4,0.0857,0.0857248548927146,2.4854892714601395e-05,,False
figure1_supp_lam1,figure1_supp,197,5,0.0,0.0,0.0,,False
figure1_supp_lam1,figure1_supp,197,6,0.124,0.124008811795078,8.811795078000895e-06,,False
figure1_supp_lam1,figure1_supp,197,7,0.062,0.0620007786115197,7.786115197028209e-07,,False
figure1_supp_lam1,figure1_supp,198,1,0.0,0.0,0.0,,False
figure1_supp_lam1,figure1_supp,198,2,0.0,0.0,0.0,,False
figure1_supp_lam1,figure1_supp,198,3,0.7911,0.791122731583673,2.273158367294137e-05,,False
figure1_supp_lam1,figure1_supp,198,4,0.0854,0.0853564359840104,4.356401598960835e-05,,False
figure1_supp_lam1,figure1_supp,198,5,0.0,0.0,0.0,,False
figure1_supp_lam1,figure1_supp,198,6,0.1235,0.123520832432317,2.083243231700005e-05,,False
figure1_supp_lam1,figure1_supp,198,7,0.0651,0.0651072822341426,7.282234142591548e-06,,False
figure1_supp_lam1,figure1_supp,199,1,0.1392,0.139187363719117,1.2636280882993844e-05,,False
figure1_supp_lam1,figure1_supp,199,2,0.9982,0.998225237172897,2.5237172897041305e-05,,False
figure1_supp_lam1,figure1_supp,199,3,0.7879,0.787900903139769,9.031397689707177e-07,,False
figure1_supp_lam1,figure1_supp,199,4,0.085,0.0850080423677491,8.042367749094836e-06,,False
figure1_supp_lam1,figure1_supp,199,5,0.0,0.0,0.0,,False
figure1_supp_lam1,figure1_supp,199,6,0.1271,0.127091054492482,8.945507517982287e-06,,False
figure1_supp_lam1,figure1_supp,199,7,0.0643,0.0643288145745173,2.881457451731073e-05,,False
figure1_supp_lam1,figure1_supp,200,1,0.2461,0.246128975490776,2.897549077598982e-05,,False
figure1_supp_lam1,figure1_supp,200,2,1.0,1.0,0.0,,False
figure1_supp_lam1,figure1_supp,200,3,0.7847,0.784700790914011,7.90914011061794e-07,,False
figure1_supp_lam1,figure1_supp,200,4,0.0846,0.0846307399575886,3.073995758860748e-05,,False
figure1_supp_lam1,figure1_supp,200,5,0.0,0.0,0.0,,False
figure1_supp_lam1,figure1_supp,200,6,0.1307,0.130668469128401,3.153087159901702e-05,,False
figure1_supp_lam1,figure1_supp,200,7,0.118,0.117999413817243,5.861827569869638e-07,,False
figure1_supp_lam1,figure1_supp,201,1,0.2306,0.230648301255708,4.8301255708010915e-05,,False
figure1_supp_lam1,figure1_supp,201,2,0.0,0.0,0.0,,False
figure1_supp_lam1,figure1_supp,201,3,0.7815,0.78152173623852,2.173623851997597e-05,,False
figure1_supp_lam1,figure1_supp,201,4,0.0884,0.0883508209604602,4.9179039539812286e-05,,False
figure1_supp_lam1,figure1_supp,201,5,0.0,0.0,0.0,,False
figure1_supp_lam1,figure1_supp,201,6,0.1301,0.130127442801019,2.7442801019017526e-05,,False
figure1_supp_lam1,figure1_supp,201,7,0.186,0.186032453718929,3.245371892898752e-05,,False
figure1_supp_lam1,figure1_supp,202,1,0.0,0.0,0.0,,False
figure1_supp_lam1,figure1_supp,202,2,0.0,0.0,0.0,,False
figure1_supp_lam1,figure1_supp,202,3,0.7824,0.782400138646672,1.3864667203211667e-07,,False
figure1_supp_lam1,figure1_supp,202,4,0.088,0.0880045020294787,4.502029478700709e-06,,False
figure1_supp_lam1,figure1_supp,202,5,0.0,0.0,0.0,,False
figure1_supp_lam1,figure1_supp,202,6,0.1296,0.12959535932385,4.640676149997303e-06,,False
figure1_supp_lam1,figure1_supp,202,7,0.1854,0.185366554847773,3.344515222700184e-05,,False
figure1_supp_lam1,figure1_supp,203,1,0.0,0.0,0.0,,False
figure1_supp_lam1,figure1_supp,203,2,0.0,0.0,0.0,,False
figure1_supp_lam1,figure1_supp,203,3,0.7833,0.783274033672187,2.5966327813042867e-05,,False
figure1_supp_lam1,figure1_supp,203,4,0.0877,0.0876510702944206,4.892970557940357e-05,,False
figure1_supp_lam1,figure1_supp,203,5,0.0,0.0,0.0,,False
figure1_supp_lam1,figure1_supp,203,6,0.1291,0.129074896033392,2.510396660798664e-05,,False
figure1_supp_lam1,figure1_supp,203,7,0.1658,0.165803695059852,3.6950598520102407e-06,,False
figure1_supp_lam1,figure1_supp,204,1,0.0,0.0,0.0,,False
figure1_supp_lam1,figure1_supp,204,2,0.0,0.0,0.0,,False
figure1_supp_lam1,figure1_supp,204,3,0.7841,0.784140937537498,4.093753749800921e-05,,False
figure1_supp_lam1,figure1_supp,204,4,0.0873,0.0873004660132428,4.6601324280026724e-07,,False
figure1_supp_lam1,figure1_supp,204,5,0.0,0.0,0.0,,False
figure1_supp_lam1,figure1_supp,204,6,0.1286,0.128558596449259,4.140355074100377e-05,,False
figure1_supp_lam1,figure1_supp,204,7,0.1402,0.140245160684907,4.516068490700853e-05,,False
figure1_supp_lam1,figure1_supp,205,1,0.0,0.0,0.0,,False
figure1_supp_lam1,figure1_supp,205,2,0.0,0.0,0.0,,False
figure1_supp_lam1,figure1_supp,205,3,0.785,0.785000933802289,9.338022889382458e-07,,False
figure1_supp_lam1,figure1_supp,205,4,0.087,0.0869526553916762,4.734460832379883e-05,,False
figure1_supp_lam1,figure1_supp,205,5,0.0,0.0,0.0,,False
figure1_supp_lam1,figure1_supp,205,6,0.128,0.128046410806035,4.6410806034985486e-05,,False
figure1_supp_lam1,figure1_supp,205,7,0.1548,0.154834487838046,3.4487838045993424e-05,,False
figure1_supp_lam1,figure1_supp,206,1,0.0,0.0,0.0,,False
figure1_supp_lam1,figure1_supp,206,2,0.0,0.0,0.0,,False
figure1_supp_lam1,figure1_supp,206,3,0.7859,0.785854104699899,4.589530010101761e-05,,False
figure1_supp_lam1,figure1_supp,206,4,0.0866,0.0866076051718679,7.60517186790266e-06,,False
figure1_supp_lam1,figure1_supp,206,5,0.0,0.0,0.0,,False
figure1_supp_lam1,figure1_supp,206,6,0.1275,0.127538290128233,3.829012823300393e-05,,False
figure1_supp_lam1,figure1_supp,206,7,0.1464,0.146422591963374,2.259196337400793e-05,,False
figure1_supp_lam1,figure1_supp,207,1,0.0,0.0,0.0,,False
figure1_supp_lam1,figure1_supp,207,2,0.0,0.0,0.0,,False
figure1_supp_lam1,figure1_supp,207,3,0.7867,0.786700531163536,5.311635360438771e-07,,False
figure1_supp_lam1,figure1_supp,207,4,0.0863,0.0862652826217815,3.471737821850174e-05,,False
figure1_supp_lam1,figure1_supp,207,5,0.0,0.0,0.0,,False
figure1_supp_lam1,figure1_supp,207,6,0.127,0.127034186214683,3.4186214682985216e-05,,False
figure1_supp_lam1,figure1_supp,207,7,0.1345,0.134461377021037,3.8622978963009924e-05,,False
figure1_supp_lam1,figure1_supp,208,1,0.0,0.0,0.0,,False
figure1_supp_lam1,figure1_supp,208,2,0.0,0.0,0.0,,False
figure1_supp_lam1,figure1_supp,208,3,0.7875,0.787540292851869,4.02928518690171e-05,,False
figure1_supp_lam1,figure1_supp,208,4,0.0859,0.0859256555248454,2.5655524845402677e-05,,False
figure1_supp_lam1,figure1_supp,208,5,0.0,0.0,0.0,,False
figure1_supp_lam1,figure1_supp,208,6,0.1265,0.126534051623286,3.4051623285985544e-05,,False
figure1_supp_lam1,figure1_supp,208,7,0.135,0.135026775001845,2.6775001845003032e-05,,False
figure1_supp_lam1,figure1_supp,209,1,0.0,0.0,0.0,,False
figure1_supp_lam1,figure1_supp,209,2,0.0,0.0,0.0,,False
figure1_supp_lam1,figure1_supp,209,3,0.7884,0.788373468174018,2.6531825982001322e-05,,False
figure1_supp_lam1,figure1_supp,209,4,0.0856,0.085588692169846,1.1307830153989284e-05,,False
figure1_supp_lam1,figure1_supp,209,5,0.0,0.0,0.0,,False
figure1_supp_lam1,figure1_supp,209,6,0.126,0.126037839656136,3.783965613599061e-05,,False
figure1_supp_lam1,figure1_supp,209,7,0.1597,0.159736599658481,3.659965848099023e-05,,False
figure1_supp_lam1,figure1_supp,210,1,0.0,0.0,0.0,,False
figure1_supp_lam1,figure1_supp,210,2,0.0,0.0,0.0,,False
figure1_supp_lam1,figure1_supp,210,3,0.7892,0.789200134313963,1.3431396295171538e-07,,False
figure1_supp_lam1,figure1_supp,210,4,0.0853,0.0852543613410575,4.563865894249841e-05,,False
figure1_supp_lam1,figure1_supp,210,5,0.0,0.0,0.0,,False
figure1_supp_lam1,figure1_supp,210,6,0.1255,0.125545504344979,4.5504344978991584e-05,,False
figure1_supp_lam1,figure1_supp,210,7,0.1537,0.153748960373112,4.89603731120003e-05,,False
figure1_supp_lam1,figure1_supp,211,1,0.0,0.0,0.0,,False
figure1_supp_lam1,figure1_supp,211,2,0.0,0.0,0.0,,False
figure1_supp_lam1,figure1_supp,211,3,0.79,0.790020367254376,2.0367254375930344e-05,,False
figure1_supp_lam1,figure1_supp,211,4,0.0849,0.084922632308602,2.2632308601999718e-05,,False
figure1_supp_lam1,figure1_supp,211,5,0.0,0.0,0.0,,False
figure1_supp_lam1,figure1_supp,211,6,0.1251,0.125057000437022,4.299956297798557e-05,,False
figure1_supp_lam1,figure1_supp,211,7,0.1671,0.167144823848225,4.482384822498964e-05,,False
figure1_supp_lam1,figure1_supp,212,1,0.0,0.0,0.0,,False
figure1_supp_lam1,figure1_supp,212,2,0.0,0.0,0.0,,False
figure1_supp_lam1,figure1_supp,212,3,0.7908,0.790834241799902,3.424179990207943e-05,,False
figure1_supp_lam1,figure1_supp,212,4,0.0846,0.0845934748190338,6.5251809661937e-06,,False
figure1_supp_lam1,figure1_supp,212,5,0.0,0.0,0.0,,False
figure1_supp_lam1,figure1_supp,212,6,0.1246,0.124572283381065,2.771661893499755e-05,,False
figure1_supp_lam1,figure1_supp,212,7,0.1824,0.18238951098522,1.0489014780012962e-05,,False
figure1_supp_lam1,figure1_supp,213,1,0.0,0.0,0.0,,False
figure1_supp_lam1,figure1_supp,213,2,0.0,0.0,0.0,,False
figure1_supp_lam1,figure1_supp,213,3,0.7916,0.791641831599902,4.183159990200913e-05,,False
figure1_supp_lam1,figure1_supp,213,4,0.0843,0.0842668590861417,3.314091385829554e-05,,False
figure1_supp_lam1,figure1_supp,213,5,0.0,0.0,0.0,,False
figure1_supp_lam1,figure1_supp,213,6,0.1241,0.124091309313956,8.690686044005025e-06,,False
figure1_supp_lam1,figure1_supp,213,7,0.1191,0.119088499444426,1.1500555574001092e-05,,False
figure1_supp_lam1,figure1_supp,214,1,0.0,0.0,0.0,,False
figure1_supp_lam1,figure1_supp,214,2,0.0,0.0,0.0,,False
figure1_supp_lam1,figure1_supp,214,3,0.7924,0.792443209170672,4.320917067202057e-05,,False
figure1_supp_lam1,figure1_supp,214,4,0.0839,0.0839427557819643,4.2755781964304296e-05,,False
figure1_supp_lam1,figure1_supp,214,5,0.0,0.0,0.0,,False
figure1_supp_lam1,figure1_supp,214,6,0.1236,0.123614035047364,1.4035047363997188e-05,,False
figure1_supp_lam1,figure1_supp,214,7,0.1455,0.145508306593497,8.306593497015013e-06,,False
figure1_supp_lam1,figure1_supp,215,1,0.0,0.0,0.0,,False
figure1_supp_lam1,figure1_supp,215,2,0.0,0.0,0.0,,False
figure1_supp_lam1,figure1_supp,215,3,0.7932,0.793238445917144,3.844591714396994e-05,,False
figure1_supp_lam1,figure1_supp,215,4,0.0836,0.0836211360280104,2.1136028010404484e-05,,False
figure1_supp_lam1,figure1_supp,215,5,0.0,0.0,0.0,,False
figure1_supp_lam1,figure1_supp,215,6,0.1231,0.123140418054846,4.041805484600314e-05,,False
figure1_supp_lam1,figure1_supp,215,7,0.1341,0.134064299101059,3.570089894100459e-05,,False
figure1_supp_lam1,figure1_supp,216,1,0.0,0.0,0.0,,False
figure1_supp_lam1,figure1_supp,216,2,0.0,0.0,0.0,,False
figure1_supp_lam1,figure1_supp,216,3,0.794,0.794027612154102,2.7612154101963604e-05,,False
figure1_supp_lam1,figure1_supp,216,4,0.0833,0.0833019713866821,1.9713866821063908e-06,,False
figure1_supp_lam1,figure1_supp,216,5,0.0,0.0,0.0,,False
figure1_supp_lam1,figure1_supp,216,6,0.1227,0.122670416459216,2.9583540784000606e-05,,False
figure1_supp_lam1,figure1_supp,216,7,0.1339,0.133942054440299,4.205444029900529e-05,,False
figure1_supp_lam1,figure1_supp,217,1,0.0,0.0,0.0,,False
figure1_supp_lam1,figure1_supp,217,2,0.0,0.0,0.0,,False
figure1_supp_lam1,figure1_supp,217,3,0.7948,0.7948107771269,1.0777126900007872e-05,,False
figure1_supp_lam1,figure1_supp,217,4,0.083,0.0829852338528924,1.4766147107603267e-05,,False
figure1_supp_lam1,figure1_supp,217,5,0.0,0.0,0.0,,False
figure1_supp_lam1,figure1_supp,217,6,0.1222,0.122203989020208,3.989020207997851e-06,,False
figure1_supp_lam1,figure1_supp,217,7,0.1179,0.117886986398063,1.3013601937006403e-05,,False
figure1_supp_lam1,figure1_supp,218,1,0.0,0.0,0.0,,False
figure1_supp_lam1,figure1_supp,218,2,0.0,0.0,0.0,,False
figure1_supp_lam1,figure1_supp,218,3,0.7956,0.795588009031722,1.1990968277975078e-05,,False
figure1_supp_lam1,figure1_supp,218,4,0.0827,0.0826708958458739,2.910415412608891e-05,,False
figure1_supp_lam1,figure1_supp,218,5,0.0,0.0,0.0,,False
figure1_supp_lam1,figure1_supp,218,6,0.1217,0.121741095122404,4.10951224039946e-05,,False
figure1_supp_lam1,figure1_supp,218,7,0.1191,0.119100361335001,3.6133500100343774e-07,,False
figure1_supp_lam1,figure1_supp,219,1,0.0,0.0,0.0,,False
figure1_supp_lam1,figure1_supp,219,2,0.0,0.0,0.0,,False
figure1_supp_lam1,figure1_supp,219,3,0.7964,0.796359375035376,4.062496462398091e-05,,False
figure1_supp_lam1,figure1_supp,219,4,0.0824,0.0823589302011725,4.106979882749495e-05,,False
figure1_supp_lam1,figure1_supp,219,5,0.0,0.0,0.0,,False
figure1_supp_lam1,figure1_supp,219,6,0.1213,0.121281694763452,1.8305236547999648e-05,,False
figure1_supp_lam1,figure1_supp,219,7,0.1053,0.105298346843934,1.653156066011574e-06,,False
figure1_supp_lam1,figure1_supp,220,1,0.2364,0.236445159176831,4.5159176831011116e-05,,False
figure1_supp_lam1,figure1_supp,220,2,0.1627,0.16266605988501,3.3940114989999826e-05,,False
figure1_supp_lam1,figure1_supp,220,3,0.7934,0.793371163940942,2.8836059058012786e-05,,False
figure1_supp_lam1,figure1_supp,220,4,0.0852,0.0851915609756002,8.439024399800599e-06,,False
figure1_supp_lam1,figure1_supp,220,5,0.0,0.0,0.0,,False
figure1_supp_lam1,figure1_supp,220,6,0.1214,0.121437275083458,3.7275083458007674e-05,,False
figure1_supp_lam1,figure1_supp,220,7,0.2603,0.26030318875869,3.188758690042537e-06,,False
figure1_supp_lam1,figure1_supp,221,1,0.2025,0.202538027803211,3.802780321099375e-05,,False
figure1_supp_lam1,figure1_supp,221,2,1.0,1.0,0.0,,False
figure1_supp_lam1,figure1_supp,221,3,0.7904,0.790417064422977,1.706442297699784e-05,,False
figure1_supp_lam1,figure1_supp,221,4,0.0848,0.0848433925033147,4.339250331469868e-05,,False
figure1_supp_lam1,figure1_supp,221,5,0.0,0.0,0.0,,False
figure1_supp_lam1,figure1_supp,221,6,0.1247,0.124739543073708,3.954307370800103e-05,,False
figure1_supp_lam1,figure1_supp,221,7,0.3159,0.315949427536034,4.942753603398575e-05,,False
figure1_supp_lam1,figure1_supp,222,1,0.2214,0.221418056026479,1.8056026478974196e-05,,False
figure1_supp_lam1,figure1_supp,222,2,1.0,1.0,0.0,,False
figure1_supp_lam1,figure1_supp,222,3,0.7875,0.787453331490371,4.666850962897762e-05,,False
figure1_supp_lam1,figure1_supp,222,4,0.0845,0.0845443114140746,4.4311414074599265e-05,,False
figure1_supp_lam1,figure1_supp,222,5,0.0,0.0,0.0,,False
figure1_supp_lam1,figure1_supp,222,6,0.128,0.128002357095554,2.3570955539897742e-06,,False
figure1_supp_lam1,figure1_supp,222,7,0.2671,0.26711480228111,1.480228111000459e-05,,False
figure1_supp_lam1,figure1_supp,223,1,0.2424,0.242424371153775,2.4371153774987997e-05,,False
figure1_supp_lam1,figure1_supp,223,2,0.0,0.0,0.0,,False
figure1_supp_lam1,figure1_supp,223,3,0.7846,0.784577020981204,2.297901879599884e-05,,False
figure1_supp_lam1,figure1_supp,223,4,0.0876,0.0876401098569837,4.010985698370273e-05,,False
figure1_supp_lam1,figure1_supp,223,5,0.0,0.0,0.0,,False
figure1_supp_lam1,figure1_supp,223,6,0.1278,0.127782869161812,1.7130838187995323e-05,,False
figure1_supp_lam1,figure1_supp,223,7,0.2649,0.264886230116682,1.3769883318026643e-05,,False
figure1_supp_lam1,figure1_supp,224,1,0.0,0.0,0.0,,False
figure1_supp_lam1,figure1_supp,224,2,0.0,0.0,0.0,,False
figure1_supp_lam1,figure1_supp,224,3,0.7854,0.785377321564815,2.2678435184997348e-05,,False
figure1_supp_lam1,figure1_supp,224,4,0.0873,0.0873079575096972,7.95750969720399e-06,,False
figure1_supp_lam1,figure1_supp,224,5,0.0,0.0,0.0,,False
figure1_supp_lam1,figure1_supp,224,6,0.1273,0.127314720925488,1.4720925488015402e-05,,False
figure1_supp_lam1,figure1_supp,224,7,0.2635,0.263462476694381,3.752330561901385e-05,,False
figure1_supp_lam1,figure1_supp,225,1,0.0,0.0,0.0,,False
figure1_supp_lam1,figure1_supp,225,2,0.0,0.0,0.0,,False
figure1_supp_lam1,figure1_supp,225,3,0.7862,0.786169287167897,3.071283210298592e-05,,False
figure1_supp_lam1,figure1_supp,225,4,0.087,0.0869857879247905,1.421207520949097e-05,,False
figure1_supp_lam1,figure1_supp,225,5,0.0,0.0,0.0,,False
figure1_supp_lam1,figure1_supp,225,6,0.1268,0.126844924907313,4.492490731300425e-05,,False
figure1_supp_lam1,figure1_supp,225,7,0.2691,0.269070893057985,2.9106942015022508e-05,,False
figure1_supp_lam1,figure1_supp,226,1,0.0,0.0,0.0,,False
figure1_supp_lam1,figure1_supp,226,2,0.0,0.0,0.0,,False
figure1_supp_lam1,figure1_supp,226,3,0.787,0.786955429494486,4.457050551398556e-05,,False
figure1_supp_lam1,figure1_supp,226,4,0.0867,0.0866659872338906,3.4012766109398074e-05,,False
figure1_supp_lam1,figure1_supp,226,5,0.0,0.0,0.0,,False
figure1_supp_lam1,figure1_supp,226,6,0.1264,0.126378583271624,2.1416728376022487e-05,,False
figure1_supp_lam1,figure1_supp,226,7,0.2517,0.251668698267233,3.1301732766997326e-05,,False
figure1_supp_lam1,figure1_supp,227,1,0.0,0.0,0.0,,False
figure1_supp_lam1,figure1_supp,227,2,0.0,0.0,0.0,,False
figure1_supp_lam1,figure1_supp,227,3,0.7877,0.78773581253663,3.581253663009765e-05,,False
figure1_supp_lam1,figure1_supp,227,4,0.0863,0.086348529405195,4.852940519499416e-05,,False
figure1_supp_lam1,figure1_supp,227,5,0.0,0.0,0.0,,False
figure1_supp_lam1,figure1_supp,227,6,0.1259,0.125915658058175,1.5658058174994327e-05,,False
figure1_supp_lam1,figure1_supp,227,7,0.2733,0.273261352718878,3.864728112196181e-05,,False
figure1_supp_lam1,figure1_supp,228,1,0.0,0.0,0.0,,False
figure1_supp_lam1,figure1_supp,228,2,0.0,0.0,0.0,,False
figure1_supp_lam1,figure1_supp,228,3,0.7885,0.78851049935219,1.0499352189996536e-05,,False
figure1_supp_lam1,figure1_supp,228,4,0.086,0.0860333887869279,3.338878692790703e-05,,False
figure1_supp_lam1,figure1_supp,228,5,0.0,0.0,0.0,,False
figure1_supp_lam1,figure1_supp,228,6,0.1255,0.125456111860882,4.3888139117986835e-05,,False
figure1_supp_lam1,figure1_supp,228,7,0.2668,0.266790491242208,9.508757791987232e-06,,False
figure1_supp_lam1,figure1_supp,229,1,0.0,0.0,0.0,,False
figure1_supp_lam1,figure1_supp,229,2,0.0,0.0,0.0,,False
figure1_supp_lam1,figure1_supp,229,3,0.7893,0.789279552081819,2.0447918181010216e-05,,False
figure1_supp_lam1,figure1_supp,229,4,0.0857,0.08572054010043,2.05401004299971e-05,,False
figure1_supp_lam1,figure1_supp,229,5,0.0,0.0,0.0,,False
figure1_supp_lam1,figure1_supp,229,6,0.125,0.124999907817752,9.218224800155994e-08,,False
figure1_supp_lam1,figure1_supp,229,7,0.2721,0.272103620540543,3.620540542981221e-06,,False
figure1_supp_lam1,figure1_supp,230,1,0.0,0.0,0.0,,False
figure1_supp_lam1,figure1_supp,230,2,0.0,0.0,0.0,,False
figure1_supp_lam1,figure1_supp,230,3,0.79,0.79004303196558,4.303196557997602e-05,,False
figure1_supp_lam1,figure1_supp,230,4,0.0854,0.0854099584333994,9.958433399390176e-06,,False
figure1_supp_lam1,figure1_supp,230,5,0.0,0.0,0.0,,False
figure1_supp_lam1,figure1_supp,230,6,0.1245,0.124547009601021,4.7009601020997493e-05,,False
figure1_supp_lam1,figure1_supp,230,7,0.2722,0.272234836519594,3.483651959401701e-05,,False
figure1_supp_lam1,figure1_supp,231,1,0.0,0.0,0.0,,False
figure1_supp_lam1,figure1_supp,231,2,0.0,0.0,0.0,,False
figure1_supp_lam1,figure1_supp,231,3,0.7908,0.790800999359206,9.99359206055317e-07,,False
figure1_supp_lam1,figure1_supp,231,4,0.0851,0.0851016192332788,1.6192332788073083e-06,,False
figure1_supp_lam1,figure1_supp,231,5,0.0,0.0,0.0,,False
figure1_supp_lam1,figure1_supp,231,6,0.1241,0.124097381407515,2.618592485001403e-06,,False
figure1_supp_lam1,figure1_supp,231,7,0.2971,0.297123161025194,2.3161025194007312e-05,,False
figure1_supp_lam1,figure1_supp,232,1,0.0,0.0,0.0,,False
figure1_supp_lam1,figure1_supp,232,2,0.0,0.0,0.0,,False
figure1_supp_lam1,figure1_supp,232,3,0.7916,0.79155351375,4.64862499999219e-05,,False
figure1_supp_lam1,figure1_supp,232,4,0.0848,0.0847954983007851,4.5016992148982915e-06,,False
figure1_supp_lam1,figure1_supp,232,5,0.0,0.0,0.0,,False
figure1_supp_lam1,figure1_supp,232,6,0.1237,0.123650987949215,4.901205078500226e-05,,False
figure1_supp_lam1,figure1_supp,232,7,0.3021,0.302141226112092,4.122611209200766e-05,,False
figure1_supp_lam1,figure1_supp,233,1,0.0,0.0,0.0,,False
figure1_supp_lam1,figure1_supp,233,2,0.0,0.0,0.0,,False
figure1_supp_lam1,figure1_supp,233,3,0.7923,0.792300633772402,6.337724020033519e-07,,False
figure1_supp_lam1,figure1_supp,233,4,0.0845,0.084491571783578,8.428216422010082e-06,,False
figure1_supp_lam1,figure1_supp,233,5,0.0,0.0,0.0,,False
figure1_supp_lam1,figure1_supp,233,6,0.1232,0.12320779444402,7.794444019992852e-06,,False
figure1_supp_lam1,figure1_supp,233,7,0.2153,0.215289098490359,1.090150964100367e-05,,False
figure1_supp_lam1,figure1_supp,234,1,0.0,0.0,0.0,,False
figure1_supp_lam1,figure1_supp,234,2,0.0,0.0,0.0,,False
figure1_supp_lam1,figure1_supp,234,3,0.793,0.793042417223214,4.241722321396413e-05,,False
figure1_supp_lam1,figure1_supp,234,4,0.0842,0.0841898161700652,1.0183829934798383e-05,,False
figure1_supp_lam1,figure1_supp,234,5,0.0,0.0,0.0,,False
figure1_supp_lam1,figure1_supp,234,6,0.1228,0.12276776660672,3.223339328001229e-05,,False
figure1_supp_lam1,figure1_supp,234,7,0.1981,0.198079165434039,2.0834565960997642e-05,,False
figure1_supp_lam1,figure1_supp,235,1,0.0,0.0,0.0,,False
figure1_supp_lam1,figure1_supp,235,2,0.0,0.0,0.0,,False
figure1_supp_lam1,figure1_supp,235,3,0.7938,0.793778921076512,2.1078923487904966e-05,,False
figure1_supp_lam1,figure1_supp,235,4,0.0839,0.0838902082833389,9.791716661100569e-06,,False
figure1_supp_lam1,figure1_supp,235,5,0.0,0.0,0.0,,False
figure1_supp_lam1,figure1_supp,235,6,0.1223,0.122330870640148,3.0870640147992456e-05,,False
figure1_supp_lam1,figure1_supp,235,7,0.0674,0.0673514008886605,4.8599111339503454e-05,,False
figure1_supp_lam1,figure1_supp,236,1,0.0,0.0,0.0,,False
figure1_supp_lam1,figure1_supp,236,2,0.0,0.0,0.0,,False
figure1_supp_lam1,figure1_supp,236,3,0.7945,0.794510201498227,1.0201498227058181e-05,,False
figure1_supp_lam1,figure1_supp,236,4,0.0836,0.083592725275242,7.274724757991291e-06,,False
figure1_supp_lam1,figure1_supp,236,5,0.0,0.0,0.0,,False
figure1_supp_lam1,figure1_supp,236,6,0.1219,0.121897073226531,2.926773468997501e-06,,False
figure1_supp_lam1,figure1_supp,236,7,0.076,0.0760463721313302,4.637213133019957e-05,,False
figure1_supp_lam1,figure1_supp,237,1,0.0,0.0,0.0,,False
figure1_supp_lam1,figure1_supp,237,2,0.0,0.0,0.0,,False
figure1_supp_lam1,figure1_supp,237,3,0.7952,0.795236313860424,3.631386042401985e-05,,False
figure1_supp_lam1,figure1_supp,237,4,0.0833,0.0832973446205592,2.655379440802408e-06,,False
figure1_supp_lam1,figure1_supp,237,5,0.0,0.0,0.0,,False
figure1_supp_lam1,figure1_supp,237,6,0.1215,0.121466341519017,3.36584809829954e-05,,False
figure1_supp_lam1,figure1_supp,237,7,0.0894,0.0893665659910987,3.343400890129522e-05,,False
figure1_supp_lam1,figure1_supp,238,1,0.0,0.0,0.0,,False
figure1_supp_lam1,figure1_supp,238,2,0.0,0.0,0.0,,False
figure1_supp_lam1,figure1_supp,238,3,0.796,0.795957312755282,4.268724471800933e-05,,False
figure1_supp_lam1,figure1_supp,238,4,0.083,0.0830040441113318,4.044111331799605e-06,,False
figure1_supp_lam1,figure1_supp,238,5,0.0,0.0,0.0,,False
figure1_supp_lam1,figure1_supp,238,6,0.121,0.121038643133386,3.864313338600156e-05,,False
figure1_supp_lam1,figure1_supp,238,7,0.1015,0.10152918124162,2.9181241619991027e-05,,False
figure1_supp_lam1,figure1_supp,239,1,0.0,0.0,0.0,,False
figure1_supp_lam1,figure1_supp,239,2,0.0,0.0,0.0,,False
figure1_supp_lam1,figure1_supp,239,3,0.7967,0.796673252008772,2.6747991227926704e-05,,False
figure1_supp_lam1,figure1_supp,239,4,0.0827,0.0827128018512921,1.2801851292099098e-05,,False
figure1_supp_lam1,figure1_supp,239,5,0.0,0.0,0.0,,False
figure1_supp_lam1,figure1_supp,239,6,0.1206,0.120613946139936,1.3946139936008017e-05,,False
figure1_supp_lam1,figure1_supp,239,7,0.11,0.110014631235333,1.4631235333004144e-05,,False
figure1_supp_lam1,figure1_supp,240,1,0.0,0.0,0.0,,False
figure1_supp_lam1,figure1_supp,240,2,0.0,0.0,0.0,,False
figure1_supp_lam1,figure1_supp,240,3,0.7974,0.797384184694056,1.5815305943966962e-05,,False
figure1_supp_lam1,figure1_supp,240,4,0.0824,0.0824235962504134,2.3596250413399078e-05,,False
figure1_supp_lam1,figure1_supp,240,5,0.0,0.0,0.0,,False
figure1_supp_lam1,figure1_supp,240,6,0.1202,0.12019221905553,7.780944470001105e-06,,False
figure1_supp_lam1,figure1_supp,240,7,0.1743,0.174327881011189,2.7881011189001548e-05,,False
figure1_supp_lam1,figure1_supp,241,1,0.0,0.0,0.0,,False
figure1_supp_lam1,figure1_supp,241,2,0.0,0.0,0.0,,False
figure1_supp_lam1,figure1_supp,241,3,0.7981,0.7980901631446,9.836855400013889e-06,,False
figure1_supp_lam1,figure1_supp,241,4,0.0821,0.0821364060195758,3.640601957578815e-05,,False
figure1_supp_lam1,figure1_supp,241,5,0.0,0.0,0.0,,False
figure1_supp_lam1,figure1_supp,241,6,0.1198,0.119773430835825,2.6569164174997106e-05,,False
figure1_supp_lam1,figure1_supp,241,7,0.1727,0.172657959836774,4.2040163225981475e-05,,False
figure1_supp_lam1,figure1_supp,242,1,0.0,0.0,0.0,,False
figure1_supp_lam1,figure1_supp,242,2,0.0,0.0,0.0,,False
figure1_supp_lam1,figure1_supp,242,3,0.7988,0.798791238967014,8.761032985971084e-06,,False
figure1_supp_lam1,figure1_supp,242,4,0.0819,0.0818512101653411,4.878983465890496e-05,,False
figure1_supp_lam1,figure1_supp,242,5,0.0,0.0,0.0,,False
figure1_supp_lam1,figure1_supp,242,6,0.1194,0.119357550867645,4.244913235500192e-05,,False
figure1_supp_lam1,figure1_supp,242,7,0.1992,0.199207887104065,7.88710406501858e-06,,False
figure1_supp_lam1,figure1_supp,243,1,0.0,0.0,0.0,,False
figure1_supp_lam1,figure1_supp,243,2,0.0,0.0,0.0,,False
figure1_supp_lam1,figure1_supp,243,3,0.7995,0.799487463053633,1.2536946366936697e-05,,False
figure1_supp_lam1,figure1_supp,243,4,0.0816,0.0815679879848382,3.20120151618003e-05,,False
figure1_supp_lam1,figure1_supp,243,5,0.0,0.0,0.0,,False
figure1_supp_lam1,figure1_supp,243,6,0.1189,0.118944548961528,4.4548961527987596e-05,,False
figure1_supp_lam1,figure1_supp,243,7,0.2044,0.204398033417098,1.966582901996583e-06,,False
figure1_supp_lam1,figure1_supp,244,1,0.0,0.0,0.0,,False
figure1_supp_lam1,figure1_supp,244,2,0.0,0.0,0.0,,False
figure1_supp_lam1,figure1_supp,244,3,0.8002,0.800178885594828,2.111440517205132e-05,,False
figure1_supp_lam1,figure1_supp,244,4,0.0813,0.0812867190607525,1.328093924750362e-05,,False
figure1_supp_lam1,figure1_supp,244,5,0.0,0.0,0.0,,False
figure1_supp_lam1,figure1_supp,244,6,0.1185,0.11853439534442,3.439534441999903e-05,,False
figure1_supp_lam1,figure1_supp,244,7,0.186,0.185972223716988,2.777628301200985e-05,,False
figure1_supp_lam1,figure1_supp,245,1,0.0,0.0,0.0,,False
figure1_supp_lam1,figure1_supp,245,2,0.0,0.0,0.0,,False
figure1_supp_lam1,figure1_supp,245,3,0.8009,0.800865556091066,3.444390893392324e-05,,False
figure1_supp_lam1,figure1_supp,245,4,0.081,0.0810073832564201,7.383256420093187e-06,,False
figure1_supp_lam1,figure1_supp,245,5,0.0,0.0,0.0,,False
figure1_supp_lam1,figure1_supp,245,6,0.1181,0.118127060652514,2.7060652513996586e-05,,False
figure1_supp_lam1,figure1_supp,245,7,0.1851,0.18509699868376,3.001316239981122e-06,,False
figure1_supp_lam1,figure1_supp,246,1,0.0,0.0,0.0,,False
figure1_supp_lam1,figure1_supp,246,2,0.0,0.0,0.0,,False
figure1_supp_lam1,figure1_supp,246,3,0.8015,0.801547523364726,4.752336472602092e-05,,False
figure1_supp_lam1,figure1_supp,246,4,0.0807,0.0807299607110214,2.9960711021403963e-05,,False
figure1_supp_lam1,figure1_supp,246,5,0.0,0.0,0.0,,False
figure1_supp_lam1,figure1_supp,246,6,0.1177,0.117722515924252,2.2515924251995112e-05,,False
figure1_supp_lam1,figure1_supp,246,7,0.1799,0.179859654331098,4.03456689020143e-05,,False
figure1_supp_lam1,figure1_supp,247,1,0.0,0.0,0.0,,False
figure1_supp_lam1,figure1_supp,247,2,0.0,0.0,0.0,,False
figure1_supp_lam1,figure1_supp,247,3,0.8022,0.802224835571673,2.4835571672987555e-05,,False
figure1_supp_lam1,figure1_supp,247,4,0.0805,0.0804544318348746,4.55681651253953e-05,,False
figure1_supp_lam1,figure1_supp,247,5,0.0,0.0,0.0,,False
figure1_supp_lam1,figure1_supp,247,6,0.1173,0.117320732593453,2.073259345300449e-05,,False
figure1_supp_lam1,figure1_supp,247,7,0.1835,0.183452807741371,4.7192258629008554e-05,,False
figure1_supp_lam1,figure1_supp,248,1,0.0,0.0,0.0,,False
figure1_supp_lam1,figure1_supp,248,2,0.0,0.0,0.0,,False
figure1_supp_lam1,figure1_supp,248,3,0.8029,0.802897540212585,2.4597874149767662e-06,,False
figure1_supp_lam1,figure1_supp,248,4,0.0802,0.080180777304824,1.9222695175999394e-05,,False
figure1_supp_lam1,figure1_supp,248,5,0.0,0.0,0.0,,False
figure1_supp_lam1,figure1_supp,248,6,0.1169,0.116921682482591,2.1682482590990038e-05,,False
figure1_supp_lam1,figure1_supp,248,7,0.2068,0.206766747743529,3.325225647102248e-05,,False
figure1_supp_lam1,figure1_supp,249,1,0.0,0.0,0.0,,False
figure1_supp_lam1,figure1_supp,249,2,0.0,0.0,0.0,,False
figure1_supp_lam1,figure1_supp,249,3,0.8036,0.803565684144068,3.431585593194342e-05,,False
figure1_supp_lam1,figure1_supp,249,4,0.0799,0.0799089780597229,8.9780597229e-06,,False
figure1_supp_lam1,figure1_supp,249,5,0.0,0.0,0.0,,False
figure1_supp_lam1,figure1_supp,249,6,0.1165,0.116525337796209,2.5337796208987906e-05,,False
figure1_supp_lam1,figure1_supp,249,7,0.1876,0.187567684641244,3.231535875600211e-05,,False
figure1_supp_lam1,figure1_supp,250,1,0.0,0.0,0.0,,False
figure1_supp_lam1,figure1_supp,250,2,0.0,0.0,0.0,,False
figure1_supp_lam1,figure1_supp,250,3,0.8042,0.804229313589527,2.931358952695806e-05,,False
figure1_supp_lam1,figure1_supp,250,4,0.0796,0.0796390152960076,3.901529600759679e-05,,False
figure1_supp_lam1,figure1_supp,250,5,0.0,0.0,0.0,,False
figure1_supp_lam1,figure1_supp,250,6,0.1161,0.116131671114465,3.1671114465003924e-05,,False
figure1_supp_lam1,figure1_supp,250,7,0.1714,0.171353586052708,4.641394729199e-05,,False
figure1_supp_lam1,figure1_supp,251,1,0.2321,0.232143284901558,4.328490155799947e-05,,False
figure1_supp_lam1,figure1_supp,251,2,0.2033,0.203311379258362,1.1379258362004263e-05,,False
figure1_supp_lam1,figure1_supp,251,3,0.8015,0.801529749704311,2.9749704311021752e-05,,False
figure1_supp_lam1,figure1_supp,251,4,0.082,0.0820450448103687,4.5044810368696786e-05,,False
figure1_supp_lam1,figure1_supp,251,5,0.0,0.0,0.0,,False
figure1_supp_lam1,figure1_supp,251,6,0.1164,0.11642520548532,2.5205485319992893e-05,,False
figure1_supp_lam1,figure1_supp,251,7,0.1827,0.182731535912005,3.15359120049985e-05,,False
figure1_supp_lam1,figure1_supp,252,1,0.2975,0.297464026509948,3.597349005196593e-05,,False
figure1_supp_lam1,figure1_supp,252,2,0.2005,0.200465254800709,3.474519929100306e-05,,False
figure1_supp_lam1,figure1_supp,252,3,0.7988,0.79880893515208,8.93515208000295e-06,,False
figure1_supp_lam1,figure1_supp,252,4,0.0845,0.084514902500417,1.49025004169967e-05,,False
figure1_supp_lam1,figure1_supp,252,5,0.0,0.0,0.0,,False
figure1_supp_lam1,figure1_supp,252,6,0.1167,0.116676162347503,2.383765249699965e-05,,False
figure1_supp_lam1,figure1_supp,252,7,0.2695,0.269537705649844,3.770564984395541e-05,,False
figure1_supp_lam1,figure1_supp,253,1,0.0,0.0,0.0,,False
figure1_supp_lam1,figure1_supp,253,2,0.0,0.0,0.0,,False
figure1_supp_lam1,figure1_supp,253,3,0.7995,0.79948089933851,1.910066149002354e-05,,False
figure1_supp_lam1,figure1_supp,253,4,0.0842,0.0842385455010413,3.854550104130661e-05,,False
figure1_supp_lam1,figure1_supp,253,5,0.0,0.0,0.0,,False
figure1_supp_lam1,figure1_supp,253,6,0.1163,0.116280555160448,1.944483955200471e-05,,False
figure1_supp_lam1,figure1_supp,253,7,0.2647,0.264716064313321,1.6064313321018098e-05,,False
figure1_supp_lam1,figure1_supp,254,1,0.2223,0.222285778848693,1.422115130700341e-05,,False
figure1_supp_lam1,figure1_supp,254,2,0.9982,0.998234322008439,3.4322008439002794e-05,,False
figure1_supp_lam1,figure1_supp,254,3,0.7968,0.796821848600687,2.184860068710215e-05,,False
figure1_supp_lam1,figure1_supp,254,4,0.084,0.0839577503493712,4.224965062880892e-05,,False
figure1_supp_lam1,figure1_supp,254,5,0.0,0.0,0.0,,False
figure1_supp_lam1,figure1_supp,254,6,0.1192,0.119220401049941,2.0401049940999005e-05,,False
figure1_supp_lam1,figure1_supp,254,7,0.2285,0.228501286453062,1.2864530619938197e-06,,False
figure1_supp_lam1,figure1_supp,255,1,0.3274,0.327376738430779,2.326156922100031e-05,,False
figure1_supp_lam1,figure1_supp,255,2,0.0,0.0,0.0,,False
figure1_supp_lam1,figure1_supp,255,3,0.7941,0.794122829119347,2.282911934692322e-05,,False
figure1_supp_lam1,figure1_supp,255,4,0.0865,0.0864658314303765,3.4168569623488354e-05,,False
figure1_supp_lam1,figure1_supp,255,5,0.0,0.0,0.0,,False
figure1_supp_lam1,figure1_supp,255,6,0.1194,0.119411339450277,1.1339450276995344e-05,,False
figure1_supp_lam1,figure1_supp,255,7,0.2261,0.226062420760507,3.75792394929908e-05,,False
figure1_supp_lam1,figure1_supp,256,1,0.0,0.0,0.0,,False
figure1_supp_lam1,figure1_supp,256,2,0.0,0.0,0.0,,False
figure1_supp_lam1,figure1_supp,256,3,0.7948,0.794805116680229,5.116680229066972e-06,,False
figure1_supp_lam1,figure1_supp,256,4,0.0862,0.0861618859482442,3.811405175579985e-05,,False
figure1_supp_lam1,figure1_supp,256,5,0.0,0.0,0.0,,False
figure1_supp_lam1,figure1_supp,256,6,0.119,0.119032997371527,3.299737152701043e-05,,False
figure1_supp_lam1,figure1_supp,256,7,0.2119,0.211860863240353,3.9136759647007135e-05,,False
figure1_supp_lam1,figure1_supp,257,1,0.0,0.0,0.0,,False
figure1_supp_lam1,figure1_supp,257,2,0.0,0.0,0.0,,False
figure1_supp_lam1,figure1_supp,257,3,0.7955,0.795482327516268,1.7672483731967503e-05,,False
figure1_supp_lam1,figure1_supp,257,4,0.0859,0.085877523288349,2.2476711651009396e-05,,False
figure1_supp_lam1,figure1_supp,257,5,0.0,0.0,0.0,,False
figure1_supp_lam1,figure1_supp,257,6,0.1186,0.118640149195383,4.0149195383004654e-05,,False
figure1_supp_lam1,figure1_supp,257,7,0.1853,0.185308671681189,8.671681189009739e-06,,False
figure1_supp_lam1,figure1_supp,258,1,0.0,0.0,0.0,,False
figure1_supp_lam1,figure1_supp,258,2,0.0,0.0,0.0,,False
figure1_supp_lam1,figure1_supp,258,3,0.7962,0.796155083017859,4.491698214104112e-05,,False
figure1_supp_lam1,figure1_supp,258,4,0.0856,0.0855950314354268,4.968564573201717e-06,,False
figure1_supp_lam1,figure1_supp,258,5,0.0,0.0,0.0,,False
figure1_supp_lam1,figure1_supp,258,6,0.1182,0.118249885546714,4.988554671400691e-05,,False
figure1_supp_lam1,figure1_supp,258,7,0.166,0.166022614184951,2.261418495100309e-05,,False
figure1_supp_lam1,figure1_supp,259,1,0.0,0.0,0.0,,False
figure1_supp_lam1,figure1_supp,259,2,0.0,0.0,0.0,,False
figure1_supp_lam1,figure1_supp,259,3,0.7968,0.796823427007964,2.3427007964094138e-05,,False
figure1_supp_lam1,figure1_supp,259,4,0.0853,0.0853143919880975,1.43919880974952e-05,,False
figure1_supp_lam1,figure1_supp,259,5,0.0,0.0,0.0,,False
figure1_supp_lam1,figure1_supp,259,6,0.1179,0.117862181003938,3.781899606200567e-05,,False
figure1_supp_lam1,figure1_supp,259,7,0.1442,0.144244700744578,4.470074457801898e-05,,False
figure1_supp_lam1,figure1_supp,260,1,0.0,0.0,0.0,,False
figure1_supp_lam1,figure1_supp,260,2,0.0,0.0,0.0,,False
figure1_supp_lam1,figure1_supp,260,3,0.7975,0.797487402736697,1.2597263302938089e-05,,False
figure1_supp_lam1,figure1_supp,260,4,0.085,0.0850355867855221,3.558678552209593e-05,,False
figure1_supp_lam1,figure1_supp,260,5,0.0,0.0,0.0,,False
figure1_supp_lam1,figure1_supp,260,6,0.1175,0.117477010477781,2.298952221899131e-05,,False
figure1_supp_lam1,figure1_supp,260,7,0.1126,0.112622452443205,2.2452443204992734e-05,,False
figure1_supp_lam1,figure1_supp,261,1,0.0,0.0,0.0,,False
figure1_supp_lam1,figure1_supp,261,2,0.0,0.0,0.0,,False
figure1_supp_lam1,figure1_supp,261,3,0.7981,0.798147052890649,4.7052890648990875e-05,,False
figure1_supp_lam1,figure1_supp,261,4,0.0848,0.0847585979034845,4.1402096515499864e-05,,False
figure1_supp_lam1,figure1_supp,261,5,0.0,0.0,0.0,,False
figure1_supp_lam1,figure1_supp,261,6,0.1171,0.117094349205867,5.65079413299141e-06,,False
figure1_supp_lam1,figure1_supp,261,7,0.1119,0.111891487799978,8.512200022001148e-06,,False
figure1_supp_lam1,figure1_supp,262,1,0.0,0.0,0.0,,False
figure1_supp_lam1,figure1_supp,262,2,0.0,0.0,0.0,,False
figure1_supp_lam1,figure1_supp,262,3,0.7988,0.798802419602043,2.4196020430578002e-06,,False
figure1_supp_lam1,figure1_supp,262,4,0.0845,0.0844834076505511,1.6592349448910082e-05,,False
figure1_supp_lam1,figure1_supp,262,5,0.0,0.0,0.0,,False
figure1_supp_lam1,figure1_supp,262,6,0.1167,0.116714172747406,1.4172747406004937e-05,,False
figure1_supp_lam1,figure1_supp,262,7,0.114,0.114021945156793,2.1945156792990694e-05,,False
figure1_supp_lam1,figure1_supp,263,1,0.0,0.0,0.0,,False
figure1_supp_lam1,figure1_supp,263,2,0.0,0.0,0.0,,False
figure1_supp_lam1,figure1_supp,263,3,0.7995,0.7994535444577,4.64555422999835e-05,,False
figure1_supp_lam1,figure1_supp,263,4,0.0842,0.0842099985643034,9.998564303406732e-06,,False
figure1_supp_lam1,figure1_supp,263,5,0.0,0.0,0.0,,False
figure1_supp_lam1,figure1_supp,263,6,0.1163,0.116336456977997,3.64569779969931e-05,,False
figure1_supp_lam1,figure1_supp,263,7,0.1236,0.123596420634254,3.57936574600648e-06,,False
figure1_supp_lam1,figure1_supp,264,1,0.0,0.0,0.0,,False
figure1_supp_lam1,figure1_supp,264,2,0.0,0.0,0.0,,False
figure1_supp_lam1,figure1_supp,264,3,0.8001,0.800100468507836,4.6850783597118806e-07,,False
figure1_supp_lam1,figure1_supp,264,4,0.0839,0.0839383534076443,3.8353407644298176e-05,,False
figure1_supp_lam1,figure1_supp,264,5,0.0,0.0,0.0,,False
figure1_supp_lam1,figure1_supp,264,6,0.116,0.11596117808452,3.8821915480005686e-05,,False
figure1_supp_lam1,figure1_supp,264,7,0.0873,0.087328312992742,2.8312992742002274e-05,,False
figure1_supp_lam1,figure1_supp,265,1,0.0,0.0,0.0,,False
figure1_supp_lam1,figure1_supp,265,2,0.0,0.0,0.0,,False
figure1_supp_lam1,figure1_supp,265,3,0.8007,0.800743232274692,4.323227469205104e-05,,False
figure1_supp_lam1,figure1_supp,265,4,0.0837,0.0836684551651761,3.1544834823898915e-05,,False
figure1_supp_lam1,figure1_supp,265,5,0.0,0.0,0.0,,False
figure1_supp_lam1,figure1_supp,265,6,0.1156,0.115588312560132,1.1687439867999472e-05,,False
figure1_supp_lam1,figure1_supp,265,7,0.0826,0.082587153708702,1.2846291298010404e-05,,False
figure1_supp_lam1,figure1_supp,266,1,0.0,0.0,0.0,,False
figure1_supp_lam1,figure1_supp,266,2,0.0,0.0,0.0,,False
figure1_supp_lam1,figure1_supp,266,3,0.8014,0.801381875760991,1.812423900904303e-05,,False
figure1_supp_lam1,figure1_supp,266,4,0.0834,0.0834002870396466,2.8703964659315684e-07,,False
figure1_supp_lam1,figure1_supp,266,5,0.0,0.0,0.0,,False
figure1_supp_lam1,figure1_supp,266,6,0.1152,0.115217837199362,1.7837199362005784e-05,,False
figure1_supp_lam1,figure1_supp,266,7,0.0825,0.0824657702187942,3.422978120580511e-05,,False
figure1_supp_lam1,figure1_supp,267,1,0.2778,0.277843642612081,4.364261208100739e-05,,False
figure1_supp_lam1,figure1_supp,267,2,0.999,0.998956365654319,4.363434568099844e-05,,False
figure1_supp_lam1,figure1_supp,267,3,0.7988,0.798824884574361,2.4884574361005996e-05,,False
figure1_supp_lam1,figure1_supp,267,4,0.0831,0.0831338324484656,3.38324484656094e-05,,False
figure1_supp_lam1,figure1_supp,267,5,0.0,0.0,0.0,,False
figure1_supp_lam1,figure1_supp,267,6,0.118,0.118041282977174,4.128297717401197e-05,,False
figure1_supp_lam1,figure1_supp,267,7,0.1006,0.100599868883379,1.3111662099107857e-07,,False
figure1_supp_lam1,figure1_supp,268,1,0.0,0.0,0.0,,False
figure1_supp_lam1,figure1_supp,268,2,0.0,0.0,0.0,,False
figure1_supp_lam1,figure1_supp,268,3,0.7995,0.799460647486863,3.935251313702537e-05,,False
figure1_supp_lam1,figure1_supp,268,4,0.0827,0.0827169368549955,1.6936854995500128e-05,,False
figure1_supp_lam1,figure1_supp,268,5,0.0,0.0,0.0,,False
figure1_supp_lam1,figure1_supp,268,6,0.1178,0.117822415658141,2.2415658140997885e-05,,False
figure1_supp_lam1,figure1_supp,268,7,0.0971,0.0970744307622644,2.5569237735612038e-05,,False
figure1_supp_lam1,figure1_supp,269,1,0.0,0.0,0.0,,False
figure1_supp_lam1,figure1_supp,269,2,0.0,0.0,0.0,,False
figure1_supp_lam1,figure1_supp,269,3,0.8001,0.800097280351985,2.719648015014897e-06,,False
figure1_supp_lam1,figure1_supp,269,4,0.0825,0.0824543434046622,4.565659533779798e-05,,False
figure1_supp_lam1,figure1_supp,269,5,0.0,0.0,0.0,,False
figure1_supp_lam1,figure1_supp,269,6,0.1174,0.117448376243353,4.837624335299329e-05,,False
figure1_supp_lam1,figure1_supp,269,7,0.1022,0.102200149550074,1.4955007400507814e-07,,False
figure1_supp_lam1,figure1_supp,270,1,0.0,0.0,0.0,,False
figure1_supp_lam1,figure1_supp,270,2,0.0,0.0,0.0,,False
figure1_supp_lam1,figure1_supp,270,3,0.8007,0.800729883895175,2.988389517499801e-05,,False
figure1_supp_lam1,figure1_supp,270,4,0.0822,0.0821934119381917,6.588061808296408e-06,,False
figure1_supp_lam1,figure1_supp,270,5,0.0,0.0,0.0,,False
figure1_supp_lam1,figure1_supp,270,6,0.1171,0.117076704166634,2.3295833365993834e-05,,False
figure1_supp_lam1,figure1_supp,270,7,0.0959,0.0958842075090733,1.579249092670265e-05,,False
figure1_supp_lam1,figure1_supp,271,1,0.0,0.0,0.0,,False
figure1_supp_lam1,figure1_supp,271,2,0.0,0.0,0.0,,False
figure1_supp_lam1,figure1_supp,271,3,0.8014,0.801358496248817,4.150375118294747e-05,,False
figure1_supp_lam1,figure1_supp,271,4,0.0819,0.0819341267270302,3.412672703019537e-05,,False
figure1_supp_lam1,figure1_supp,271,5,0.0,0.0,0.0,,False
figure1_supp_lam1,figure1_supp,271,6,0.1167,0.116707377024152,7.377024152002698e-06,,False
figure1_supp_lam1,figure1_supp,271,7,0.0957,0.0956943780833742,5.621916625786483e-06,,False
figure1_supp_lam1,figure1_supp,272,1,0.2148,0.214830111802163,3.011180216300202e-05,,False
figure1_supp_lam1,figure1_supp,272,2,0.0,0.0,0.0,,False
figure1_supp_lam1,figure1_supp,272,3,0.7988,0.798842815216023,4.281521602300664e-05,,False
figure1_supp_lam1,figure1_supp,272,4,0.0848,0.084816812090089,1.6812090088996756e-05,,False
figure1_supp_lam1,figure1_supp,272,5,0.0,0.0,0.0,,False
figure1_supp_lam1,figure1_supp,272,6,0.1163,0.116340372693888,4.037269388799947e-05,,False
figure1_supp_lam1,figure1_supp,272,7,0.109,0.109025474245419,2.5474245419002117e-05,,False
figure1_supp_lam1,figure1_supp,273,1,0.2842,0.284211594046706,1.159404670597608e-05,,False
figure1_supp_lam1,figure1_supp,273,2,0.7397,0.739655750488341,4.424951165904467e-05,,False
figure1_supp_lam1,figure1_supp,273,3,0.7964,0.79635385447454,4.6145525460006276e-05,,False
figure1_supp_lam1,figure1_supp,273,4,0.0853,0.0852950816411252,4.918358874797524e-06,,False
figure1_supp_lam1,figure1_supp,273,5,0.0,0.0,0.0,,False
figure1_supp_lam1,figure1_supp,273,6,0.1184,0.118351063884335,4.8936115665004776e-05,,False
figure1_supp_lam1,figure1_supp,273,7,0.1281,0.128074945794413,2.5054205586988454e-05,,False
figure1_supp_lam1,figure1_supp,274,1,0.0,0.0,0.0,,False
figure1_supp_lam1,figure1_supp,274,2,0.0,0.0,0.0,,False
figure1_supp_lam1,figure1_supp,274,3,0.797,0.796989409796552,1.0590203448068713e-05,,False
figure1_supp_lam1,figure1_supp,274,4,0.0851,0.0850509648134981,4.9035186501900085e-05,,False
figure1_supp_lam1,figure1_supp,274,5,0.0,0.0,0.0,,False
figure1_supp_lam1,figure1_supp,274,6,0.118,0.117959625389949,4.037461005099163e-05,,False
figure1_supp_lam1,figure1_supp,274,7,0.1287,0.128724177695095,2.4177695094995677e-05,,False
figure1_supp_lam1,figure1_supp,275,1,0.2082,0.208201975422268,1.9754222680135047e-06,,False
figure1_supp_lam1,figure1_supp,275,2,0.9984,0.998431127283646,3.112728364607076e-05,,False
figure1_supp_lam1,figure1_supp,275,3,0.7945,0.794511464198172,1.1464198171995399e-05,,False
figure1_supp_lam1,figure1_supp,275,4,0.0848,0.0847860085368205,1.3991463179499619e-05,,False
figure1_supp_lam1,figure1_supp,275,5,0.0,0.0,0.0,,False
figure1_supp_lam1,figure1_supp,275,6,0.1207,0.120702527265008,2.5272650080038206e-06,,False
figure1_supp_lam1,figure1_supp,275,7,0.1115,0.111500899056282,8.990562819916059e-07,,False
figure1_supp_lam1,figure1_supp,276,1,0.0,0.0,0.0,,False
figure1_supp_lam1,figure1_supp,276,2,0.0,0.0,0.0,,False
figure1_supp_lam1,figure1_supp,276,3,0.7951,0.795149059348903,4.905934890298003e-05,,False
figure1_supp_lam1,figure1_supp,276,4,0.0845,0.0845118380609899,1.1838060989893817e-05,,False
figure1_supp_lam1,figure1_supp,276,5,0.0,0.0,0.0,,False
figure1_supp_lam1,figure1_supp,276,6,0.1203,0.120339102590107,3.910259010699024e-05,,False
figure1_supp_lam1,figure1_supp,276,7,0.1336,0.133565352867579,3.46471324209896e-05,,False
figure1_supp_lam1,figure1_supp,277,1,0.0,0.0,0.0,,False
figure1_supp_lam1,figure1_supp,277,2,0.0,0.0,0.0,,False
figure1_supp_lam1,figure1_supp,277,3,0.7958,0.795783272787451,1.672721254897258e-05,,False
figure1_supp_lam1,figure1_supp,277,4,0.0843,0.0842501915035255,4.980849647449881e-05,,False
figure1_supp_lam1,figure1_supp,277,5,0.0,0.0,0.0,,False
figure1_supp_lam1,figure1_supp,277,6,0.12,0.119966535709023,3.346429097698944e-05,,False
figure1_supp_lam1,figure1_supp,277,7,0.1558,0.1558137760999,1.3776099899998062e-05,,False
figure1_supp_lam1,figure1_supp,278,1,0.0,0.0,0.0,,False
figure1_supp_lam1,figure1_supp,278,2,0.0,0.0,0.0,,False
figure1_supp_lam1,figure1_supp,278,3,0.7964,0.796413571328231,1.3571328230987945e-05,,False
figure1_supp_lam1,figure1_supp,278,4,0.084,0.0839901600482677,9.839951732301677e-06,,False
figure1_supp_lam1,figure1_supp,278,5,0.0,0.0,0.0,,False
figure1_supp_lam1,figure1_supp,278,6,0.1196,0.119596268623501,3.7313764989915787e-06,,False
figure1_supp_lam1,figure1_supp,278,7,0.1571,0.157110313463912,1.031346391200394e-05,,False
figure1_supp_lam1,figure1_supp,279,1,0.0,0.0,0.0,,False
figure1_supp_lam1,figure1_supp,279,2,0.0,0.0,0.0,,False
figure1_supp_lam1,figure1_supp,279,3,0.797,0.79703999110876,3.999110875996248e-05,,False
figure1_supp_lam1,figure1_supp,279,4,0.0837,0.0837317287865808,3.172878658080913e-05,,False
figure1_supp_lam1,figure1_supp,279,5,0.0,0.0,0.0,,False
figure1_supp_lam1,figure1_supp,279,6,0.1192,0.11922828010466,2.828010465999453e-05,,False
figure1_supp_lam1,figure1_supp,279,7,0.1383,0.138308534265969,8.534265969001309e-06,,False
figure1_supp_lam1,figure1_supp,280,1,0.0,0.0,0.0,,False
figure1_supp_lam1,figure1_supp,280,2,0.0,0.0,0.0,,False
figure1_supp_lam1,figure1_supp,280,3,0.7977,0.79766256782315,3.74321768499275e-05,,False
figure1_supp_lam1,figure1_supp,280,4,0.0835,0.0834748829927569,2.5117007243100065e-05,,False
figure1_supp_lam1,figure1_supp,280,5,0.0,0.0,0.0,,False
figure1_supp_lam1,figure1_supp,280,6,0.1189,0.118862549184093,3.7450815907003054e-05,,False
figure1_supp_lam1,figure1_supp,280,7,0.1561,0.156061442153045,3.855784695500075e-05,,False
figure1_supp_lam1,figure1_supp,281,1,0.0,0.0,0.0,,False
figure1_supp_lam1,figure1_supp,281,2,0.0,0.0,0.0,,False
figure1_supp_lam1,figure1_supp,281,3,0.7983,0.79828133672889,1.866327110999766e-05,,False
figure1_supp_lam1,figure1_supp,281,4,0.0832,0.0832196081212194,1.960812121939992e-05,,False
figure1_supp_lam1,figure1_supp,281,5,0.0,0.0,0.0,,False
figure1_supp_lam1,figure1_supp,281,6,0.1185,0.118499055149891,9.448501089998063e-07,,False
figure1_supp_lam1,figure1_supp,281,7,0.1709,0.170863028965778,3.697103422198311e-05,,False
figure1_supp_lam1,figure1_supp,282,1,0.0,0.0,0.0,,False
figure1_supp_lam1,figure1_supp,282,2,0.0,0.0,0.0,,False
figure1_supp_lam1,figure1_supp,282,3,0.7989,0.798896332653497,3.667346503033464e-06,,False
figure1_supp_lam1,figure1_supp,282,4,0.083,0.0829658898037767,3.4110196223305356e-05,,False
figure1_supp_lam1,figure1_supp,282,5,0.0,0.0,0.0,,False
figure1_supp_lam1,figure1_supp,282,6,0.1181,0.118137777542727,3.7777542727004954e-05,,False
figure1_supp_lam1,figure1_supp,282,7,0.1805,0.180497906561678,2.0934383219983754e-06,,False
figure1_supp_lam1,figure1_supp,283,1,0.2515,0.251495176765482,4.823234518003261e-06,,False
figure1_supp_lam1,figure1_supp,283,2,0.9984,0.998438642801557,3.864280155707611e-05,,False
figure1_supp_lam1,figure1_supp,283,3,0.7965,0.796472822089804,2.7177910196019006e-05,,False
figure1_supp_lam1,figure1_supp,283,4,0.0827,0.0827137138469263,1.3713846926305395e-05,,False
figure1_supp_lam1,figure1_supp,283,5,0.0,0.0,0.0,,False
figure1_supp_lam1,figure1_supp,283,6,0.1208,0.12081346406327,1.3464063269991167e-05,,False
figure1_supp_lam1,figure1_supp,283,7,0.2061,0.206134684773194,3.4684773193988105e-05,,False
figure1_supp_lam1,figure1_supp,284,1,0.0,0.0,0.0,,False
figure1_supp_lam1,figure1_supp,284,2,0.0,0.0,0.0,,False
figure1_supp_lam1,figure1_supp,284,3,0.7971,0.797089132749311,1.0867250688995078e-05,,False
figure1_supp_lam1,figure1_supp,284,4,0.0825,0.0824562762397113,4.372376028870251e-05,,False
figure1_supp_lam1,figure1_supp,284,5,0.0,0.0,0.0,,False
figure1_supp_lam1,figure1_supp,284,6,0.1205,0.120454591010978,4.540898902199997e-05,,False
figure1_supp_lam1,figure1_supp,284,7,0.2208,0.220799511761147,4.882388529858783e-07,,False
figure1_supp_lam1,figure1_supp,285,1,0.0,0.0,0.0,,False
figure1_supp_lam1,figure1_supp,285,2,0.0,0.0,0.0,,False
figure1_supp_lam1,figure1_supp,285,3,0.7977,0.797702156517439,2.156517439066974e-06,,False
figure1_supp_lam1,figure1_supp,285,4,0.0822,0.0822071636226729,7.163622672903824e-06,,False
figure1_supp_lam1,figure1_supp,285,5,0.0,0.0,0.0,,False
figure1_supp_lam1,figure1_supp,285,6,0.1201,0.120090679859888,9.320140111998554e-06,,False
figure1_supp_lam1,figure1_supp,285,7,0.1971,0.197104708842403,4.708842403000624e-06,,False
figure1_supp_lam1,figure1_supp,286,1,0.2652,0.265203418672642,3.4186726420304403e-06,,False
figure1_supp_lam1,figure1_supp,286,2,0.2584,0.2583598667742,4.013322580004308e-05,,False
figure1_supp_lam1,figure1_supp,286,3,0.7953,0.795304124863815,4.124863814958246e-06,,False
figure1_supp_lam1,figure1_supp,286,4,0.0842,0.0841887218217359,1.127817826410138e-05,,False
figure1_supp_lam1,figure1_supp,286,5,0.0,0.0,0.0,,False
figure1_supp_lam1,figure1_supp,286,6,0.1205,0.120507153314449,7.1533144490043554e-06,,False
figure1_supp_lam1,figure1_supp,286,7,0.2001,0.200105118404786,5.118404786008668e-06,,False
figure1_supp_lam1,figure1_supp,287,1,0.2375,0.237530920206968,3.0920206968015895e-05,,False
figure1_supp_lam1,figure1_supp,287,2,1.0,1.0,0.0,,False
figure1_supp_lam1,figure1_supp,287,3,0.793,0.792960476232383,3.9523767617066774e-05,,False
figure1_supp_lam1,figure1_supp,287,4,0.0833,0.0832623088152424,3.769118475760447e-05,,False
figure1_supp_lam1,figure1_supp,287,5,0.0,0.0,0.0,,False
figure1_supp_lam1,figure1_supp,287,6,0.1238,0.123777214952374,2.2785047625997756e-05,,False
figure1_supp_lam1,figure1_supp,287,7,0.2247,0.224685217808114,1.4782191885998053e-05,,False
figure1_supp_lam1,figure1_supp,288,1,0.0,0.0,0.0,,False
figure1_supp_lam1,figure1_supp,288,2,0.0,0.0,0.0,,False
figure1_supp_lam1,figure1_supp,288,3,0.7936,0.793580273129233,1.972687076701174e-05,,False
figure1_supp_lam1,figure1_supp,288,4,0.083,0.083010130000544,1.013000054399249e-05,,False
figure1_supp_lam1,figure1_supp,288,5,0.0,0.0,0.0,,False
figure1_supp_lam1,figure1_supp,288,6,0.1234,0.123409596870223,9.596870223005372e-06,,False
figure1_supp_lam1,figure1_supp,288,7,0.2113,0.211272383214666,2.761678533400036e-05,,False
figure1_supp_lam1,figure1_supp,289,1,0.0,0.0,0.0,,False
figure1_supp_lam1,figure1_supp,289,2,0.0,0.0,0.0,,False
figure1_supp_lam1,figure1_supp,289,3,0.7942,0.7941964514184,3.548581600010259e-06,,False
figure1_supp_lam1,figure1_supp,289,4,0.0828,0.0827623385677066,3.7661432293403796e-05,,False
figure1_supp_lam1,figure1_supp,289,5,0.0,0.0,0.0,,False
figure1_supp_lam1,figure1_supp,289,6,0.123,0.123041210013894,4.121001389399692e-05,,False
figure1_supp_lam1,figure1_supp,289,7,0.1923,0.192309246849976,9.246849975996785e-06,,False
figure1_supp_lam1,figure1_supp,290,1,0.0,0.0,0.0,,False
figure1_supp_lam1,figure1_supp,290,2,0.0,0.0,0.0,,False
figure1_supp_lam1,figure1_supp,290,3,0.7948,0.794808961979654,8.961979654054097e-06,,False
figure1_supp_lam1,figure1_supp,290,4,0.0825,0.0825160220838741,1.6022083874092652e-05,,False
figure1_supp_lam1,figure1_supp,290,5,0.0,0.0,0.0,,False
figure1_supp_lam1,figure1_supp,290,6,0.1227,0.122675015936472,2.498406352800797e-05,,False
figure1_supp_lam1,figure1_supp,290,7,0.1858,0.185815191151095,1.5191151094995359e-05,,False
figure1_supp_lam1,figure1_supp,291,1,0.0,0.0,0.0,,False
figure1_supp_lam1,figure1_supp,291,2,0.0,0.0,0.0,,False
figure1_supp_lam1,figure1_supp,291,3,0.7954,0.795417837463394,1.7837463394010378e-05,,False
figure1_supp_lam1,figure1_supp,291,4,0.0823,0.0822711674189368,2.8832581063203966e-05,,False
figure1_supp_lam1,figure1_supp,291,5,0.0,0.0,0.0,,False
figure1_supp_lam1,figure1_supp,291,6,0.1223,0.122310995117669,1.0995117668999299e-05,,False
figure1_supp_lam1,figure1_supp,291,7,0.1885,0.18854129338138,4.129338138000871e-05,,False
figure1_supp_lam1,figure1_supp,292,1,0.0,0.0,0.0,,False
figure1_supp_lam1,figure1_supp,292,2,0.0,0.0,0.0,,False
figure1_supp_lam1,figure1_supp,292,3,0.796,0.796023110133621,2.311013362099601e-05,,False
figure1_supp_lam1,figure1_supp,292,4,0.082,0.0820277615981707,2.776159817069468e-05,,False
figure1_supp_lam1,figure1_supp,292,5,0.0,0.0,0.0,,False
figure1_supp_lam1,figure1_supp,292,6,0.1219,0.121949128268208,4.9128268208006864e-05,,False
figure1_supp_lam1,figure1_supp,292,7,0.1756,0.175602733190765,2.7331907649918996e-06,,False
figure1_supp_lam1,figure1_supp,293,1,0.0,0.0,0.0,,False
figure1_supp_lam1,figure1_supp,293,2,0.0,0.0,0.0,,False
figure1_supp_lam1,figure1_supp,293,3,0.7966,0.79662481187364,2.4811873640007143e-05,,False
figure1_supp_lam1,figure1_supp,293,4,0.0818,0.081785791799946,1.4208200054002806e-05,,False
figure1_supp_lam1,figure1_supp,293,5,0.0,0.0,0.0,,False
figure1_supp_lam1,figure1_supp,293,6,0.1216,0.121589396326414,1.0603673586004336e-05,,False
figure1_supp_lam1,figure1_supp,293,7,0.1597,0.159650993107728,4.9006892271996616e-05,,False
figure1_supp_lam1,figure1_supp,294,1,0.0,0.0,0.0,,False
figure1_supp_lam1,figure1_supp,294,2,0.0,0.0,0.0,,False
figure1_supp_lam1,figure1_supp,294,3,0.7972,0.797222974191658,2.2974191657976206e-05,,False
figure1_supp_lam1,figure1_supp,294,4,0.0815,0.0815452453534756,4.524535347559533e-05,,False
figure1_supp_lam1,figure1_supp,294,5,0.0,0.0,0.0,,False
figure1_supp_lam1,figure1_supp,294,6,0.1212,0.121231780454866,3.178045486600112e-05,,False
figure1_supp_lam1,figure1_supp,294,7,0.153,0.152998504128164,1.4958718360102985e-06,,False
figure1_supp_lam1,figure1_supp,295,1,0.0,0.0,0.0,,False
figure1_supp_lam1,figure1_supp,295,2,0.0,0.0,0.0,,False
figure1_supp_lam1,figure1_supp,295,3,0.7978,0.797817628226287,1.762822628703642e-05,,False
figure1_supp_lam1,figure1_supp,295,4,0.0813,0.0813061097366032,6.109736603199245e-06,,False
figure1_supp_lam1,figure1_supp,295,5,0.0,0.0,0.0,,False
figure1_supp_lam1,figure1_supp,295,6,0.1209,0.12087626203711,2.3737962889999742e-05,,False
figure1_supp_lam1,figure1_supp,295,7,0.1317,0.131673982548721,2.6017451279003456e-05,,False
figure1_supp_lam1,figure1_supp,296,1,0.0,0.0,0.0,,False
figure1_supp_lam1,figure1_supp,296,2,0.0,0.0,0.0,,False
figure1_supp_lam1,figure1_supp,296,3,0.7984,0.798408804751941,8.804751940982847e-06,,False
figure1_supp_lam1,figure1_supp,296,4,0.0811,0.0810683725736307,3.1627426369307265e-05,,False
figure1_supp_lam1,figure1_supp,296,5,0.0,0.0,0.0,,False
figure1_supp_lam1,figure1_supp,296,6,0.1205,0.120522822674428,2.282267442800523e-05,,False
figure1_supp_lam1,figure1_supp,296,7,0.1359,0.135919801275787,1.980127578701807e-05,,False
figure1_supp_lam1,figure1_supp,297,1,0.0,0.0,0.0,,False
figure1_supp_lam1,figure1_supp,297,2,0.0,0.0,0.0,,False
figure1_supp_lam1,figure1_supp,297,3,0.799,0.798996534184151,3.465815849090781e-06,,False
figure1_supp_lam1,figure1_supp,297,4,0.0808,0.0808320216331828,3.202163318280493e-05,,False
figure1_supp_lam1,figure1_supp,297,5,0.0,0.0,0.0,,False
figure1_supp_lam1,figure1_supp,297,6,0.1202,0.120171444182666,2.8555817334005584e-05,,False
figure1_supp_lam1,figure1_supp,297,7,0.1247,0.124666290349605,3.3709650395008506e-05,,False
figure1_supp_lam1,figure1_supp,298,1,0.0,0.0,0.0,,False
figure1_supp_lam1,figure1_supp,298,2,0.0,0.0,0.0,,False
figure1_supp_lam1,figure1_supp,298,3,0.7996,0.799580846584778,1.91534152219619e-05,,False
figure1_supp_lam1,figure1_supp,298,4,0.0806,0.0805970448261096,2.9551738904010083e-06,,False
figure1_supp_lam1,figure1_supp,298,5,0.0,0.0,0.0,,False
figure1_supp_lam1,figure1_supp,298,6,0.1198,0.119822108589112,2.2108589112002086e-05,,False
figure1_supp_lam1,figure1_supp,298,7,0.1203,0.120330753037711,3.075303771099547e-05,,False
figure1_supp_lam1,figure1_supp,299,1,0.0,0.0,0.0,,False
figure1_supp_lam1,figure1_supp,299,2,0.0,0.0,0.0,,False
figure1_supp_lam1,figure1_supp,299,3,0.8002,0.800161771667142,3.822833285804794e-05,,False
figure1_supp_lam1,figure1_supp,299,4,0.0804,0.0803634302034252,3.6569796574792424e-05,,False
figure1_supp_lam1,figure1_supp,299,5,0.0,0.0,0.0,,False
figure1_supp_lam1,figure1_supp,299,6,0.1195,0.119474798129433,2.5201870566995965e-05,,False
figure1_supp_lam1,figure1_supp,299,7,0.0423,0.042303362920516,3.362920516003509e-06,,False
figure1_supp_lam1,figure1_supp,300,1,0.0,0.0,0.0,,False
figure1_supp_lam1,figure1_supp,300,2,0.0,0.0,0.0,,False
figure1_supp_lam1,figure1_supp,300,3,0.8007,0.800739338801052,3.933880105200238e-05,,False
figure1_supp_lam1,figure1_supp,300,4,0.0801,0.0801311659542824,3.1165954282388886e-05,,False
figure1_supp_lam1,figure1_supp,300,5,0.0,0.0,0.0,,False
figure1_supp_lam1,figure1_supp,300,6,0.1191,0.119129495244666,2.9495244666000175e-05,,False
figure1_supp_lam1,figure1_supp,300,7,0.0283,0.0282517823516616,4.821764833840003e-05,,False
figure1_supp_lam1,figure1_supp,301,1,0.0,0.0,0.0,,False
figure1_supp_lam1,figure1_supp,301,2,0.0,0.0,0.0,,False
figure1_supp_lam1,figure1_supp,301,3,0.8013,0.801313577017763,1.3577017762944621e-05,,False
figure1_supp_lam1,figure1_supp,301,4,0.0799,0.0799002404039819,2.404039819020598e-07,,False
figure1_supp_lam1,figure1_supp,301,5,0.0,0.0,0.0,,False
figure1_supp_lam1,figure1_supp,301,6,0.1188,0.118786182578255,1.3817421744999336e-05,,False
figure1_supp_lam1,figure1_supp,301,7,0.0278,0.0278358520757272,3.58520757272017e-05,,False
figure1_supp_lam1,figure1_supp,302,1,0.0,0.0,0.0,,False
figure1_supp_lam1,figure1_supp,302,2,0.0,0.0,0.0,,False
figure1_supp_lam1,figure1_supp,302,3,0.8019,0.801884515014838,1.548498516190655e-05,,False
figure1_supp_lam1,figure1_supp,302,4,0.0797,0.0796706420120164,2.935798798359146e-05,,False
figure1_supp_lam1,figure1_supp,302,5,0.0,0.0,0.0,,False
figure1_supp_lam1,figure1_supp,302,6,0.1184,0.118444842973145,4.484297314499841e-05,,False
figure1_supp_lam1,figure1_supp,302,7,0.0354,0.0354083220216736,8.322021673598523e-06,,False
figure1_supp_lam1,figure1_supp,303,1,0.0,0.0,0.0,,False
figure1_supp_lam1,figure1_supp,303,2,0.0,0.0,0.0,,False
figure1_supp_lam1,figure1_supp,303,3,0.8025,0.802452181160928,4.781883907201134e-05,,False
figure1_supp_lam1,figure1_supp,303,4,0.0794,0.0794423593701482,4.2359370148195574e-05,,False
figure1_supp_lam1,figure1_supp,303,5,0.0,0.0,0.0,,False
figure1_supp_lam1,figure1_supp,303,6,0.1181,0.118105459468924,5.459468924010058e-06,,False
figure1_supp_lam1,figure1_supp,303,7,0.0354,0.0354078960430934,7.896043093397198e-06,,False
figure1_supp_lam1,figure1_supp,304,1,0.0,0.0,0.0,,False
figure1_supp_lam1,figure1_supp,304,2,0.0,0.0,0.0,,False
figure1_supp_lam1,figure1_supp,304,3,0.803,0.803016603500468,1.6603500467948784e-05,,False
figure1_supp_lam1,figure1_supp,304,4,0.0792,0.0792153812005192,1.538120051919334e-05,,False
figure1_supp_lam1,figure1_supp,304,5,0.0,0.0,0.0,,False
figure1_supp_lam1,figure1_supp,304,6,0.1178,0.117768015299013,3.1984700987003345e-05,,False
figure1_supp_lam1,figure1_supp,304,7,0.035,0.0349937174783495,6.282521650503858e-06,,False
figure1_supp_lam1,figure1_supp,305,1,0.0,0.0,0.0,,False
figure1_supp_lam1,figure1_supp,305,2,0.0,0.0,0.0,,False
figure1_supp_lam1,figure1_supp,305,3,0.8036,0.803577809758301,2.219024169902717e-05,,False
figure1_supp_lam1,figure1_supp,305,4,0.079,0.078989696353794,1.0303646205994665e-05,,False
figure1_supp_lam1,figure1_supp,305,5,0.0,0.0,0.0,,False
figure1_supp_lam1,figure1_supp,305,6,0.1174,0.117432493887904,3.249388790399488e-05,,False
figure1_supp_lam1,figure1_supp,305,7,0.0346,0.0346401260462923,4.012604629229782e-05,,False
figure1_supp_lam1,figure1_supp,306,1,0.0,0.0,0.0,,False
figure1_supp_lam1,figure1_supp,306,2,0.0,0.0,0.0,,False
figure1_supp_lam1,figure1_supp,306,3,0.8041,0.804135827344216,3.582734421592182e-05,,False
figure1_supp_lam1,figure1_supp,306,4,0.0788,0.0787652938073344,3.4706192665601154e-05,,False
figure1_supp_lam1,figure1_supp,306,5,0.0,0.0,0.0,,False
figure1_supp_lam1,figure1_supp,306,6,0.1171,0.11709887884845,1.1211515500014757e-06,,False
figure1_supp_lam1,figure1_supp,306,7,0.042,0.0419949338246835,5.066175316502386e-06,,False
figure1_supp_lam1,figure1_supp,307,1,0.1903,0.190304088242253,4.088242253008634e-06,,False
figure1_supp_lam1,figure1_supp,307,2,0.9979,0.997880796946324,1.9203053675975745e-05,,False
figure1_supp_lam1,figure1_supp,307,3,0.8019,0.801863825575687,3.617442431291806e-05,,False
figure1_supp_lam1,figure1_supp,307,4,0.0785,0.0785421626634042,4.2162663404204936e-05,,False
figure1_supp_lam1,figure1_supp,307,5,0.0,0.0,0.0,,False
figure1_supp_lam1,figure1_supp,307,6,0.1196,0.119594011760909,5.98823909099544e-06,,False
figure1_supp_lam1,figure1_supp,307,7,0.0581,0.05813360922145,3.3609221450001114e-05,,False
figure1_supp_lam1,figure1_supp,308,1,0.2475,0.247465485036111,3.451496388900965e-05,,False
figure1_supp_lam1,figure1_supp,308,2,1.0,1.0,0.0,,False
figure1_supp_lam1,figure1_supp,308,3,0.7996,0.799603243880311,3.243880311032399e-06,,False
figure1_supp_lam1,figure1_supp,308,4,0.0779,0.077894612015785,5.387984214996755e-06,,False
figure1_supp_lam1,figure1_supp,308,5,0.0,0.0,0.0,,False
figure1_supp_lam1,figure1_supp,308,6,0.1225,0.122502144103903,2.1441039030067888e-06,,False
figure1_supp_lam1,figure1_supp,308,7,0.0958,0.0957907917134445,9.208286555498213e-06,,False
figure1_supp_lam1,figure1_supp,309,1,0.0,0.0,0.0,,False
figure1_supp_lam1,figure1_supp,309,2,0.0,0.0,0.0,,False
figure1_supp_lam1,figure1_supp,309,3,0.8002,0.800168979274407,3.1020725593022824e-05,,False
figure1_supp_lam1,figure1_supp,309,4,0.0777,0.0776836198789107,1.6380121089301647e-05,,False
figure1_supp_lam1,figure1_supp,309,5,0.0,0.0,0.0,,False
figure1_supp_lam1,figure1_supp,309,6,0.1221,0.122147400846682,4.740084668200528e-05,,False
figure1_supp_lam1,figure1_supp,309,7,0.1023,0.102303342594731,3.342594731003956e-06,,False
figure1_supp_lam1,figure1_supp,310,1,0.193,0.193009925315249,9.925315248987543e-06,,False
figure1_supp_lam1,figure1_supp,310,2,0.9978,0.997805588156065,5.588156064995076e-06,,False
figure1_supp_lam1,figure1_supp,310,3,0.7979,0.797927477680501,2.7477680500931356e-05,,False
figure1_supp_lam1,figure1_supp,310,4,0.0775,0.0774654074635205,3.459253647949967e-05,,False
figure1_supp_lam1,figure1_supp,310,5,0.0,0.0,0.0,,False
figure1_supp_lam1,figure1_supp,310,6,0.1246,0.124607114855979,7.114855978998524e-06,,False
figure1_supp_lam1,figure1_supp,310,7,0.1318,0.131788587552961,1.1412447039005347e-05,,False
figure1_supp_lam1,figure1_supp,311,1,0.2802,0.280209549685296,9.549685295984212e-06,,False
figure1_supp_lam1,figure1_supp,311,2,1.0,1.0,0.0,,False
figure1_supp_lam1,figure1_supp,311,3,0.7957,0.795668136312919,3.186368708096854e-05,,False
figure1_supp_lam1,figure1_supp,311,4,0.0773,0.0772660355901261,3.396440987389615e-05,,False
figure1_supp_lam1,figure1_supp,311,5,0.0,0.0,0.0,,False
figure1_supp_lam1,figure1_supp,311,6,0.1271,0.127065828096955,3.4171903044999397e-05,,False
figure1_supp_lam1,figure1_supp,311,7,0.2351,0.235086097521649,1.3902478351007774e-05,,False
figure1_supp_lam1,figure1_supp,312,1,0.2534,0.253363819149148,3.618085085199674e-05,,False
figure1_supp_lam1,figure1_supp,312,2,1.0,1.0,0.0,,False
figure1_supp_lam1,figure1_supp,312,3,0.7935,0.793472935417072,2.7064582928004732e-05,,False
figure1_supp_lam1,figure1_supp,312,4,0.0764,0.0764222052730114,2.2205273011402515e-05,,False
figure1_supp_lam1,figure1_supp,312,5,0.0,0.0,0.0,,False
figure1_supp_lam1,figure1_supp,312,6,0.1301,0.130104859309917,4.859309917004673e-06,,False
figure1_supp_lam1,figure1_supp,312,7,0.232,0.231952139429434,4.7860570566021776e-05,,False
figure1_supp_lam1,figure1_supp,313,1,0.2833,0.283327488764478,2.748876447800086e-05,,False
figure1_supp_lam1,figure1_supp,313,2,0.0,0.0,0.0,,False
figure1_supp_lam1,figure1_supp,313,3,0.7913,0.791273734159282,2.6265840717965006e-05,,False
figure1_supp_lam1,figure1_supp,313,4,0.0788,0.078835593186238,3.5593186238011554e-05,,False
figure1_supp_lam1,figure1_supp,313,5,0.0,0.0,0.0,,False
figure1_supp_lam1,figure1_supp,313,6,0.1299,0.12989067265448,9.32734551997716e-06,,False
figure1_supp_lam1,figure1_supp,313,7,0.2366,0.236608381857084,8.381857083988864e-06,,False
figure1_supp_lam1,figure1_supp,314,1,0.0,0.0,0.0,,False
figure1_supp_lam1,figure1_supp,314,2,0.0,0.0,0.0,,False
figure1_supp_lam1,figure1_supp,314,3,0.7918,0.791840557934203,4.055793420310039e-05,,False
figure1_supp_lam1,figure1_supp,314,4,0.0788,0.0788020349889539,2.034988953902861e-06,,False
figure1_supp_lam1,figure1_supp,314,5,0.0,0.0,0.0,,False
figure1_supp_lam1,figure1_supp,314,6,0.1294,0.129357407076843,4.259292315697549e-05,,False
figure1_supp_lam1,figure1_supp,314,7,0.2198,0.219779074331722,2.092566827799347e-05,,False
figure1_supp_lam1,figure1_supp,315,1,0.0,0.0,0.0,,False
figure1_supp_lam1,figure1_supp,315,2,0.0,0.0,0.0,,False
figure1_supp_lam1,figure1_supp,315,3,0.7924,0.792417176887294,1.7176887293968157e-05,,False
figure1_supp_lam1,figure1_supp,315,4,0.0786,0.0785837468033889,1.6253196611110132e-05,,False
figure1_supp_lam1,figure1_supp,315,5,0.0,0.0,0.0,,False
figure1_supp_lam1,figure1_supp,315,6,0.129,0.128999076309318,9.236906819976021e-07,,False
figure1_supp_lam1,figure1_supp,315,7,0.202,0.201956273671755,4.372632824500844e-05,,False
figure1_supp_lam1,figure1_supp,316,1,0.0,0.0,0.0,,False
figure1_supp_lam1,figure1_supp,316,2,0.0,0.0,0.0,,False
figure1_supp_lam1,figure1_supp,316,3,0.793,0.792990610100312,9.389899688017067e-06,,False
figure1_supp_lam1,figure1_supp,316,4,0.0784,0.0783666646298989,3.3335370101097994e-05,,False
figure1_supp_lam1,figure1_supp,316,5,0.0,0.0,0.0,,False
figure1_supp_lam1,figure1_supp,316,6,0.1286,0.128642725269789,4.272526978901792e-05,,False
figure1_supp_lam1,figure1_supp,316,7,0.1764,0.176397091421825,2.9085781750037842e-06,,False
figure1_supp_lam1,figure1_supp,317,1,0.0,0.0,0.0,,False
figure1_supp_lam1,figure1_supp,317,2,0.0,0.0,0.0,,False
figure1_supp_lam1,figure1_supp,317,3,0.7936,0.793560883901689,3.911609831097618e-05,,False
figure1_supp_lam1,figure1_supp,317,4,0.0782,0.0781507785014419,4.922149855809965e-05,,False
figure1_supp_lam1,figure1_supp,317,5,0.0,0.0,0.0,,False
figure1_supp_lam1,figure1_supp,317,6,0.1283,0.128288337596869,1.1662403130996424e-05,,False
figure1_supp_lam1,figure1_supp,317,7,0.1566,0.156574889463878,2.5110536122002758e-05,,False
figure1_supp_lam1,figure1_supp,318,1,0.0,0.0,0.0,,False
figure1_supp_lam1,figure1_supp,318,2,0.0,0.0,0.0,,False
figure1_supp_lam1,figure1_supp,318,3,0.7941,0.79412802433053,2.8024330529952124e-05,,False
figure1_supp_lam1,figure1_supp,318,4,0.0779,0.0779360785605038,3.607856050380498e-05,,False
figure1_supp_lam1,figure1_supp,318,5,0.0,0.0,0.0,,False
figure1_supp_lam1,figure1_supp,318,6,0.1279,0.127935897108966,3.589710896598208e-05,,False
figure1_supp_lam1,figure1_supp,318,7,0.1405,0.140450367401283,4.963259871701431e-05,,False
figure1_supp_lam1,figure1_supp,319,1,0.0,0.0,0.0,,False
figure1_supp_lam1,figure1_supp,319,2,0.0,0.0,0.0,,False
figure1_supp_lam1,figure1_supp,319,3,0.7947,0.794692057140583,7.942859416965042e-06,,False
figure1_supp_lam1,figure1_supp,319,4,0.0777,0.0777225550575984,2.2555057598391826e-05,,False
figure1_supp_lam1,figure1_supp,319,5,0.0,0.0,0.0,,False
figure1_supp_lam1,figure1_supp,319,6,0.1276,0.127585387801818,1.4612198181995772e-05,,False
figure1_supp_lam1,figure1_supp,319,7,0.1709,0.170924433275834,2.443327583401267e-05,,False
figure1_supp_lam1,figure1_supp,320,1,0.0,0.0,0.0,,False
figure1_supp_lam1,figure1_supp,320,2,0.0,0.0,0.0,,False
figure1_supp_lam1,figure1_supp,320,3,0.7953,0.795253007804134,4.699219586601355e-05,,False
figure1_supp_lam1,figure1_supp,320,4,0.0775,0.0775101983497907,1.0198349790699335e-05,,False
figure1_supp_lam1,figure1_supp,320,5,0.0,0.0,0.0,,False
figure1_supp_lam1,figure1_supp,320,6,0.1272,0.127236793846075,3.679384607499503e-05,,False
figure1_supp_lam1,figure1_supp,320,7,0.1901,0.190103243195613,3.2431956130118955e-06,,False
figure1_supp_lam1,figure1_supp,321,1,0.0,0.0,0.0,,False
figure1_supp_lam1,figure1_supp,321,2,0.0,0.0,0.0,,False
figure1_supp_lam1,figure1_supp,321,3,0.7958,0.795810901515839,1.090151583904575e-05,,False
figure1_supp_lam1,figure1_supp,321,4,0.0773,0.0772989988992463,1.0011007536975258e-06,,False
figure1_supp_lam1,figure1_supp,321,5,0.0,0.0,0.0,,False
figure1_supp_lam1,figure1_supp,321,6,0.1269,0.126890099584915,9.90041508500128e-06,,False
figure1_supp_lam1,figure1_supp,321,7,0.1763,0.176309290755312,9.290755311974763e-06,,False
figure1_supp_lam1,figure1_supp,322,1,0.0,0.0,0.0,,False
figure1_supp_lam1,figure1_supp,322,2,0.0,0.0,0.0,,False
figure1_supp_lam1,figure1_supp,322,3,0.7964,0.796365763196503,3.423680349701197e-05,,False
figure1_supp_lam1,figure1_supp,322,4,0.0771,0.0770889472718027,1.1052728197305517e-05,,False
figure1_supp_lam1,figure1_supp,322,5,0.0,0.0,0.0,,False
figure1_supp_lam1,figure1_supp,322,6,0.1265,0.126545289531695,4.52895316949975e-05,,False
figure1_supp_lam1,figure1_supp,322,7,0.2019,0.201937329410178,3.7329410178005284e-05,,False
figure1_supp_lam1,figure1_supp,323,1,0.0,0.0,0.0,,False
figure1_supp_lam1,figure1_supp,323,2,0.0,0.0,0.0,,False
figure1_supp_lam1,figure1_supp,323,3,0.7969,0.796917617496783,1.761749678297342e-05,,False
figure1_supp_lam1,figure1_supp,323,4,0.0769,0.0768800341355647,1.996586443529791e-05,,False
figure1_supp_lam1,figure1_supp,323,5,0.0,0.0,0.0,,False
figure1_supp_lam1,figure1_supp,323,6,0.1262,0.126202348367652,2.348367652005301e-06,,False
figure1_supp_lam1,figure1_supp,323,7,0.1408,0.140757483898418,4.251610158201302e-05,,False
figure1_supp_lam1,figure1_supp,324,1,0.0,0.0,0.0,,False
figure1_supp_lam1,figure1_supp,324,2,0.0,0.0,0.0,,False
figure1_supp_lam1,figure1_supp,324,3,0.7975,0.797466488800846,3.351119915395717e-05,,False
figure1_supp_lam1,figure1_supp,324,4,0.0767,0.0766722502595227,2.7749740477298057e-05,,False
figure1_supp_lam1,figure1_supp,324,5,0.0,0.0,0.0,,False
figure1_supp_lam1,figure1_supp,324,6,0.1259,0.125861260939631,3.873906036902519e-05,,False
figure1_supp_lam1,figure1_supp,324,7,0.1398,0.139781107096482,1.889290351800299e-05,,False
figure1_supp_lam1,figure1_supp,325,1,0.0,0.0,0.0,,False
figure1_supp_lam1,figure1_supp,325,2,0.0,0.0,0.0,,False
figure1_supp_lam1,figure1_supp,325,3,0.798,0.798012401229954,1.2401229953939996e-05,,False
figure1_supp_lam1,figure1_supp,325,4,0.0765,0.0764655865121924,3.44134878075969e-05,,False
figure1_supp_lam1,figure1_supp,325,5,0.0,0.0,0.0,,False
figure1_supp_lam1,figure1_supp,325,6,0.1255,0.125522012257853,2.2012257853004646e-05,,False
figure1_supp_lam1,figure1_supp,325,7,0.0432,0.0431869582673229,1.3041732677104845e-05,,False
figure1_supp_lam1,figure1_supp,326,1,0.0,0.0,0.0,,False
figure1_supp_lam1,figure1_supp,326,2,0.0,0.0,0.0,,False
figure1_supp_lam1,figure1_supp,326,3,0.7986,0.798555378646003,4.462135399696532e-05,,False
figure1_supp_lam1,figure1_supp,326,4,0.0763,0.076260033860278,3.996613972200025e-05,,False
figure1_supp_lam1,figure1_supp,326,5,0.0,0.0,0.0,,False
figure1_supp_lam1,figure1_supp,326,6,0.1252,0.125184587493719,1.541250628100954e-05,,False
figure1_supp_lam1,figure1_supp,326,7,0.0463,0.0462814902656263,1.8509734373700626e-05,,False
figure1_supp_lam1,figure1_supp,327,1,0.0,0.0,0.0,,False
figure1_supp_lam1,figure1_supp,327,2,0.0,0.0,0.0,,False
figure1_supp_lam1,figure1_supp,327,3,0.7991,0.799095444654995,4.555345004986222e-06,,False
figure1_supp_lam1,figure1_supp,327,4,0.0761,0.0760555833673549,4.4416632645094545e-05,,False
figure1_supp_lam1,figure1_supp,327,5,0.0,0.0,0.0,,False
figure1_supp_lam1,figure1_supp,327,6,0.1248,0.12484897197765,4.897197765001138e-05,,False
figure1_supp_lam1,figure1_supp,327,7,0.0464,0.0464318571734084,3.185717340840194e-05,,False
figure1_supp_lam1,figure1_supp,328,1,0.0,0.0,0.0,,False
figure1_supp_lam1,figure1_supp,328,2,0.0,0.0,0.0,,False
figure1_supp_lam1,figure1_supp,328,3,0.7996,0.799632622610463,3.262261046299564e-05,,False
figure1_supp_lam1,figure1_supp,328,4,0.0759,0.0758522261925759,4.7773807424100756e-05,,False
figure1_supp_lam1,figure1_supp,328,5,0.0,0.0,0.0,,False
figure1_supp_lam1,figure1_supp,328,6,0.1245,0.124515151196962,1.5151196962007174e-05,,False
figure1_supp_lam1,figure1_supp,328,7,0.0484,0.0483796794646354,2.032053536459716e-05,,False
figure1_supp_lam1,figure1_supp,329,1,0.0,0.0,0.0,,False
figure1_supp_lam1,figure1_supp,329,2,0.0,0.0,0.0,,False
figure1_supp_lam1,figure1_supp,329,3,0.8002,0.800166935616835,3.306438316497129e-05,,False
figure1_supp_lam1,figure1_supp,329,4,0.0756,0.0756499535893957,4.995358939570427e-05,,False
figure1_supp_lam1,figure1_supp,329,5,0.0,0.0,0.0,,False
figure1_supp_lam1,figure1_supp,329,6,0.1242,0.12418311079377,1.6889206230011333e-05,,False
figure1_supp_lam1,figure1_supp,329,7,0.0432,0.0431694291666738,3.057083332620031e-05,,False
figure1_supp_lam1,figure1_supp,330,1,0.0,0.0,0.0,,False
figure1_supp_lam1,figure1_supp,330,2,0.0,0.0,0.0,,False
figure1_supp_lam1,figure1_supp,330,3,0.8007,0.800698406532747,1.5934672529249738e-06,,False
figure1_supp_lam1,figure1_supp,330,4,0.0754,0.0754487569043175,4.875690431750679e-05,,False
figure1_supp_lam1,figure1_supp,330,5,0.0,0.0,0.0,,False
figure1_supp_lam1,figure1_supp,330,6,0.1239,0.123852836562935,4.716343706499815e-05,,False
figure1_supp_lam1,figure1_supp,330,7,0.0429,0.0428600855794058,3.991442059420036e-05,,False
figure1_supp_lam1,figure1_supp,331,1,0.0,0.0,0.0,,False
figure1_supp_lam1,figure1_supp,331,2,0.0,0.0,0.0,,False
figure1_supp_lam1,figure1_supp,331,3,0.8012,0.801227057974305,2.7057974305022547e-05,,False
figure1_supp_lam1,figure1_supp,331,4,0.0752,0.0752486275756589,4.862757565889109e-05,,False
figure1_supp_lam1,figure1_supp,331,5,0.0,0.0,0.0,,False
figure1_supp_lam1,figure1_supp,331,6,0.1235,0.123524314450036,2.4314450036005963e-05,,False
figure1_supp_lam1,figure1_supp,331,7,0.0493,0.0493141758298582,1.4175829858201205e-05,,False
figure1_supp_lam1,figure1_supp,332,1,0.2036,0.203590728372005,9.27162799499448e-06,,False
figure1_supp_lam1,figure1_supp,332,2,0.9978,0.997791369284015,8.630715985002979e-06,,False
figure1_supp_lam1,figure1_supp,332,3,0.7991,0.799113252611187,1.3252611187009045e-05,,False
figure1_supp_lam1,figure1_supp,332,4,0.075,0.075049557132337,4.955713233700809e-05,,False
figure1_supp_lam1,figure1_supp,332,5,0.0,0.0,0.0,,False
figure1_supp_lam1,figure1_supp,332,6,0.1258,0.125837190256475,3.7190256475000405e-05,,False
figure1_supp_lam1,figure1_supp,332,7,0.1563,0.156341471322417,4.1471322416997136e-05,,False
figure1_supp_lam1,figure1_supp,333,1,0.0,0.0,0.0,,False
figure1_supp_lam1,figure1_supp,333,2,0.0,0.0,0.0,,False
figure1_supp_lam1,figure1_supp,333,3,0.7996,0.799639433975597,3.943397559702522e-05,,False
figure1_supp_lam1,figure1_supp,333,4,0.0748,0.0748375482900417,3.754829004169735e-05,,False
figure1_supp_lam1,figure1_supp,333,5,0.0,0.0,0.0,,False
figure1_supp_lam1,figure1_supp,333,6,0.1255,0.125523017734361,2.301773436100274e-05,,False
figure1_supp_lam1,figure1_supp,333,7,0.1766,0.176574950286677,2.504971332301098e-05,,False
figure1_supp_lam1,figure1_supp,334,1,0.0,0.0,0.0,,False
figure1_supp_lam1,figure1_supp,334,2,0.0,0.0,0.0,,False
figure1_supp_lam1,figure1_supp,334,3,0.8002,0.80016669862303,3.3301376969996355e-05,,False
figure1_supp_lam1,figure1_supp,334,4,0.0746,0.074640607373489,4.0607373489001675e-05,,False
figure1_supp_lam1,figure1_supp,334,5,0.0,0.0,0.0,,False
figure1_supp_lam1,figure1_supp,334,6,0.1252,0.125192694003481,7.305996519019198e-06,,False
figure1_supp_lam1,figure1_supp,334,7,0.1682,0.168183538880003,1.6461119996979967e-05,,False
figure1_supp_lam1,figure1_supp,335,1,0.0,0.0,0.0,,False
figure1_supp_lam1,figure1_supp,335,2,0.0,0.0,0.0,,False
figure1_supp_lam1,figure1_supp,335,3,0.8007,0.800691195477037,8.80452296292411e-06,,False
figure1_supp_lam1,figure1_supp,335,4,0.0744,0.0744447002675218,4.4700267521805004e-05,,False
figure1_supp_lam1,figure1_supp,335,5,0.0,0.0,0.0,,False
figure1_supp_lam1,figure1_supp,335,6,0.1249,0.124864104255441,3.5895744558991916e-05,,False
figure1_supp_lam1,figure1_supp,335,7,0.1749,0.174850066858143,4.9933141857000374e-05,,False
figure1_supp_lam1,figure1_supp,336,1,0.0,0.0,0.0,,False
figure1_supp_lam1,figure1_supp,336,2,0.0,0.0,0.0,,False
figure1_supp_lam1,figure1_supp,336,3,0.8012,0.801212946274218,1.2946274217995324e-05,,False
figure1_supp_lam1,figure1_supp,336,4,0.0742,0.0742498188532089,4.981885320889945e-05,,False
figure1_supp_lam1,figure1_supp,336,5,0.0,0.0,0.0,,False
figure1_supp_lam1,figure1_supp,336,6,0.1245,0.124537234872573,3.723487257299707e-05,,False
figure1_supp_lam1,figure1_supp,336,7,0.1611,0.161100221557912,2.2155791201683428e-07,,False
figure1_supp_lam1,figure1_supp,337,1,0.0,0.0,0.0,,False
figure1_supp_lam1,figure1_supp,337,2,0.0,0.0,0.0,,False
figure1_supp_lam1,figure1_supp,337,3,0.8017,0.801731972524155,3.197252415498841e-05,,False
figure1_supp_lam1,figure1_supp,337,4,0.0741,0.074055955096412,4.404490358800306e-05,,False
figure1_supp_lam1,figure1_supp,337,5,0.0,0.0,0.0,,False
figure1_supp_lam1,figure1_supp,337,6,0.1242,0.124212072379433,1.2072379433000768e-05,,False
figure1_supp_lam1,figure1_supp,337,7,0.1843,0.184349496225017,4.9496225017015005e-05,,False
figure1_supp_lam1,figure1_supp,338,1,0.208,0.20799929835569,7.016443099860936e-07,,False
figure1_supp_lam1,figure1_supp,338,2,0.0,0.0,0.0,,False
figure1_supp_lam1,figure1_supp,338,3,0.7996,0.79964975056179,4.9750561790018466e-05,,False
figure1_supp_lam1,figure1_supp,338,4,0.0765,0.0764616459972648,3.8354002735205284e-05,,False
figure1_supp_lam1,figure1_supp,338,5,0.0,0.0,0.0,,False
figure1_supp_lam1,figure1_supp,338,6,0.1239,0.123888603440945,1.1396559054993594e-05,,False
figure1_supp_lam1,figure1_supp,338,7,0.1798,0.179783515971514,1.6484028485974633e-05,,False
figure1_supp_lam1,figure1_supp,339,1,0.0,0.0,0.0,,False
figure1_supp_lam1,figure1_supp,339,2,0.0,0.0,0.0,,False
figure1_supp_lam1,figure1_supp,339,3,0.8002,0.800172400236506,2.7599763493979523e-05,,False
figure1_supp_lam1,figure1_supp,339,4,0.0763,0.0762847980770214,1.5201922978602678e-05,,False
figure1_supp_lam1,figure1_supp,339,5,0.0,0.0,0.0,,False
figure1_supp_lam1,figure1_supp,339,6,0.1235,0.123542801686473,4.2801686472998535e-05,,False
figure1_supp_lam1,figure1_supp,339,7,0.1714,0.171370091644771,2.9908355229008032e-05,,False
figure1_supp_lam1,figure1_supp,340,1,0.0,0.0,0.0,,False
figure1_supp_lam1,figure1_supp,340,2,0.0,0.0,0.0,,False
figure1_supp_lam1,figure1_supp,340,3,0.8007,0.800690088318795,9.911681205010403e-06,,False
figure1_supp_lam1,figure1_supp,340,4,0.0761,0.0760871690664592,1.2830933540805556e-05,,False
figure1_supp_lam1,figure1_supp,340,5,0.0,0.0,0.0,,False
figure1_supp_lam1,figure1_supp,340,6,0.1232,0.123222742614746,2.274261474599637e-05,,False
figure1_supp_lam1,figure1_supp,340,7,0.1686,0.168633357930917,3.3357930916994016e-05,,False
figure1_supp_lam1,figure1_supp,341,1,0.0,0.0,0.0,,False
figure1_supp_lam1,figure1_supp,341,2,0.0,0.0,0.0,,False
figure1_supp_lam1,figure1_supp,341,3,0.8012,0.801205101010477,5.1010104770155e-06,,False
figure1_supp_lam1,figure1_supp,341,4,0.0759,0.0758905613944529,9.438605547099077e-06,,False
figure1_supp_lam1,figure1_supp,341,5,0.0,0.0,0.0,,False
figure1_supp_lam1,figure1_supp,341,6,0.1229,0.12290433759507,4.337595070000311e-06,,False
figure1_supp_lam1,figure1_supp,341,7,0.1623,0.162250664652077,4.933534792300742e-05,,False
figure1_supp_lam1,figure1_supp,342,1,0.2133,0.213317889740597,1.788974059702131e-05,,False
figure1_supp_lam1,figure1_supp,342,2,0.9978,0.997812593651063,1.2593651062986488e-05,,False
figure1_supp_lam1,figure1_supp,342,3,0.7991,0.799145777055164,4.5777055163953584e-05,,False
figure1_supp_lam1,figure1_supp,342,4,0.0757,0.0756949671640548,5.032835945203984e-06,,False
figure1_supp_lam1,figure1_supp,342,5,0.0,0.0,0.0,,False
figure1_supp_lam1,figure1_supp,342,6,0.1252,0.125159255780781,4.074421921901328e-05,,False
figure1_supp_lam1,figure1_supp,342,7,0.1376,0.13759312203004,6.877969959989683e-06,,False
figure1_supp_lam1,figure1_supp,343,1,0.3387,0.338741403271396,4.140327139601219e-05,,False
figure1_supp_lam1,figure1_supp,343,2,1.0,1.0,0.0,,False
figure1_supp_lam1,figure1_supp,343,3,0.7971,0.797087688525004,1.2311474996029581e-05,,False
figure1_supp_lam1,figure1_supp,343,4,0.0755,0.0755110679299339,1.106792993389727e-05,,False
figure1_supp_lam1,figure1_supp,343,5,0.0,0.0,0.0,,False
figure1_supp_lam1,figure1_supp,343,6,0.1274,0.127401243545062,1.2435450619796562e-06,,False
figure1_supp_lam1,figure1_supp,343,7,0.1502,0.150207050898669,7.050898669008765e-06,,False
figure1_supp_lam1,figure1_supp,344,1,0.0,0.0,0.0,,False
figure1_supp_lam1,figure1_supp,344,2,0.0,0.0,0.0,,False
figure1_supp_lam1,figure1_supp,344,3,0.7976,0.797608639375461,8.63937546102811e-06,,False
figure1_supp_lam1,figure1_supp,344,4,0.0753,0.0752994625228222,5.374771778060561e-07,,False
figure1_supp_lam1,figure1_supp,344,5,0.0,0.0,0.0,,False
figure1_supp_lam1,figure1_supp,344,6,0.1271,0.127091898101717,8.10189828298613e-06,,False
figure1_supp_lam1,figure1_supp,344,7,0.1321,0.13208895105451,1.1048945490005346e-05,,False
figure1_supp_lam1,figure1_supp,345,1,0.0,0.0,0.0,,False
figure1_supp_lam1,figure1_supp,345,2,0.0,0.0,0.0,,False
figure1_supp_lam1,figure1_supp,345,3,0.7981,0.798126264338695,2.6264338695014544e-05,,False
figure1_supp_lam1,figure1_supp,345,4,0.0751,0.0751068807772396,6.8807772396067834e-06,,False
figure1_supp_lam1,figure1_supp,345,5,0.0,0.0,0.0,,False
figure1_supp_lam1,figure1_supp,345,6,0.1268,0.126766854884065,3.314511593499603e-05,,False
figure1_supp_lam1,figure1_supp,345,7,0.1067,0.106692134821313,7.865178687005425e-06,,False
figure1_supp_lam1,figure1_supp,346,1,0.0,0.0,0.0,,False
figure1_supp_lam1,figure1_supp,346,2,0.0,0.0,0.0,,False
figure1_supp_lam1,figure1_supp,346,3,0.7986,0.798641248358239,4.124835823904327e-05,,False
figure1_supp_lam1,figure1_supp,346,4,0.0749,0.0749152815915834,1.5281591583399257e-05,,False
figure1_supp_lam1,figure1_supp,346,5,0.0,0.0,0.0,,False
figure1_supp_lam1,figure1_supp,346,6,0.1264,0.126443470050178,4.347005017799055e-05,,False
figure1_supp_lam1,figure1_supp,346,7,0.1082,0.108235263393612,3.526339361199782e-05,,False
figure1_supp_lam1,figure1_supp,347,1,0.0,0.0,0.0,,False
figure1_supp_lam1,figure1_supp,347,2,0.0,0.0,0.0,,False
figure1_supp_lam1,figure1_supp,347,3,0.7992,0.799153611593969,4.638840603099492e-05,,False
figure1_supp_lam1,figure1_supp,347,4,0.0747,0.0747246574653961,2.4657465396094036e-05,,False
figure1_supp_lam1,figure1_supp,347,5,0.0,0.0,0.0,,False
figure1_supp_lam1,figure1_supp,347,6,0.1261,0.126121730940635,2.173094063501191e-05,,False
figure1_supp_lam1,figure1_supp,347,7,0.1015,0.101497489108089,2.5108919110006234e-06,,False
figure1_supp_lam1,figure1_supp,348,1,0.0,0.0,0.0,,False
figure1_supp_lam1,figure1_supp,348,2,0.0,0.0,0.0,,False
figure1_supp_lam1,figure1_supp,348,3,0.7997,0.79966337400109,3.6625998909967095e-05,,False
figure1_supp_lam1,figure1_supp,348,4,0.0745,0.0745350009743671,3.500097436710814e-05,,False
figure1_supp_lam1,figure1_supp,348,5,0.0,0.0,0.0,,False
figure1_supp_lam1,figure1_supp,348,6,0.1258,0.125801625024542,1.6250245420124099e-06,,False
figure1_supp_lam1,figure1_supp,348,7,0.1192,0.119167721927215,3.227807278499695e-05,,False
figure1_supp_lam1,figure1_supp,349,1,0.0,0.0,0.0,,False
figure1_supp_lam1,figure1_supp,349,2,0.0,0.0,0.0,,False
figure1_supp_lam1,figure1_supp,349,3,0.8002,0.800170555332733,2.9444667267064517e-05,,False
figure1_supp_lam1,figure1_supp,349,4,0.0743,0.0743463047693688,4.630476936880179e-05,,False
figure1_supp_lam1,figure1_supp,349,5,0.0,0.0,0.0,,False
figure1_supp_lam1,figure1_supp,349,6,0.1255,0.125483139897898,1.686010210200095e-05,,False
figure1_supp_lam1,figure1_supp,349,7,0.1176,0.117636269891297,3.626989129699998e-05,,False
figure1_supp_lam1,figure1_supp,350,1,0.0,0.0,0.0,,False
figure1_supp_lam1,figure1_supp,350,2,0.0,0.0,0.0,,False
figure1_supp_lam1,figure1_supp,350,3,0.8007,0.800675175142499,2.4824857500993502e-05,,False
figure1_supp_lam1,figure1_supp,350,4,0.0742,0.0741585615755068,4.143842449319535e-05,,False
figure1_supp_lam1,figure1_supp,350,5,0.0,0.0,0.0,,False
figure1_supp_lam1,figure1_supp,350,6,0.1252,0.125166263281994,3.3736718005994426e-05,,False
figure1_supp_lam1,figure1_supp,350,7,0.1398,0.139839885057482,3.98850574819809e-05,,False
figure1_supp_lam1,figure1_supp,351,1,0.2354,0.235390094967143,9.905032856999396e-06,,False
figure1_supp_lam1,figure1_supp,351,2,0.4023,0.402268493450001,3.150654999900526e-05,,False
figure1_supp_lam1,figure1_supp,351,3,0.7987,0.798663775134407,3.622486559295979e-05,,False
figure1_supp_lam1,figure1_supp,351,4,0.0755,0.0754719710793979,2.8028920602093943e-05,,False
figure1_supp_lam1,figure1_supp,351,5,0.0,0.0,0.0,,False
figure1_supp_lam1,figure1_supp,351,6,0.1259,0.125864253786195,3.5746213805004645e-05,,False
figure1_supp_lam1,figure1_supp,351,7,0.1409,0.140944427371973,4.4427371972993734e-05,,False
figure1_supp_lam1,figure1_supp,352,1,0.236,0.23603430976041,3.430976041002287e-05,,False
figure1_supp_lam1,figure1_supp,352,2,1.0,1.0,0.0,,False
figure1_supp_lam1,figure1_supp,352,3,0.7967,0.796690177872346,9.822127653991153e-06,,False
figure1_supp_lam1,figure1_supp,352,4,0.075,0.0750254938619135,2.5493861913500337e-05,,False
figure1_supp_lam1,figure1_supp,352,5,0.0,0.0,0.0,,False
figure1_supp_lam1,figure1_supp,352,6,0.1283,0.128284328265741,1.5671734259009584e-05,,False
figure1_supp_lam1,figure1_supp,352,7,0.1312,0.13120303652354,3.036523540000946e-06,,False
figure1_supp_lam1,figure1_supp,353,1,0.0,0.0,0.0,,False
figure1_supp_lam1,figure1_supp,353,2,0.0,0.0,0.0,,False
figure1_supp_lam1,figure1_supp,353,3,0.7972,0.797198674707695,1.3252923050099952e-06,,False
figure1_supp_lam1,figure1_supp,353,4,0.0748,0.0748425661830097,4.25661830096985e-05,,False
figure1_supp_lam1,figure1_supp,353,5,0.0,0.0,0.0,,False
figure1_supp_lam1,figure1_supp,353,6,0.128,0.127958759109295,4.124089070500769e-05,,False
figure1_supp_lam1,figure1_supp,353,7,0.1502,0.150241623559205,4.1623559205006266e-05,,False
figure1_supp_lam1,figure1_supp,354,1,0.2331,0.233134915821974,3.491582197398535e-05,,False
figure1_supp_lam1,figure1_supp,354,2,0.9982,0.998207081522858,7.081522857999012e-06,,False
figure1_supp_lam1,figure1_supp,354,3,0.7952,0.795210160317119,1.0160317118979023e-05,,False
figure1_supp_lam1,figure1_supp,354,4,0.0747,0.0746554597675521,4.454023244790384e-05,,False
figure1_supp_lam1,figure1_supp,354,5,0.0,0.0,0.0,,False
figure1_supp_lam1,figure1_supp,354,6,0.1301,0.130134379915329,3.437991532900808e-05,,False
figure1_supp_lam1,figure1_supp,354,7,0.1655,0.165460023683449,3.9976316551004754e-05,,False
figure1_supp_lam1,figure1_supp,355,1,0.0,0.0,0.0,,False
figure1_supp_lam1,figure1_supp,355,2,0.0,0.0,0.0,,False
figure1_supp_lam1,figure1_supp,355,3,0.7957,0.795717180328946,1.71803289460426e-05,,False
figure1_supp_lam1,figure1_supp,355,4,0.0744,0.0744446555763975,4.465557639750373e-05,,False
figure1_supp_lam1,figure1_supp,355,5,0.0,0.0,0.0,,False
figure1_supp_lam1,figure1_supp,355,6,0.1298,0.129838164094656,3.816409465601245e-05,,False
figure1_supp_lam1,figure1_supp,355,7,0.1368,0.136762829262534,3.7170737466007964e-05,,False
figure1_supp_lam1,figure1_supp,356,1,0.0,0.0,0.0,,False
figure1_supp_lam1,figure1_supp,356,2,0.0,0.0,0.0,,False
figure1_supp_lam1,figure1_supp,356,3,0.7962,0.796225346547034,2.5346547034010847e-05,,False
figure1_supp_lam1,figure1_supp,356,4,0.0743,0.0742594698660084,4.053013399160643e-05,,False
figure1_supp_lam1,figure1_supp,356,5,0.0,0.0,0.0,,False
figure1_supp_lam1,figure1_supp,356,6,0.1295,0.129515183586958,1.5183586957984163e-05,,False
figure1_supp_lam1,figure1_supp,356,7,0.1301,0.130082123647698,1.7876352301993137e-05,,False
figure1_supp_lam1,figure1_supp,357,1,0.0447,0.0447204355211447,2.0435521144702984e-05,,False
figure1_supp_lam1,figure1_supp,357,2,0.9975,0.997498945316413,1.054683587020655e-06,,False
figure1_supp_lam1,figure1_supp,357,3,0.7943,0.794255807361268,4.419263873201018e-05,,False
figure1_supp_lam1,figure1_supp,357,4,0.0741,0.074075203191403,2.4796808597002395e-05,,False
figure1_supp_lam1,figure1_supp,357,5,0.0,0.0,0.0,,False
figure1_supp_lam1,figure1_supp,357,6,0.1317,0.131668989447329,3.1010552671018043e-05,,False
figure1_supp_lam1,figure1_supp,357,7,0.1246,0.124558943143553,4.105685644700818e-05,,False
figure1_supp_lam1,figure1_supp,358,1,0.2679,0.267892630697313,7.369302687021406e-06,,False
figure1_supp_lam1,figure1_supp,358,2,0.0,0.0,0.0,,False
figure1_supp_lam1,figure1_supp,358,3,0.7923,0.79226459360846,3.540639153998271e-05,,False
figure1_supp_lam1,figure1_supp,358,4,0.0764,0.0764240058012027,2.40058012027089e-05,,False
figure1_supp_lam1,figure1_supp,358,5,0.0,0.0,0.0,,False
figure1_supp_lam1,figure1_supp,358,6,0.1313,0.131311400590337,1.1400590336996252e-05,,False
figure1_supp_lam1,figure1_supp,358,7,0.1582,0.158212459297813,1.2459297812988934e-05,,False
figure1_supp_lam1,figure1_supp,359,1,0.0,0.0,0.0,,False
figure1_supp_lam1,figure1_supp,359,2,0.0,0.0,0.0,,False
figure1_supp_lam1,figure1_supp,359,3,0.7928,0.792775377277661,2.4622722338940584e-05,,False
figure1_supp_lam1,figure1_supp,359,4,0.0762,0.0761801643667651,1.983563323490478e-05,,False
figure1_supp_lam1,figure1_supp,359,5,0.0,0.0,0.0,,False
figure1_supp_lam1,figure1_supp,359,6,0.131,0.131044458355574,4.445835557398414e-05,,False
figure1_supp_lam1,figure1_supp,359,7,0.1631,0.163121526846451,2.1526846451014325e-05,,False
figure1_supp_lam1,figure1_supp,360,1,0.0,0.0,0.0,,False
figure1_supp_lam1,figure1_supp,360,2,0.0,0.0,0.0,,False
figure1_supp_lam1,figure1_supp,360,3,0.7933,0.793285782752346,1.4217247654046972e-05,,False
figure1_supp_lam1,figure1_supp,360,4,0.076,0.0759925284939405,7.47150605949487e-06,,False
figure1_supp_lam1,figure1_supp,360,5,0.0,0.0,0.0,,False
figure1_supp_lam1,figure1_supp,360,6,0.1307,0.130721688753713,2.1688753713000608e-05,,False
figure1_supp_lam1,figure1_supp,360,7,0.1512,0.151161662519922,3.833748007800453e-05,,False
figure1_supp_lam1,figure1_supp,361,1,0.0,0.0,0.0,,False
figure1_supp_lam1,figure1_supp,361,2,0.0,0.0,0.0,,False
figure1_supp_lam1,figure1_supp,361,3,0.7938,0.793793680092021,6.3199079789466595e-06,,False
figure1_supp_lam1,figure1_supp,361,4,0.0758,0.0758058146647171,5.814664717093687e-06,,False
figure1_supp_lam1,figure1_supp,361,5,0.0,0.0,0.0,,False
figure1_supp_lam1,figure1_supp,361,6,0.1304,0.130400505243262,5.05243262005628e-07,,False
figure1_supp_lam1,figure1_supp,361,7,0.1553,0.155318140239501,1.8140239501002187e-05,,False
figure1_supp_lam1,figure1_supp,362,1,0.0,0.0,0.0,,False
figure1_supp_lam1,figure1_supp,362,2,0.0,0.0,0.0,,False
figure1_supp_lam1,figure1_supp,362,3,0.7943,0.794299087738854,9.122611459577712e-07,,False
figure1_supp_lam1,figure1_supp,362,4,0.0756,0.0756200160993624,2.0016099362404893e-05,,False
figure1_supp_lam1,figure1_supp,362,5,0.0,0.0,0.0,,False
figure1_supp_lam1,figure1_supp,362,6,0.1301,0.130080896161783,1.9103838216988356e-05,,False
figure1_supp_lam1,figure1_supp,362,7,0.1537,0.153665542206534,3.445779346600286e-05,,False
figure1_supp_lam1,figure1_supp,363,1,0.0,0.0,0.0,,False
figure1_supp_lam1,figure1_supp,363,2,0.0,0.0,0.0,,False
figure1_supp_lam1,figure1_supp,363,3,0.7948,0.794802023954652,2.0239546520972596e-06,,False
figure1_supp_lam1,figure1_supp,363,4,0.0754,0.0754351260844495,3.5126084449499384e-05,,False
figure1_supp_lam1,figure1_supp,363,5,0.0,0.0,0.0,,False
figure1_supp_lam1,figure1_supp,363,6,0.1298,0.129762849960899,3.715003910098602e-05,,False
figure1_supp_lam1,figure1_supp,363,7,0.1602,0.160168838045191,3.1161954809011405e-05,,False
figure1_supp_lam1,figure1_supp,364,1,0.2371,0.237077790102805,2.2209897195007988e-05,,False
figure1_supp_lam1,figure1_supp,364,2,0.0,0.0,0.0,,False
figure1_supp_lam1,figure1_supp,364,3,0.7929,0.792868790794877,3.120920512300618e-05,,False
figure1_supp_lam1,figure1_supp,364,4,0.0777,0.0776848540002263,1.5145999773702457e-05,,False
figure1_supp_lam1,figure1_supp,364,5,0.0,0.0,0.0,,False
figure1_supp_lam1,figure1_supp,364,6,0.1294,0.129446355204897,4.6355204897013946e-05,,False
figure1_supp_lam1,figure1_supp,364,7,0.2174,0.217415344776907,1.534477690698366e-05,,False
figure1_supp_lam1,figure1_supp,365,1,0.0,0.0,0.0,,False
figure1_supp_lam1,figure1_supp,365,2,0.0,0.0,0.0,,False
figure1_supp_lam1,figure1_supp,365,3,0.7934,0.793383850506787,1.6149493213046817e-05,,False
figure1_supp_lam1,figure1_supp,365,4,0.0776,0.077561371623306,3.8628376694008204e-05,,False
figure1_supp_lam1,figure1_supp,365,5,0.0,0.0,0.0,,False
figure1_supp_lam1,figure1_supp,365,6,0.1291,0.129054777869907,4.5222130093003354e-05,,False
figure1_supp_lam1,figure1_supp,365,7,0.1993,0.199305366624629,5.3666246289940656e-06,,False
figure1_supp_lam1,figure1_supp,366,1,0.0,0.0,0.0,,False
figure1_supp_lam1,figure1_supp,366,2,0.0,0.0,0.0,,False
figure1_supp_lam1,figure1_supp,366,3,0.7939,0.793885346015265,1.4653984735102377e-05,,False
figure1_supp_lam1,figure1_supp,366,4,0.0774,0.0773731158669387,2.6884133061302884e-05,,False
figure1_supp_lam1,figure1_supp,366,5,0.0,0.0,0.0,,False
figure1_supp_lam1,figure1_supp,366,6,0.1287,0.128741538117796,4.1538117796002805e-05,,False
figure1_supp_lam1,figure1_supp,366,7,0.2179,0.217917726252104,1.772625210400003e-05,,False
figure1_supp_lam1,figure1_supp,367,1,0.0,0.0,0.0,,False
figure1_supp_lam1,figure1_supp,367,2,0.0,0.0,0.0,,False
figure1_supp_lam1,figure1_supp,367,3,0.7944,0.794384412974066,1.5587025933960774e-05,,False
figure1_supp_lam1,figure1_supp,367,4,0.0772,0.0771857717607234,1.422823927660355e-05,,False
figure1_supp_lam1,figure1_supp,367,5,0.0,0.0,0.0,,False
figure1_supp_lam1,figure1_supp,367,6,0.1284,0.12842981526521,2.9815265210009212e-05,,False
figure1_supp_lam1,figure1_supp,367,7,0.2002,0.200190207636373,9.79236362699809e-06,,False
figure1_supp_lam1,figure1_supp,368,1,0.0,0.0,0.0,,False
figure1_supp_lam1,figure1_supp,368,2,0.0,0.0,0.0,,False
figure1_supp_lam1,figure1_supp,368,3,0.7949,0.794881068981375,1.893101862504576e-05,,False
figure1_supp_lam1,figure1_supp,368,4,0.077,0.0769993326984994,6.673015005981275e-07,,False
figure1_supp_lam1,figure1_supp,368,5,0.0,0.0,0.0,,False
figure1_supp_lam1,figure1_supp,368,6,0.1281,0.128119598320125,1.9598320125019386e-05,,False
figure1_supp_lam1,figure1_supp,368,7,0.2076,0.207591310145816,8.689854184007473e-06,,False
figure1_supp_lam1,figure1_supp,369,1,0.0,0.0,0.0,,False
figure1_supp_lam1,figure1_supp,369,2,0.0,0.0,0.0,,False
figure1_supp_lam1,figure1_supp,369,3,0.7954,0.795375331465757,2.466853424298865e-05,,False
figure1_supp_lam1,figure1_supp,369,4,0.0768,0.0768137921377801,1.3792137780105351e-05,,False
figure1_supp_lam1,figure1_supp,369,5,0.0,0.0,0.0,,False
figure1_supp_lam1,figure1_supp,369,6,0.1278,0.127810876396462,1.087639646199512e-05,,False
figure1_supp_lam1,figure1_supp,369,7,0.2306,0.230623529422627,2.3529422627011076e-05,,False
figure1_supp_lam1,figure1_supp,370,1,0.0,0.0,0.0,,False
figure1_supp_lam1,figure1_supp,370,2,0.0,0.0,0.0,,False
figure1_supp_lam1,figure1_supp,370,3,0.7959,0.795867217688195,3.2782311805035214e-05,,False
figure1_supp_lam1,figure1_supp,370,4,0.0766,0.0766291435989874,2.9143598987396713e-05,,False
figure1_supp_lam1,figure1_supp,370,5,0.0,0.0,0.0,,False
figure1_supp_lam1,figure1_supp,370,6,0.1275,0.127503638712817,3.6387128170001226e-06,,False
figure1_supp_lam1,figure1_supp,370,7,0.2209,0.220853979754618,4.6020245382000224e-05,,False
figure1_supp_lam1,figure1_supp,371,1,0.0,0.0,0.0,,False
figure1_supp_lam1,figure1_supp,371,2,0.0,0.0,0.0,,False
figure1_supp_lam1,figure1_supp,371,3,0.7964,0.796356744744099,4.325525590098689e-05,,False
figure1_supp_lam1,figure1_supp,371,4,0.0764,0.0764453806646972,4.5380664697197703e-05,,False
figure1_supp_lam1,figure1_supp,371,5,0.0,0.0,0.0,,False
figure1_supp_lam1,figure1_supp,371,6,0.1272,0.127197874591204,2.1254087960165258e-06,,False
figure1_supp_lam1,figure1_supp,371,7,0.2288,0.228834790337549,3.479033754899552e-05,,False
figure1_supp_lam1,figure1_supp,372,1,0.0,0.0,0.0,,False
figure1_supp_lam1,figure1_supp,372,2,0.0,0.0,0.0,,False
figure1_supp_lam1,figure1_supp,372,3,0.7968,0.796843929565285,4.392956528509462e-05,,False
figure1_supp_lam1,figure1_supp,372,4,0.0763,0.0762624969788965,3.750302110350212e-05,,False
figure1_supp_lam1,figure1_supp,372,5,0.0,0.0,0.0,,False
figure1_supp_lam1,figure1_supp,372,6,0.1269,0.126893573455818,6.426544182008831e-06,,False
figure1_supp_lam1,figure1_supp,372,7,0.2474,0.247428054190273,2.8054190272991386e-05,,False
figure1_supp_lam1,figure1_supp,373,1,0.0,0.0,0.0,,False
figure1_supp_lam1,figure1_supp,373,2,0.0,0.0,0.0,,False
figure1_supp_lam1,figure1_supp,373,3,0.7973,0.797328788921932,2.878892193203253e-05,,False
figure1_supp_lam1,figure1_supp,373,4,0.0761,0.07608048624625,1.9513753750005636e-05,,False
figure1_supp_lam1,figure1_supp,373,5,0.0,0.0,0.0,,False
figure1_supp_lam1,figure1_supp,373,6,0.1266,0.126590724831818,9.275168181999138e-06,,False
figure1_supp_lam1,figure1_supp,373,7,0.2366,0.236612964629617,1.2964629617001622e-05,,False
figure1_supp_lam1,figure1_supp,374,1,0.0,0.0,0.0,,False
figure1_supp_lam1,figure1_supp,374,2,0.0,0.0,0.0,,False
figure1_supp_lam1,figure1_supp,374,3,0.7978,0.797811339424499,1.1339424499046125e-05,,False
figure1_supp_lam1,figure1_supp,374,4,0.0759,0.075899342231378,6.577686220005097e-07,,False
figure1_supp_lam1,figure1_supp,374,5,0.0,0.0,0.0,,False
figure1_supp_lam1,figure1_supp,374,6,0.1263,0.126289318344124,1.068165587600478e-05,,False
figure1_supp_lam1,figure1_supp,374,7,0.2156,0.215596831249553,3.1687504470079286e-06,,False
figure1_supp_lam1,figure1_supp,375,1,0.0,0.0,0.0,,False
figure1_supp_lam1,figure1_supp,375,2,0.0,0.0,0.0,,False
figure1_supp_lam1,figure1_supp,375,3,0.7983,0.798291597525628,8.402474372060098e-06,,False
figure1_supp_lam1,figure1_supp,375,4,0.0757,0.0757190587581443,1.9058758144299692e-05,,False
figure1_supp_lam1,figure1_supp,375,5,0.0,0.0,0.0,,False
figure1_supp_lam1,figure1_supp,375,6,0.126,0.125989343716228,1.0656283772003672e-05,,False
figure1_supp_lam1,figure1_supp,375,7,0.2019,0.201868427559749,3.1572440251009803e-05,,False
figure1_supp_lam1,figure1_supp,376,1,0.0,0.0,0.0,,False
figure1_supp_lam1,figure1_supp,376,2,0.0,0.0,0.0,,False
figure1_supp_lam1,figure1_supp,376,3,0.7988,0.798769579522013,3.0420477986958794e-05,,False
figure1_supp_lam1,figure1_supp,376,4,0.0755,0.0755396297089544,3.962970895440843e-05,,False
figure1_supp_lam1,figure1_supp,376,5,0.0,0.0,0.0,,False
figure1_supp_lam1,figure1_supp,376,6,0.1257,0.125690790769033,9.209230967005544e-06,,False
figure1_supp_lam1,figure1_supp,376,7,0.0657,0.0657325918801781,3.2591880178109434e-05,,False
figure1_supp_lam1,figure1_supp,377,1,0.0,0.0,0.0,,False
figure1_supp_lam1,figure1_supp,377,2,0.0,0.0,0.0,,False
figure1_supp_lam1,figure1_supp,377,3,0.7992,0.79924530155624,4.530155623994059e-05,,False
figure1_supp_lam1,figure1_supp,377,4,0.0754,0.0753610490240632,3.8950975936799526e-05,,False
figure1_supp_lam1,figure1_supp,377,5,0.0,0.0,0.0,,False
figure1_supp_lam1,figure1_supp,377,6,0.1254,0.125393649419697,6.350580303016162e-06,,False
figure1_supp_lam1,figure1_supp,377,7,0.0689,0.0688588810603624,4.111893963759661e-05,,False
figure1_supp_lam1,figure1_supp,378,1,0.0888,0.0888297485990334,2.9748599033402323e-05,,False
figure1_supp_lam1,figure1_supp,378,2,0.5793,0.579331316039704,3.131603970396579e-05,,False
figure1_supp_lam1,figure1_supp,378,3,0.7974,0.797365729185963,3.427081403695187e-05,,False
figure1_supp_lam1,figure1_supp,378,4,0.0762,0.0761700136900475,2.9986309952503842e-05,,False
figure1_supp_lam1,figure1_supp,378,5,0.0,0.0,0.0,,False
figure1_supp_lam1,figure1_supp,378,6,0.1265,0.12646425712399,3.574287600999204e-05,,False
figure1_supp_lam1,figure1_supp,378,7,0.0645,0.0644769814358808,2.301856411919545e-05,,False
figure1_supp_lam1,figure1_supp,379,1,0.0,0.0,0.0,,False
figure1_supp_lam1,figure1_supp,379,2,0.0,0.0,0.0,,False
figure1_supp_lam1,figure1_supp,379,3,0.7978,0.797840271224453,4.027122445304787e-05,,False
figure1_supp_lam1,figure1_supp,379,4,0.076,0.0759633706426058,3.662935739419393e-05,,False
figure1_supp_lam1,figure1_supp,379,5,0.0,0.0,0.0,,False
figure1_supp_lam1,figure1_supp,379,6,0.1262,0.126196358132941,3.6418670590065982e-06,,False
figure1_supp_lam1,figure1_supp,379,7,0.0889,0.0888545256935349,4.547430646510697e-05,,False
figure1_supp_lam1,figure1_supp,380,1,0.1023,0.102329831777162,2.9831777161995476e-05,,False
figure1_supp_lam1,figure1_supp,380,2,0.9977,0.997719870905528,1.9870905528018845e-05,,False
figure1_supp_lam1,figure1_supp,380,3,0.796,0.795972759153726,2.724084627403478e-05,,False
figure1_supp_lam1,figure1_supp,380,4,0.0758,0.0757850528711442,1.4947128855802294e-05,,False
figure1_supp_lam1,figure1_supp,380,5,0.0,0.0,0.0,,False
figure1_supp_lam1,figure1_supp,380,6,0.1282,0.128242187975131,4.218797513100281e-05,,False
figure1_supp_lam1,figure1_supp,380,7,0.0716,0.071574189741533,2.5810258466998914e-05,,False
figure1_supp_lam1,figure1_supp,381,1,0.0,0.0,0.0,,False
figure1_supp_lam1,figure1_supp,381,2,0.0,0.0,0.0,,False
figure1_supp_lam1,figure1_supp,381,3,0.7964,0.796442740692665,4.2740692664966495e-05,,False
figure1_supp_lam1,figure1_supp,381,4,0.0756,0.0755890112322774,1.098876772259727e-05,,False
figure1_supp_lam1,figure1_supp,381,5,0.0,0.0,0.0,,False
figure1_supp_lam1,figure1_supp,381,6,0.128,0.127968248075058,3.17519249420084e-05,,False
figure1_supp_lam1,figure1_supp,381,7,0.0733,0.0733495359626089,4.95359626088987e-05,,False
figure1_supp_lam1,figure1_supp,382,1,0.0,0.0,0.0,,False
figure1_supp_lam1,figure1_supp,382,2,0.0,0.0,0.0,,False
figure1_supp_lam1,figure1_supp,382,3,0.7969,0.796918341765812,1.8341765811946686e-05,,False
figure1_supp_lam1,figure1_supp,382,4,0.0754,0.0754124013929496,1.2401392949598633e-05,,False
figure1_supp_lam1,figure1_supp,382,5,0.0,0.0,0.0,,False
figure1_supp_lam1,figure1_supp,382,6,0.1277,0.127669256841238,3.0743158762003286e-05,,False
figure1_supp_lam1,figure1_supp,382,7,0.0631,0.0631366777614375,3.667776143749524e-05,,False
figure1_supp_lam1,figure1_supp,383,1,0.0,0.0,0.0,,False
figure1_supp_lam1,figure1_supp,383,2,0.0,0.0,0.0,,False
figure1_supp_lam1,figure1_supp,383,3,0.7974,0.79739172558454,8.274415460030049e-06,,False
figure1_supp_lam1,figure1_supp,383,4,0.0752,0.0752366149095162,3.661490951620272e-05,,False
figure1_supp_lam1,figure1_supp,383,5,0.0,0.0,0.0,,False
figure1_supp_lam1,figure1_supp,383,6,0.1274,0.127371659505944,2.8340494056006138e-05,,False
figure1_supp_lam1,figure1_supp,383,7,0.0597,0.0597443486066667,4.4348606666695656e-05,,False
figure1_supp_lam1,figure1_supp,384,1,0.0,0.0,0.0,,False
figure1_supp_lam1,figure1_supp,384,2,0.0,0.0,0.0,,False
figure1_supp_lam1,figure1_supp,384,3,0.7979,0.797862907618064,3.7092381936054686e-05,,False
figure1_supp_lam1,figure1_supp,384,4,0.0751,0.0750616460376336,3.835396236639976e-05,,False
figure1_supp_lam1,figure1_supp,384,5,0.0,0.0,0.0,,False
figure1_supp_lam1,figure1_supp,384,6,0.1271,0.127075446344302,2.4553655697978627e-05,,False
figure1_supp_lam1,figure1_supp,384,7,0.0597,0.0597361112650268,3.611126502679751e-05,,False
figure1_supp_lam1,figure1_supp,385,1,0.0,0.0,0.0,,False
figure1_supp_lam1,figure1_supp,385,2,0.0,0.0,0.0,,False
figure1_supp_lam1,figure1_supp,385,3,0.7983,0.798331903192036,3.1903192035942496e-05,,False
figure1_supp_lam1,figure1_supp,385,4,0.0749,0.0748874890862701,1.251091372989066e-05,,False
figure1_supp_lam1,figure1_supp,385,5,0.0,0.0,0.0,,False
figure1_supp_lam1,figure1_supp,385,6,0.1268,0.126780607721693,1.9392278306995525e-05,,False
figure1_supp_lam1,figure1_supp,385,7,0.0554,0.055360781792709,3.921820729099745e-05,,False
figure1_supp_lam1,figure1_supp,386,1,0.0,0.0,0.0,,False
figure1_supp_lam1,figure1_supp,386,2,0.0,0.0,0.0,,False
figure1_supp_lam1,figure1_supp,386,3,0.7988,0.798798727490203,1.2725097969790156e-06,,False
figure1_supp_lam1,figure1_supp,386,4,0.0747,0.074714138417089,1.41384170889991e-05,,False
figure1_supp_lam1,figure1_supp,386,5,0.0,0.0,0.0,,False
figure1_supp_lam1,figure1_supp,386,6,0.1265,0.126487134092708,1.2865907291992329e-05,,False
figure1_supp_lam1,figure1_supp,386,7,0.0515,0.0515005154946552,5.154946552052286e-07,,False
figure1_supp_lam1,figure1_supp,387,1,0.102,0.102034265727849,3.426572784900883e-05,,False
figure1_supp_lam1,figure1_supp,387,2,0.0,0.0,0.0,,False
figure1_supp_lam1,figure1_supp,387,3,0.797,0.796958983900503,4.101609949702656e-05,,False
figure1_supp_lam1,figure1_supp,387,4,0.0768,0.0768460000993815,4.60000993815074e-05,,False
figure1_supp_lam1,figure1_supp,387,5,0.0,0.0,0.0,,False
figure1_supp_lam1,figure1_supp,387,6,0.1262,0.126195016000115,4.983999884994317e-06,,False
figure1_supp_lam1,figure1_supp,387,7,0.0535,0.0534510602746975,4.893972530249646e-05,,False
figure1_supp_lam1,figure1_supp,388,1,0.0,0.0,0.0,,False
figure1_supp_lam1,figure1_supp,388,2,0.0,0.0,0.0,,False
figure1_supp_lam1,figure1_supp,388,3,0.7974,0.797426657835323,2.6657835322962953e-05,,False
figure1_supp_lam1,figure1_supp,388,4,0.0766,0.0766463503624065,4.635036240649426e-05,,False
figure1_supp_lam1,figure1_supp,388,5,0.0,0.0,0.0,,False
figure1_supp_lam1,figure1_supp,388,6,0.1259,0.125926991802271,2.6991802270975862e-05,,False
figure1_supp_lam1,figure1_supp,388,7,0.0575,0.0575459574266603,4.595742666029662e-05,,False
figure1_supp_lam1,figure1_supp,389,1,0.0,0.0,0.0,,False
figure1_supp_lam1,figure1_supp,389,2,0.0,0.0,0.0,,False
figure1_supp_lam1,figure1_supp,389,3,0.7979,0.79789234367938,7.656320620053059e-06,,False
figure1_supp_lam1,figure1_supp,389,4,0.0765,0.0764701518558263,2.9848144173699742e-05,,False
figure1_supp_lam1,figure1_supp,389,5,0.0,0.0,0.0,,False
figure1_supp_lam1,figure1_supp,389,6,0.1256,0.125637504464794,3.75044647940026e-05,,False
figure1_supp_lam1,figure1_supp,389,7,0.0728,0.0727632681752703,3.673182472969938e-05,,False
figure1_supp_lam1,figure1_supp,390,1,0.1143,0.114261823551335,3.817644866499492e-05,,False
figure1_supp_lam1,figure1_supp,390,2,0.9985,0.998465533113913,3.4466886087103354e-05,,False
figure1_supp_lam1,figure1_supp,390,3,0.7961,0.796065834787652,3.416521234800296e-05,,False
figure1_supp_lam1,figure1_supp,390,4,0.0763,0.0762947615992762,5.2384007238059915e-06,,False
figure1_supp_lam1,figure1_supp,390,5,0.0,0.0,0.0,,False
figure1_supp_lam1,figure1_supp,390,6,0.1276,0.127639403613072,3.940361307200324e-05,,False
figure1_supp_lam1,figure1_supp,390,7,0.0708,0.0707859438337128,1.405616628720463e-05,,False
figure1_supp_lam1,figure1_supp,391,1,0.1973,0.19730666109605,6.661096049992432e-06,,False
figure1_supp_lam1,figure1_supp,391,2,1.0,1.0,0.0,,False
figure1_supp_lam1,figure1_supp,391,3,0.7942,0.794189289683208,1.0710316792006402e-05,,False
figure1_supp_lam1,figure1_supp,391,4,0.0761,0.0761090365738672,9.036573867193809e-06,,False
figure1_supp_lam1,figure1_supp,391,5,0.0,0.0,0.0,,False
figure1_supp_lam1,figure1_supp,391,6,0.1297,0.129701673742925,1.673742924979127e-06,,False
figure1_supp_lam1,figure1_supp,391,7,0.0972,0.0971880554562272,1.1944543772790528e-05,,False
figure1_supp_lam1,figure1_supp,392,1,0.0,0.0,0.0,,False
figure1_supp_lam1,figure1_supp,392,2,0.0,0.0,0.0,,False
figure1_supp_lam1,figure1_supp,392,3,0.7947,0.794662765354083,3.7234645916983666e-05,,False
figure1_supp_lam1,figure1_supp,392,4,0.0759,0.0759005555177293,5.555177293031788e-07,,False
figure1_supp_lam1,figure1_supp,392,5,0.0,0.0,0.0,,False
figure1_supp_lam1,figure1_supp,392,6,0.1294,0.129436679128188,3.667912818799968e-05,,False
figure1_supp_lam1,figure1_supp,392,7,0.1055,0.105504650074137,4.650074136997029e-06,,False
figure1_supp_lam1,figure1_supp,393,1,0.0,0.0,0.0,,False
figure1_supp_lam1,figure1_supp,393,2,0.0,0.0,0.0,,False
figure1_supp_lam1,figure1_supp,393,3,0.7951,0.795130503929587,3.0503929586922496e-05,,False
figure1_supp_lam1,figure1_supp,393,4,0.0757,0.0757276613138164,2.766131381640169e-05,,False
figure1_supp_lam1,figure1_supp,393,5,0.0,0.0,0.0,,False
figure1_supp_lam1,figure1_supp,393,6,0.1291,0.129141834756597,4.183475659699787e-05,,False
figure1_supp_lam1,figure1_supp,393,7,0.0976,0.0975878105200502,1.2189479949811788e-05,,False
figure1_supp_lam1,figure1_supp,394,1,0.0,0.0,0.0,,False
figure1_supp_lam1,figure1_supp,394,2,0.0,0.0,0.0,,False
figure1_supp_lam1,figure1_supp,394,3,0.7956,0.795596116420656,3.8835793439995214e-06,,False
figure1_supp_lam1,figure1_supp,394,4,0.0756,0.0755555529926487,4.4447007351303136e-05,,False
figure1_supp_lam1,figure1_supp,394,5,0.0,0.0,0.0,,False
figure1_supp_lam1,figure1_supp,394,6,0.1288,0.128848330586696,4.8330586696010425e-05,,False
figure1_supp_lam1,figure1_supp,394,7,0.0945,0.0944596919528271,4.030804717290726e-05,,False
figure1_supp_lam1,figure1_supp,395,1,0.0,0.0,0.0,,False
figure1_supp_lam1,figure1_supp,395,2,0.0,0.0,0.0,,False
figure1_supp_lam1,figure1_supp,395,3,0.7961,0.79605961729045,4.03827095499798e-05,,False
figure1_supp_lam1,figure1_supp,395,4,0.0754,0.0753842252080849,1.5774791915099118e-05,,False
figure1_supp_lam1,figure1_supp,395,5,0.0,0.0,0.0,,False
figure1_supp_lam1,figure1_supp,395,6,0.1286,0.128556157501465,4.384249853497946e-05,,False
figure1_supp_lam1,figure1_supp,395,7,0.0955,0.0954722661044171,2.7733895582901513e-05,,False
figure1_supp_lam1,figure1_supp,396,1,0.0,0.0,0.0,,False
figure1_supp_lam1,figure1_supp,396,2,0.0,0.0,0.0,,False
figure1_supp_lam1,figure1_supp,396,3,0.7965,0.796521020871241,2.102087124100649e-05,,False
figure1_supp_lam1,figure1_supp,396,4,0.0752,0.0752136726623652,1.3672662365196708e-05,,False
figure1_supp_lam1,figure1_supp,396,5,0.0,0.0,0.0,,False
figure1_supp_lam1,figure1_supp,396,6,0.1283,0.128265306466394,3.469353360599503e-05,,False
figure1_supp_lam1,figure1_supp,396,7,0.0719,0.0718590539548865,4.094604511351019e-05,,False
figure1_supp_lam1,figure1_supp,397,1,0.0,0.0,0.0,,False
figure1_supp_lam1,figure1_supp,397,2,0.0,0.0,0.0,,False
figure1_supp_lam1,figure1_supp,397,3,0.797,0.796980341365888,1.9658634112018625e-05,,False
figure1_supp_lam1,figure1_supp,397,4,0.075,0.0750438901055653,4.389010556529738e-05,,False
figure1_supp_lam1,figure1_supp,397,5,0.0,0.0,0.0,,False
figure1_supp_lam1,figure1_supp,397,6,0.128,0.127975768528547,2.4231471453001197e-05,,False
figure1_supp_lam1,figure1_supp,397,7,0.0648,0.0648325856101991,3.258561019910122e-05,,False
figure1_supp_lam1,figure1_supp,398,1,0.0,0.0,0.0,,False
figure1_supp_lam1,figure1_supp,398,2,0.0,0.0,0.0,,False
figure1_supp_lam1,figure1_supp,398,3,0.7974,0.797437592849298,3.759284929805151e-05,,False
figure1_supp_lam1,figure1_supp,398,4,0.0749,0.0748748723350572,2.5127664942795058e-05,,False
figure1_supp_lam1,figure1_supp,398,5,0.0,0.0,0.0,,False
figure1_supp_lam1,figure1_supp,398,6,0.1277,0.127687534815644,1.2465184356019732e-05,,False
figure1_supp_lam1,figure1_supp,398,7,0.0489,0.0489024077534386,2.407753438599114e-06,,False
figure1_supp_lam1,figure1_supp,399,1,0.0,0.0,0.0,,False
figure1_supp_lam1,figure1_supp,399,2,0.0,0.0,0.0,,False
figure1_supp_lam1,figure1_supp,399,3,0.7979,0.797892789269862,7.210730138096366e-06,,False
figure1_supp_lam1,figure1_supp,399,4,0.0747,0.0747066141949784,6.614194978396548e-06,,False
figure1_supp_lam1,figure1_supp,399,5,0.0,0.0,0.0,,False
figure1_supp_lam1,figure1_supp,399,6,0.1274,0.12740059653516,5.965351599912516e-07,,False
figure1_supp_lam1,figure1_supp,399,7,0.0693,0.0693102462512585,1.0246251258505534e-05,,False
figure1_supp_lam1,figure1_supp,400,1,0.0,0.0,0.0,,False
figure1_supp_lam1,figure1_supp,400,2,0.0,0.0,0.0,,False
figure1_supp_lam1,figure1_supp,400,3,0.7983,0.798345944450871,4.5944450871027165e-05,,False
figure1_supp_lam1,figure1_supp,400,4,0.0745,0.0745391105757072,3.911057570719911e-05,,False
figure1_supp_lam1,figure1_supp,400,5,0.0,0.0,0.0,,False
figure1_supp_lam1,figure1_supp,400,6,0.1271,0.127114944973422,1.494497342199863e-05,,False
figure1_supp_lam1,figure1_supp,400,7,0.0806,0.0806027426611958,2.742661195792584e-06,,False
figure1_supp_lam1,figure1_supp,401,1,0.0,0.0,0.0,,False
figure1_supp_lam1,figure1_supp,401,2,0.0,0.0,0.0,,False
figure1_supp_lam1,figure1_supp,401,3,0.7988,0.79879707209192,2.927908079985997e-06,,False
figure1_supp_lam1,figure1_supp,401,4,0.0744,0.0743723564133454,2.7643586654593766e-05,,False
figure1_supp_lam1,figure1_supp,401,5,0.0,0.0,0.0,,False
figure1_supp_lam1,figure1_supp,401,6,0.1268,0.126830571494734,3.0571494734010773e-05,,False
figure1_supp_lam1,figure1_supp,401,7,0.0789,0.0789346642513517,3.466425135170703e-05,,False
figure1_supp_lam1,figure1_supp,402,1,0.0,0.0,0.0,,False
figure1_supp_lam1,figure1_supp,402,2,0.0,0.0,0.0,,False
figure1_supp_lam1,figure1_supp,402,3,0.7992,0.799246185770287,4.6185770287032746e-05,,False
figure1_supp_lam1,figure1_supp,402,4,0.0742,0.0742063466892085,6.3466892085001225e-06,,False
figure1_supp_lam1,figure1_supp,402,5,0.0,0.0,0.0,,False
figure1_supp_lam1,figure1_supp,402,6,0.1265,0.126547467540505,4.746754050499735e-05,,False
figure1_supp_lam1,figure1_supp,402,7,0.0843,0.0842579293762679,4.207062373209891e-05,,False
figure1_supp_lam1,figure1_supp,403,1,0.0,0.0,0.0,,False
figure1_supp_lam1,figure1_supp,403,2,0.0,0.0,0.0,,False
figure1_supp_lam1,figure1_supp,403,3,0.7997,0.799693298942291,6.701057708946578e-06,,False
figure1_supp_lam1,figure1_supp,403,4,0.074,0.0740410764293216,4.1076429321607044e-05,,False
figure1_supp_lam1,figure1_supp,403,5,0.0,0.0,0.0,,False
figure1_supp_lam1,figure1_supp,403,6,0.1263,0.126265624628388,3.437537161199433e-05,,False
figure1_supp_lam1,figure1_supp,403,7,0.0237,0.0236789993290882,2.1000670911798525e-05,,False
figure1_supp_lam1,figure1_supp,404,1,0.0,0.0,0.0,,False
figure1_supp_lam1,figure1_supp,404,2,0.0,0.0,0.0,,False
figure1_supp_lam1,figure1_supp,404,3,0.8001,0.800138424944641,3.8424944641013425e-05,,False
figure1_supp_lam1,figure1_supp,404,4,0.0739,0.0738765407039232,2.3459296076791536e-05,,False
figure1_supp_lam1,figure1_supp,404,5,0.0,0.0,0.0,,False
figure1_supp_lam1,figure1_supp,404,6,0.126,0.125985034351436,1.4965648564013723e-05,,False
figure1_supp_lam1,figure1_supp,404,7,0.0338,0.0338396351678628,3.963516786280319e-05,,False
figure1_supp_lam1,figure1_supp,405,1,0.0,0.0,0.0,,False
figure1_supp_lam1,figure1_supp,405,2,0.0,0.0,0.0,,False
figure1_supp_lam1,figure1_supp,405,3,0.8006,0.800581576995761,1.8423004238932172e-05,,False
figure1_supp_lam1,figure1_supp,405,4,0.0737,0.0737127346269743,1.2734626974292285e-05,,False
figure1_supp_lam1,figure1_supp,405,5,0.0,0.0,0.0,,False
figure1_supp_lam1,figure1_supp,405,6,0.1257,0.125705688377264,5.6883772640015096e-06,,False
figure1_supp_lam1,figure1_supp,405,7,0.0347,0.0346834601709787,1.653982902129897e-05,,False
figure1_supp_lam1,figure1_supp,406,1,0.0,0.0,0.0,,False
figure1_supp_lam1,figure1_supp,406,2,0.0,0.0,0.0,,False
figure1_supp_lam1,figure1_supp,406,3,0.801,0.801022768197098,2.27681970978999e-05,,False
figure1_supp_lam1,figure1_supp,406,4,0.0735,0.0735496533556757,4.965335567570783e-05,,False
figure1_supp_lam1,figure1_supp,406,5,0.0,0.0,0.0,,False
figure1_supp_lam1,figure1_supp,406,6,0.1254,0.125427578447226,2.7578447225978797e-05,,False
figure1_supp_lam1,figure1_supp,406,7,0.0508,0.0507819848383511,1.8015161648898825e-05,,False
figure1_supp_lam1,figure1_supp,407,1,0.1655,0.165455478963014,4.452103698601717e-05,,False
figure1_supp_lam1,figure1_supp,407,2,0.0,0.0,0.0,,False
figure1_supp_lam1,figure1_supp,407,3,0.7993,0.799258174157515,4.1825842485021525e-05,,False
figure1_supp_lam1,figure1_supp,407,4,0.0756,0.0755911294668861,8.870533113894408e-06,,False
figure1_supp_lam1,figure1_supp,407,5,0.0,0.0,0.0,,False
figure1_supp_lam1,figure1_supp,407,6,0.1252,0.125150696375599,4.9303624401003665e-05,,False
figure1_supp_lam1,figure1_supp,407,7,0.0632,0.0632240072904856,2.4007290485600352e-05,,False
figure1_supp_lam1,figure1_supp,408,1,0.0,0.0,0.0,,False
figure1_supp_lam1,figure1_supp,408,2,0.0,0.0,0.0,,False
figure1_supp_lam1,figure1_supp,408,3,0.7997,0.799712179762252,1.2179762251984805e-05,,False
figure1_supp_lam1,figure1_supp,408,4,0.0753,0.0752640545489238,3.594545107619973e-05,,False
figure1_supp_lam1,figure1_supp,408,5,0.0,0.0,0.0,,False
figure1_supp_lam1,figure1_supp,408,6,0.125,0.125023765688824,2.376568882400676e-05,,False
figure1_supp_lam1,figure1_supp,408,7,0.0625,0.062480491916582,1.9508083418003086e-05,,False
figure1_supp_lam1,figure1_supp,409,1,0.0,0.0,0.0,,False
figure1_supp_lam1,figure1_supp,409,2,0.0,0.0,0.0,,False
figure1_supp_lam1,figure1_supp,409,3,0.8002,0.800152372773763,4.7627226236968134e-05,,False
figure1_supp_lam1,figure1_supp,409,4,0.0751,0.0750986390444207,1.3609555793020478e-06,,False
figure1_supp_lam1,figure1_supp,409,5,0.0,0.0,0.0,,False
figure1_supp_lam1,figure1_supp,409,6,0.1247,0.124748988181816,4.8988181815992626e-05,,False
figure1_supp_lam1,figure1_supp,409,7,0.0648,0.0648472586082318,4.725860823180661e-05,,False
figure1_supp_lam1,figure1_supp,410,1,0.1916,0.191608716947161,8.716947161008237e-06,,False
figure1_supp_lam1,figure1_supp,410,2,0.0,0.0,0.0,,False
figure1_supp_lam1,figure1_supp,410,3,0.7984,0.79840160303059,1.603030590047183e-06,,False
figure1_supp_lam1,figure1_supp,410,4,0.0771,0.077122981130098,2.2981130097993185e-05,,False
figure1_supp_lam1,figure1_supp,410,5,0.0,0.0,0.0,,False
figure1_supp_lam1,figure1_supp,410,6,0.1245,0.124475415839312,2.4584160687998735e-05,,False
figure1_supp_lam1,figure1_supp,410,7,0.0717,0.0717039511995302,3.951199530199956e-06,,False
figure1_supp_lam1,figure1_supp,411,1,0.1864,0.191031568154695,0.004631568154694982,,False
figure1_supp_lam1,figure1_supp,411,2,0.0,0.0,0.0,,False
figure1_supp_lam1,figure1_supp,411,3,0.7967,0.796705543485192,5.543485191994435e-06,,False
figure1_supp_lam1,figure1_supp,411,4,0.0794,0.0794279033820227,2.790338202270093e-05,,False
figure1_supp_lam1,figure1_supp,411,5,0.0,0.0,0.0,,False
figure1_supp_lam1,figure1_supp,411,6,0.1239,0.123866553132786,3.3446867214001474e-05,,False
figure1_supp_lam1,figure1_supp,411,7,0.0945,0.092128619087758,0.0023713809122419965,,False
figure1_supp_lam1,figure1_supp,412,1,0.1835,0.183231104581299,0.0002688954187010095,,False
figure1_supp_lam1,figure1_supp,412,2,1.0,1.0,0.0,,False
figure1_supp_lam1,figure1_supp,412,3,0.795,0.794978901898456,2.109810154404812e-05,,False
figure1_supp_lam1,figure1_supp,412,4,0.0793,0.0792645274922123,3.5472507787695506e-05,,False
figure1_supp_lam1,figure1_supp,412,5,0.0,0.0,0.0,,False
figure1_supp_lam1,figure1_supp,412,6,0.1257,0.125756570609331,5.657060933098035e-05,,False
figure1_supp_lam1,figure1_supp,412,7,0.0955,0.0933290580000011,0.002170941999998899,,False
figure1_supp_lam1,figure1_supp,413,1,0.2373,0.237084513729081,0.00021548627091902417,,False
figure1_supp_lam1,figure1_supp,413,2,0.0,0.0,0.0,,False
figure1_supp_lam1,figure1_supp,413,3,0.7932,0.793250208391495,5.0208391494943605e-05,,False
figure1_supp_lam1,figure1_supp,413,4,0.0812,0.0812094176381288,9.417638128811356e-06,,False
figure1_supp_lam1,figure1_supp,413,5,0.0,0.0,0.0,,False
figure1_supp_lam1,figure1_supp,413,6,0.1255,0.125540373970376,4.037397037601198e-05,,False
figure1_supp_lam1,figure1_supp,413,7,0.1034,0.101393004287516,0.002006995712484,,False
figure1_supp_lam1,figure1_supp,414,1,0.0,0.0,0.0,,False
figure1_supp_lam1,figure1_supp,414,2,0.0,0.0,0.0,,False
figure1_supp_lam1,figure1_supp,414,3,0.7937,0.793696251655603,3.748344396981018e-06,,False
figure1_supp_lam1,figure1_supp,414,4,0.0811,0.081056674553842,4.332544615801015e-05,,False
figure1_supp_lam1,figure1_supp,414,5,0.0,0.0,0.0,,False
figure1_supp_lam1,figure1_supp,414,6,0.1252,0.125247073790555,4.707379055499117e-05,,False
figure1_supp_lam1,figure1_supp,414,7,0.1037,0.10172688126539,0.0019731187346099938,,False
figure1_supp_lam1,figure1_supp,415,1,0.0,0.0,0.0,,False
figure1_supp_lam1,figure1_supp,415,2,0.0,0.0,0.0,,False
figure1_supp_lam1,figure1_supp,415,3,0.7941,0.794143765209495,4.376520949500584e-05,,False
figure1_supp_lam1,figure1_supp,415,4,0.0809,0.0808808466263934,1.9153373606597968e-05,,False
figure1_supp_lam1,figure1_supp,415,5,0.0,0.0,0.0,,False
figure1_supp_lam1,figure1_supp,415,6,0.125,0.124975388164111,2.461183588900462e-05,,False
figure1_supp_lam1,figure1_supp,415,7,0.1302,0.128163394760504,0.0020366052394960033,,False
figure1_supp_lam1,figure1_supp,416,1,0.0,0.0,0.0,,False
figure1_supp_lam1,figure1_supp,416,2,0.0,0.0,0.0,,False
figure1_supp_lam1,figure1_supp,416,3,0.7946,0.794589341475276,1.0658524723927698e-05,,False
figure1_supp_lam1,figure1_supp,416,4,0.0807,0.0807057798588038,5.779858803803273e-06,,False
figure1_supp_lam1,figure1_supp,416,5,0.0,0.0,0.0,,False
figure1_supp_lam1,figure1_supp,416,6,0.1247,0.12470487866592,4.878665919999525e-06,,False
figure1_supp_lam1,figure1_supp,416,7,0.1299,0.128122656429228,0.0017773435707719998,,False
figure1_supp_lam1,figure1_supp,417,1,0.0,0.0,0.0,,False
figure1_supp_lam1,figure1_supp,417,2,0.0,0.0,0.0,,False
figure1_supp_lam1,figure1_supp,417,3,0.795,0.795032993005567,3.299300556691698e-05,,False
figure1_supp_lam1,figure1_supp,417,4,0.0805,0.0805314693191519,3.146931915189166e-05,,False
figure1_supp_lam1,figure1_supp,417,5,0.0,0.0,0.0,,False
figure1_supp_lam1,figure1_supp,417,6,0.1244,0.124435537675281,3.5537675280999936e-05,,False
figure1_supp_lam1,figure1_supp,417,7,0.1538,0.152057375730155,0.0017426242698450056,,False
figure1_supp_lam1,figure1_supp,418,1,0.0,0.0,0.0,,False
figure1_supp_lam1,figure1_supp,418,2,0.0,0.0,0.0,,False
figure1_supp_lam1,figure1_supp,418,3,0.7955,0.795474732244779,2.5267755220936827e-05,,False
figure1_supp_lam1,figure1_supp,418,4,0.0804,0.0803579101180331,4.208988196689745e-05,,False
figure1_supp_lam1,figure1_supp,418,5,0.0,0.0,0.0,,False
figure1_supp_lam1,figure1_supp,418,6,0.1242,0.124167357637188,3.264236281200206e-05,,False
figure1_supp_lam1,figure1_supp,418,7,0.1495,0.147753799084739,0.0017462009152609814,,False
figure1_supp_lam1,figure1_supp,419,1,0.0,0.0,0.0,,False
figure1_supp_lam1,figure1_supp,419,2,0.0,0.0,0.0,,False
figure1_supp_lam1,figure1_supp,419,3,0.7959,0.795914571530274,1.4571530273954636e-05,,False
figure1_supp_lam1,figure1_supp,419,4,0.0802,0.0801850974081018,1.4902591898194317e-05,,False
figure1_supp_lam1,figure1_supp,419,5,0.0,0.0,0.0,,False
figure1_supp_lam1,figure1_supp,419,6,0.1239,0.123900331061624,3.3106162400375894e-07,,False
figure1_supp_lam1,figure1_supp,419,7,0.1519,0.150068155911448,0.0018318440885519982,,False
figure1_supp_lam1,figure1_supp,420,1,0.0,0.0,0.0,,False
figure1_supp_lam1,figure1_supp,420,2,0.0,0.0,0.0,,False
figure1_supp_lam1,figure1_supp,420,3,0.7964,0.796352523093514,4.7476906485988124e-05,,False
figure1_supp_lam1,figure1_supp,420,4,0.08,0.0800130263836209,1.3026383620898252e-05,,False
figure1_supp_lam1,figure1_supp,420,5,0.0,0.0,0.0,,False
figure1_supp_lam1,figure1_supp,420,6,0.1236,0.123634450522865,3.445052286499273e-05,,False
figure1_supp_lam1,figure1_supp,420,7,0.1563,0.154122912971528,0.0021770870284719968,,False
figure1_supp_lam1.5,figure1_supp,1,8,0.1847,0.184686716837893,1.3283162106997315e-05,,False
figure1_supp_lam1.5,figure1_supp,1,9,0.0,0.0,0.0,,False
figure1_supp_lam1.5,figure1_supp,1,10,0.719,0.719044702812968,4.470281296797829e-05,,False
figure1_supp_lam1.5,figure1_supp,1,11,0.0426,0.0425531914893617,4.6808510638297884e-05,,False
figure1_supp_lam1.5,figure1_supp,1,12,0.0,0.0,0.0,,False
figure1_supp_lam1.5,figure1_supp,1,13,0.2384,0.23840210569767,2.105697670007345e-06,,False
figure1_supp_lam1.5,figure1_supp,1,14,0.0498,0.0498323457686539,3.234576865390054e-05,,False
figure1_supp_lam1.5,figure1_supp,2,8,0.0,0.0,0.0,,False
figure1_supp_lam1.5,figure1_supp,2,9,0.0,0.0,0.0,,False
figure1_supp_lam1.5,figure1_supp,2,10,0.7256,0.725570701737128,2.929826287201287e-05,,False
figure1_supp_lam1.5,figure1_supp,2,11,0.0417,0.0416666666666667,3.333333333330191e-05,,False
figure1_supp_lam1.5,figure1_supp,2,12,0.0,0.0,0.0,,False
figure1_supp_lam1.5,figure1_supp,2,13,0.2328,0.232762631596205,3.736840379500728e-05,,False
figure1_supp_lam1.5,figure1_supp,2,14,0.0507,0.0507212555771516,2.125557715159515e-05,,False
figure1_supp_lam1.5,figure1_supp,3,8,0.0,0.0,0.0,,False
figure1_supp_lam1.5,figure1_supp,3,9,0.0,0.0,0.0,,False
figure1_supp_lam1.5,figure1_supp,3,10,0.7312,0.73117129966086,2.8700339139930975e-05,,False
figure1_supp_lam1.5,figure1_supp,3,11,0.0408,0.0408163265306122,1.6326530612197077e-05,,False
figure1_supp_lam1.5,figure1_supp,3,12,0.0,0.0,0.0,,False
figure1_supp_lam1.5,figure1_supp,3,13,0.228,0.228012373808528,1.2373808528004515e-05,,False
figure1_supp_lam1.5,figure1_supp,3,14,0.053,0.0529971848921354,2.8151078645954897e-06,,False
figure1_supp_lam1.5,figure1_supp,4,8,0.0,0.0,0.0,,False
figure1_supp_lam1.5,figure1_supp,4,9,0.0,0.0,0.0,,False
figure1_supp_lam1.5,figure1_supp,4,10,0.7365,0.736547873667643,4.7873667642917006e-05,,False
figure1_supp_lam1.5,figure1_supp,4,11,0.04,0.04,0.0,,False
figure1_supp_lam1.5,figure1_supp,4,12,0.0,0.0,0.0,,False
figure1_supp_lam1.5,figure1_supp,4,13,0.2235,0.223452126332357,4.787366764300027e-05,,False
figure1_supp_lam1.5,figure1_supp,4,14,0.0447,0.0447309733804208,3.097338042080261e-05,,False
figure1_supp_lam1.5,figure1_supp,5,8,0.0,0.0,0.0,,False
figure1_supp_lam1.5,figure1_supp,5,9,0.0,0.0,0.0,,False
figure1_supp_lam1.5,figure1_supp,5,10,0.7417,0.741713601634944,1.3601634944016006e-05,,False
figure1_supp_lam1.5,figure1_supp,5,11,0.0392,0.0392156862745098,1.5686274509804643e-05,,False
figure1_supp_lam1.5,figure1_supp,5,12,0.0,0.0,0.0,,False
figure1_supp_lam1.5,figure1_supp,5,13,0.2191,0.219070712090546,2.928790945400106e-05,,False
figure1_supp_lam1.5,figure1_supp,5,14,0.0496,0.0496456401722775,4.564017227750433e-05,,False
figure1_supp_lam1.5,figure1_supp,6,8,0.0,0.0,0.0,,False
figure1_supp_lam1.5,figure1_supp,6,9,0.0,0.0,0.0,,False
figure1_supp_lam1.5,figure1_supp,6,10,0.7467,0.746680647757349,1.935224265103841e-05,,False
figure1_supp_lam1.5,figure1_supp,6,11,0.0385,0.0384615384615385,3.846153846150113e-05,,False
figure1_supp_lam1.5,figure1_supp,6,12,0.0,0.0,0.0,,False
figure1_supp_lam1.5,figure1_supp,6,13,0.2149,0.214857813781113,4.2186218887019233e-05,,False
figure1_supp_lam1.5,figure1_supp,6,14,0.0491,0.0491356120269658,3.561202696580196e-05,,False
figure1_supp_lam1.5,figure1_supp,7,8,0.0,0.0,0.0,,False
figure1_supp_lam1.5,figure1_supp,7,9,0.0,0.0,0.0,,False
figure1_supp_lam1.5,figure1_supp,7,10,0.7515,0.751460258177022,3.9741822977945596e-05,,False
figure1_supp_lam1.5,figure1_supp,7,11,0.0377,0.0377358490566038,3.58490566038025e-05,,False
figure1_supp_lam1.5,figure1_supp,7,12,0.0,0.0,0.0,,False
figure1_supp_lam1.5,figure1_supp,7,13,0.2108,0.210803892766375,3.892766375024337e-06,,False
figure1_supp_lam1.5,figure1_supp,7,14,0.0378,0.0378038409160325,3.840916032497865e-06,,False
figure1_supp_lam1.5,figure1_supp,8,8,0.0,0.0,0.0,,False
figure1_supp_lam1.5,figure1_supp,8,9,0.0,0.0,0.0,,False
figure1_supp_lam1.5,figure1_supp,8,10,0.7561,0.756062845988558,3.71540114419977e-05,,False
figure1_supp_lam1.5,figure1_supp,8,11,0.037,0.037037037037037,3.703703703700212e-05,,False
figure1_supp_lam1.5,figure1_supp,8,12,0.0,0.0,0.0,,False
figure1_supp_lam1.5,figure1_supp,8,13,0.2069,0.206900116974405,1.1697440499558454e-07,,False
figure1_supp_lam1.5,figure1_supp,8,14,0.0406,0.0405636525260139,3.634747398609944e-05,,False
figure1_supp_lam1.5,figure1_supp,9,8,0.0,0.0,0.0,,False
figure1_supp_lam1.5,figure1_supp,9,9,0.0,0.0,0.0,,False
figure1_supp_lam1.5,figure1_supp,9,10,0.7605,0.760498066970584,1.9330294159791706e-06,,False
figure1_supp_lam1.5,figure1_supp,9,11,0.0364,0.0363636363636364,3.6363636363605234e-05,,False
figure1_supp_lam1.5,figure1_supp,9,12,0.0,0.0,0.0,,False
figure1_supp_lam1.5,figure1_supp,9,13,0.2031,0.203138296665779,3.8296665779008476e-05,,False
figure1_supp_lam1.5,figure1_supp,9,14,0.0485,0.0485438460484028,4.384604840279582e-05,,False
figure1_supp_lam1.5,figure1_supp,10,8,0.1206,0.12059854008951,1.4599104899981619e-06,,False
figure1_supp_lam1.5,figure1_supp,10,9,0.3781,0.378106779593746,6.779593746009116e-06,,False
figure1_supp_lam1.5,figure1_supp,10,10,0.7543,0.754290905307921,9.094692078992495e-06,,False
figure1_supp_lam1.5,figure1_supp,10,11,0.0394,0.0394463608311579,4.636083115790168e-05,,False
figure1_supp_lam1.5,figure1_supp,10,12,0.0,0.0,0.0,,False
figure1_supp_lam1.5,figure1_supp,10,13,0.2063,0.206262733860922,3.726613907800713e-05,,False
figure1_supp_lam1.5,figure1_supp,10,14,0.0524,0.0524084284334712,8.428433471201202e-06,,False
figure1_supp_lam1.5,figure1_supp,11,8,0.0,0.0,0.0,,False
figure1_supp_lam1.5,figure1_supp,11,9,0.0,0.0,0.0,,False
figure1_supp_lam1.5,figure1_supp,11,10,0.7627,0.762740979777795,4.097977779493611e-05,,False
figure1_supp_lam1.5,figure1_supp,11,11,0.0386,0.0386116841163091,1.1684116309099157e-05,,False
figure1_supp_lam1.5,figure1_supp,11,12,0.0,0.0,0.0,,False
figure1_supp_lam1.5,figure1_supp,11,13,0.1986,0.198647336105896,4.733610589599535e-05,,False
figure1_supp_lam1.5,figure1_supp,11,14,0.0634,0.0634220468628905,2.2046862890506835e-05,,False
figure1_supp_lam1.5,figure1_supp,12,8,0.0,0.0,0.0,,False
figure1_supp_lam1.5,figure1_supp,12,9,0.0,0.0,0.0,,False
figure1_supp_lam1.5,figure1_supp,12,10,0.7668,0.766831652540247,3.165254024695141e-05,,False
figure1_supp_lam1.5,figure1_supp,12,11,0.0379,0.0379459654246486,4.596542464859604e-05,,False
figure1_supp_lam1.5,figure1_supp,12,12,0.0,0.0,0.0,,False
figure1_supp_lam1.5,figure1_supp,12,13,0.1952,0.195222382035105,2.2382035104989706e-05,,False
figure1_supp_lam1.5,figure1_supp,12,14,0.0544,0.054386398622994,1.3601377005997839e-05,,False
figure1_supp_lam1.5,figure1_supp,13,8,0.0,0.0,0.0,,False
figure1_supp_lam1.5,figure1_supp,13,9,0.0,0.0,0.0,,False
figure1_supp_lam1.5,figure1_supp,13,10,0.7708,0.770783658429395,1.634157060503849e-05,,False
figure1_supp_lam1.5,figure1_supp,13,11,0.0373,0.0373028134682986,2.8134682985986315e-06,,False
figure1_supp_lam1.5,figure1_supp,13,12,0.0,0.0,0.0,,False
figure1_supp_lam1.5,figure1_supp,13,13,0.1919,0.191913528102306,1.3528102306009648e-05,,False
figure1_supp_lam1.5,figure1_supp,13,14,0.0694,0.0693813259747077,1.8674025292306218e-05,,False
figure1_supp_lam1.5,figure1_supp,14,8,0.0,0.0,0.0,,False
figure1_supp_lam1.5,figure1_supp,14,9,0.0,0.0,0.0,,False
figure1_supp_lam1.5,figure1_supp,14,10,0.7746,0.774603930788905,3.93078890503773e-06,,False
figure1_supp_lam1.5,figure1_supp,14,11,0.0367,0.0366810999104936,1.8900089506404538e-05,,False
figure1_supp_lam1.5,figure1_supp,14,12,0.0,0.0,0.0,,False
figure1_supp_lam1.5,figure1_supp,14,13,0.1887,0.188714969300601,1.4969300600992108e-05,,False
figure1_supp_lam1.5,figure1_supp,14,14,0.0695,0.0694556655987562,4.433440124380905e-05,,False
figure1_supp_lam1.5,figure1_supp,15,8,0.0,0.0,0.0,,False
figure1_supp_lam1.5,figure1_supp,15,9,0.0,0.0,0.0,,False
figure1_supp_lam1.5,figure1_supp,15,10,0.7783,0.778298948316956,1.0516830439843972e-06,,False
figure1_supp_lam1.5,figure1_supp,15,11,0.0361,0.0360797704037642,2.0229596235800396e-05,,False
figure1_supp_lam1.5,figure1_supp,15,12,0.0,0.0,0.0,,False
figure1_supp_lam1.5,figure1_supp,15,13,0.1856,0.18562128127928,2.12812792799999e-05,,False
figure1_supp_lam1.5,figure1_supp,15,14,0.0671,0.0671429431723528,4.294317235278844e-05,,False
figure1_supp_lam1.5,figure1_supp,16,8,0.0,0.0,0.0,,False
figure1_supp_lam1.5,figure1_supp,16,9,0.0,0.0,0.0,,False
figure1_supp_lam1.5,figure1_supp,16,10,0.7819,0.781874771731199,2.5228268801025244e-05,,False
figure1_supp_lam1.5,figure1_supp,16,11,0.0355,0.0354978386230584,2.1613769415965156e-06,,False
figure1_supp_lam1.5,figure1_supp,16,12,0.0,0.0,0.0,,False
figure1_supp_lam1.5,figure1_supp,16,13,0.1826,0.182627389645743,2.7389645742975643e-05,,False
figure1_supp_lam1.5,figure1_supp,16,14,0.0666,0.0666332134171232,3.321341712318737e-05,,False
figure1_supp_lam1.5,figure1_supp,17,8,0.0,0.0,0.0,,False
figure1_supp_lam1.5,figure1_supp,17,9,0.0,0.0,0.0,,False
figure1_supp_lam1.5,figure1_supp,17,10,0.7853,0.785337076941815,3.707694181498411e-05,,False
figure1_supp_lam1.5,figure1_supp,17,11,0.0349,0.0349343808671368,3.4380867136800386e-05,,False
figure1_supp_lam1.5,figure1_supp,17,12,0.0,0.0,0.0,,False
figure1_supp_lam1.5,figure1_supp,17,13,0.1797,0.179728542191049,2.8542191049002463e-05,,False
figure1_supp_lam1.5,figure1_supp,17,14,0.0658,0.0658381923813912,3.8192381391202734e-05,,False
figure1_supp_lam1.5,figure1_supp,18,8,0.0,0.0,0.0,,False
figure1_supp_lam1.5,figure1_supp,18,9,0.0,0.0,0.0,,False
figure1_supp_lam1.5,figure1_supp,18,10,0.7887,0.788691185114599,8.814885400942885e-06,,False
figure1_supp_lam1.5,figure1_supp,18,11,0.0344,0.0343885311660878,1.146883391219683e-05,,False
figure1_supp_lam1.5,figure1_supp,18,12,0.0,0.0,0.0,,False
figure1_supp_lam1.5,figure1_supp,18,13,0.1769,0.176920283719314,2.0283719314007076e-05,,False
figure1_supp_lam1.5,figure1_supp,18,14,0.0652,0.0651538898135096,4.6110186490394556e-05,,False
figure1_supp_lam1.5,figure1_supp,19,8,0.0,0.0,0.0,,False
figure1_supp_lam1.5,figure1_supp,19,9,0.0,0.0,0.0,,False
figure1_supp_lam1.5,figure1_supp,19,10,0.7919,0.79194208995899,4.2089958989910414e-05,,False
figure1_supp_lam1.5,figure1_supp,19,11,0.0339,0.0338594768404557,4.052315954430202e-05,,False
figure1_supp_lam1.5,figure1_supp,19,12,0.0,0.0,0.0,,False
figure1_supp_lam1.5,figure1_supp,19,13,0.1742,0.174198433200555,1.5667994449908296e-06,,False
figure1_supp_lam1.5,figure1_supp,19,14,0.0776,0.0776022623664514,2.2623664513998776e-06,,False
figure1_supp_lam1.5,figure1_supp,20,8,0.0,0.0,0.0,,False
figure1_supp_lam1.5,figure1_supp,20,9,0.0,0.0,0.0,,False
figure1_supp_lam1.5,figure1_supp,20,10,0.7951,0.795094482535369,5.517464631066282e-06,,False
figure1_supp_lam1.5,figure1_supp,20,11,0.0333,0.0333464544640851,4.645446408509807e-05,,False
figure1_supp_lam1.5,figure1_supp,20,12,0.0,0.0,0.0,,False
figure1_supp_lam1.5,figure1_supp,20,13,0.1716,0.171559063000546,4.093699945401097e-05,,False
figure1_supp_lam1.5,figure1_supp,20,14,0.0792,0.0792244900947512,2.4490094751195013e-05,,False
figure1_supp_lam1.5,figure1_supp,21,8,0.0,0.0,0.0,,False
figure1_supp_lam1.5,figure1_supp,21,9,0.0,0.0,0.0,,False
figure1_supp_lam1.5,figure1_supp,21,10,0.7982,0.798152773840811,4.7226159189062145e-05,,False
figure1_supp_lam1.5,figure1_supp,21,11,0.0328,0.0328487461885018,4.874618850179979e-05,,False
figure1_supp_lam1.5,figure1_supp,21,12,0.0,0.0,0.0,,False
figure1_supp_lam1.5,figure1_supp,21,13,0.169,0.168998479970687,1.5200293130013254e-06,,False
figure1_supp_lam1.5,figure1_supp,21,14,0.0754,0.0753609520067438,3.90479932561999e-05,,False
figure1_supp_lam1.5,figure1_supp,22,8,0.1195,0.119524620866665,2.4620866665006624e-05,,False
figure1_supp_lam1.5,figure1_supp,22,9,0.0,0.0,0.0,,False
figure1_supp_lam1.5,figure1_supp,22,10,0.7929,0.792929388063798,2.9388063797930464e-05,,False
figure1_supp_lam1.5,figure1_supp,22,11,0.0406,0.0405574037297898,4.259627021020035e-05,,False
figure1_supp_lam1.5,figure1_supp,22,12,0.0,0.0,0.0,,False
figure1_supp_lam1.5,figure1_supp,22,13,0.1665,0.166513208206413,1.3208206412984591e-05,,False
figure1_supp_lam1.5,figure1_supp,22,14,0.1184,0.118416241455637,1.6241455637000524e-05,,False
figure1_supp_lam1.5,figure1_supp,23,8,0.2078,0.207818542920956,1.8542920955988418e-05,,False
figure1_supp_lam1.5,figure1_supp,23,9,0.0,0.0,0.0,,False
figure1_supp_lam1.5,figure1_supp,23,10,0.7796,0.779564516211572,3.548378842799238e-05,,False
figure1_supp_lam1.5,figure1_supp,23,11,0.0547,0.0547400767590474,4.007675904740132e-05,,False
figure1_supp_lam1.5,figure1_supp,23,12,0.0,0.0,0.0,,False
figure1_supp_lam1.5,figure1_supp,23,13,0.1657,0.165695407029381,4.592970618999548e-06,,False
figure1_supp_lam1.5,figure1_supp,23,14,0.0974,0.0974039295292532,3.929529253196562e-06,,False
figure1_supp_lam1.5,figure1_supp,24,8,0.0,0.0,0.0,,False
figure1_supp_lam1.5,figure1_supp,24,9,0.0,0.0,0.0,,False
figure1_supp_lam1.5,figure1_supp,24,10,0.7832,0.783185163621061,1.4836378938953843e-05,,False
figure1_supp_lam1.5,figure1_supp,24,11,0.0539,0.0539387685326576,3.876853265759317e-05,,False
figure1_supp_lam1.5,figure1_supp,24,12,0.0,0.0,0.0,,False
figure1_supp_lam1.5,figure1_supp,24,13,0.1629,0.162876067846282,2.393215371798707e-05,,False
figure1_supp_lam1.5,figure1_supp,24,14,0.0872,0.0871625438610472,3.745613895279887e-05,,False
figure1_supp_lam1.5,figure1_supp,25,8,0.0,0.0,0.0,,False
figure1_supp_lam1.5,figure1_supp,25,9,0.0,0.0,0.0,,False
figure1_supp_lam1.5,figure1_supp,25,10,0.7862,0.786238893710905,3.8893710905041345e-05,,False
figure1_supp_lam1.5,figure1_supp,25,11,0.0532,0.0531790675674089,2.0932432591096173e-05,,False
figure1_supp_lam1.5,figure1_supp,25,12,0.0,0.0,0.0,,False
figure1_supp_lam1.5,figure1_supp,25,13,0.1606,0.160582038721686,1.7961278313993745e-05,,False
figure1_supp_lam1.5,figure1_supp,25,14,0.0817,0.0817240265931127,2.402659311270816e-05,,False
figure1_supp_lam1.5,figure1_supp,26,8,0.0,0.0,0.0,,False
figure1_supp_lam1.5,figure1_supp,26,9,0.0,0.0,0.0,,False
figure1_supp_lam1.5,figure1_supp,26,10,0.7892,0.78920779796492,7.797964920008837e-06,,False
figure1_supp_lam1.5,figure1_supp,26,11,0.0524,0.0524404694067504,4.046940675039856e-05,,False
figure1_supp_lam1.5,figure1_supp,26,12,0.0,0.0,0.0,,False
figure1_supp_lam1.5,figure1_supp,26,13,0.1584,0.158351732628329,4.826737167101802e-05,,False
figure1_supp_lam1.5,figure1_supp,26,14,0.0961,0.0961421586036666,4.215860366658941e-05,,False
figure1_supp_lam1.5,figure1_supp,27,8,0.0,0.0,0.0,,False
figure1_supp_lam1.5,figure1_supp,27,9,0.0,0.0,0.0,,False
figure1_supp_lam1.5,figure1_supp,27,10,0.7921,0.79209536237636,4.637623640002531e-06,,False
figure1_supp_lam1.5,figure1_supp,27,11,0.0517,0.0517221068121374,2.21068121373999e-05,,False
figure1_supp_lam1.5,figure1_supp,27,12,0.0,0.0,0.0,,False
figure1_supp_lam1.5,figure1_supp,27,13,0.1562,0.156182530811503,1.746918849701573e-05,,False
figure1_supp_lam1.5,figure1_supp,27,14,0.0893,0.0893221418875462,2.2141887546192618e-05,,False
figure1_supp_lam1.5,figure1_supp,28,8,0.0,0.0,0.0,,False
figure1_supp_lam1.5,figure1_supp,28,9,0.0,0.0,0.0,,False
figure1_supp_lam1.5,figure1_supp,28,10,0.7949,0.794904884506409,4.884506408897593e-06,,False
figure1_supp_lam1.5,figure1_supp,28,11,0.051,0.0510231594227842,2.315942278420524e-05,,False
figure1_supp_lam1.5,figure1_supp,28,12,0.0,0.0,0.0,,False
figure1_supp_lam1.5,figure1_supp,28,13,0.1541,0.154071956070807,2.8043929192977934e-05,,False
figure1_supp_lam1.5,figure1_supp,28,14,0.098,0.0979933826312057,6.617368794301082e-06,,False
figure1_supp_lam1.5,figure1_supp,29,8,0.0,0.0,0.0,,False
figure1_supp_lam1.5,figure1_supp,29,9,0.0,0.0,0.0,,False
figure1_supp_lam1.5,figure1_supp,29,10,0.7976,0.797639486046324,3.9486046323977675e-05,,False
figure1_supp_lam1.5,figure1_supp,29,11,0.0503,0.0503428506304804,4.285063048040105e-05,,False
figure1_supp_lam1.5,figure1_supp,29,12,0.0,0.0,0.0,,False
figure1_supp_lam1.5,figure1_supp,29,13,0.152,0.152017663323196,1.7663323195998837e-05,,False
figure1_supp_lam1.5,figure1_supp,29,14,0.1057,0.105692612438221,7.38756177899591e-06,,False
figure1_supp_lam1.5,figure1_supp,30,8,0.0,0.0,0.0,,False
figure1_supp_lam1.5,figure1_supp,30,9,0.0,0.0,0.0,,False
figure1_supp_lam1.5,figure1_supp,30,10,0.8003,0.800302124387819,2.12438781899138e-06,,False
figure1_supp_lam1.5,figure1_supp,30,11,0.0497,0.049680444701132,1.9555298868004223e-05,,False
figure1_supp_lam1.5,figure1_supp,30,12,0.0,0.0,0.0,,False
figure1_supp_lam1.5,figure1_supp,30,13,0.15,0.150017430911049,1.7430911048998965e-05,,False
figure1_supp_lam1.5,figure1_supp,30,14,0.1059,0.105890761361653,9.23863834699501e-06,,False
figure1_supp_lam1.5,figure1_supp,31,8,0.0,0.0,0.0,,False
figure1_supp_lam1.5,figure1_supp,31,9,0.0,0.0,0.0,,False
figure1_supp_lam1.5,figure1_supp,31,10,0.8029,0.802895603291874,4.396708125908866e-06,,False
figure1_supp_lam1.5,figure1_supp,31,11,0.049,0.0490352441205978,3.5244120597799355e-05,,False
figure1_supp_lam1.5,figure1_supp,31,12,0.0,0.0,0.0,,False
figure1_supp_lam1.5,figure1_supp,31,13,0.1481,0.148069152587529,3.084741247100231e-05,,False
figure1_supp_lam1.5,figure1_supp,31,14,0.0915,0.0915220487897246,2.204878972460189e-05,,False
figure1_supp_lam1.5,figure1_supp,32,8,0.0,0.0,0.0,,False
figure1_supp_lam1.5,figure1_supp,32,9,0.0,0.0,0.0,,False
figure1_supp_lam1.5,figure1_supp,32,10,0.8054,0.805422582736849,2.2582736848963947e-05,,False
figure1_supp_lam1.5,figure1_supp,32,11,0.0484,0.0484065871446927,6.587144692704605e-06,,False
figure1_supp_lam1.5,figure1_supp,32,12,0.0,0.0,0.0,,False
figure1_supp_lam1.5,figure1_supp,32,13,0.1462,0.146170830118458,2.916988154200162e-05,,False
figure1_supp_lam1.5,figure1_supp,32,14,0.0908,0.0908417186117606,4.171861176059666e-05,,False
figure1_supp_lam1.5,figure1_supp,33,8,0.0,0.0,0.0,,False
figure1_supp_lam1.5,figure1_supp,33,9,0.0,0.0,0.0,,False
figure1_supp_lam1.5,figure1_supp,33,10,0.8079,0.807885588018662,1.441198133800281e-05,,False
figure1_supp_lam1.5,figure1_supp,33,11,0.0478,0.0477938455352662,6.154464733801324e-06,,False
figure1_supp_lam1.5,figure1_supp,33,12,0.0,0.0,0.0,,False
figure1_supp_lam1.5,figure1_supp,33,13,0.1443,0.144320566446072,2.0566446071984545e-05,,False
figure1_supp_lam1.5,figure1_supp,33,14,0.0859,0.0858947154159468,5.284584053202868e-06,,False
figure1_supp_lam1.5,figure1_supp,34,8,0.0,0.0,0.0,,False
figure1_supp_lam1.5,figure1_supp,34,9,0.0,0.0,0.0,,False
figure1_supp_lam1.5,figure1_supp,34,10,0.8103,0.810287018168428,1.2981831572056457e-05,,False
figure1_supp_lam1.5,figure1_supp,34,11,0.0472,0.0471964224660754,3.577533924596643e-06,,False
figure1_supp_lam1.5,figure1_supp,34,12,0.0,0.0,0.0,,False
figure1_supp_lam1.5,figure1_supp,34,13,0.1425,0.142516559365496,1.655936549602166e-05,,False
figure1_supp_lam1.5,figure1_supp,34,14,0.1011,0.101149348458286,4.934845828601098e-05,,False
figure1_supp_lam1.5,figure1_supp,35,8,0.0,0.0,0.0,,False
figure1_supp_lam1.5,figure1_supp,35,9,0.0,0.0,0.0,,False
figure1_supp_lam1.5,figure1_supp,35,10,0.8126,0.812629153746596,2.915374659595571e-05,,False
figure1_supp_lam1.5,figure1_supp,35,11,0.0466,0.0466137505837782,1.3750583778199266e-05,,False
figure1_supp_lam1.5,figure1_supp,35,12,0.0,0.0,0.0,,False
figure1_supp_lam1.5,figure1_supp,35,13,0.1408,0.140757095669626,4.29043303740162e-05,,False
figure1_supp_lam1.5,figure1_supp,35,14,0.1139,0.113909961195779,9.961195778993015e-06,,False
figure1_supp_lam1.5,figure1_supp,36,8,0.0,0.0,0.0,,False
figure1_supp_lam1.5,figure1_supp,36,9,0.0,0.0,0.0,,False
figure1_supp_lam1.5,figure1_supp,36,10,0.8149,0.814914164066759,1.4164066759025928e-05,,False
figure1_supp_lam1.5,figure1_supp,36,11,0.046,0.0460452902108053,4.529021080530021e-05,,False
figure1_supp_lam1.5,figure1_supp,36,12,0.0,0.0,0.0,,False
figure1_supp_lam1.5,figure1_supp,36,13,0.139,0.139040545722435,4.0545722434975895e-05,,False
figure1_supp_lam1.5,figure1_supp,36,14,0.1364,0.136431625891011,3.1625891010994556e-05,,False
figure1_supp_lam1.5,figure1_supp,37,8,0.0,0.0,0.0,,False
figure1_supp_lam1.5,figure1_supp,37,9,0.0,0.0,0.0,,False
figure1_supp_lam1.5,figure1_supp,37,10,0.8171,0.81714411389728,4.4113897279984826e-05,,False
figure1_supp_lam1.5,figure1_supp,37,11,0.0455,0.045490527678145,9.472321854997467e-06,,False
figure1_supp_lam1.5,figure1_supp,37,12,0.0,0.0,0.0,,False
figure1_supp_lam1.5,figure1_supp,37,13,0.1374,0.137365358424575,3.464157542498736e-05,,False
figure1_supp_lam1.5,figure1_supp,37,14,0.1535,0.153509950702713,9.950702713007464e-06,,False
figure1_supp_lam1.5,figure1_supp,38,8,0.0,0.0,0.0,,False
figure1_supp_lam1.5,figure1_supp,38,9,0.0,0.0,0.0,,False
figure1_supp_lam1.5,figure1_supp,38,10,0.8193,0.819320969684217,2.0969684216942674e-05,,False
figure1_supp_lam1.5,figure1_supp,38,11,0.0449,0.0449489737772146,4.8973777214599e-05,,False
figure1_supp_lam1.5,figure1_supp,38,12,0.0,0.0,0.0,,False
figure1_supp_lam1.5,figure1_supp,38,13,0.1357,0.135730056538568,3.0056538568024038e-05,,False
figure1_supp_lam1.5,figure1_supp,38,14,0.2208,0.220847026452568,4.702645256801641e-05,,False
figure1_supp_lam1.5,figure1_supp,39,8,0.0,0.0,0.0,,False
figure1_supp_lam1.5,figure1_supp,39,9,0.0,0.0,0.0,,False
figure1_supp_lam1.5,figure1_supp,39,10,0.8214,0.821446605334991,4.660533499101227e-05,,False
figure1_supp_lam1.5,figure1_supp,39,11,0.0444,0.0444201623210121,2.016232101209603e-05,,False
figure1_supp_lam1.5,figure1_supp,39,12,0.0,0.0,0.0,,False
figure1_supp_lam1.5,figure1_supp,39,13,0.1341,0.134133232343997,3.323234399699171e-05,,False
figure1_supp_lam1.5,figure1_supp,39,14,0.1848,0.184774577064316,2.542293568399967e-05,,False
figure1_supp_lam1.5,figure1_supp,40,8,0.0,0.0,0.0,,False
figure1_supp_lam1.5,figure1_supp,40,9,0.0,0.0,0.0,,False
figure1_supp_lam1.5,figure1_supp,40,10,0.8235,0.823522807598538,2.280759853801051e-05,,False
figure1_supp_lam1.5,figure1_supp,40,11,0.0439,0.0439036488056515,3.648805651498832e-06,,False
figure1_supp_lam1.5,figure1_supp,40,12,0.0,0.0,0.0,,False
figure1_supp_lam1.5,figure1_supp,40,13,0.1326,0.132573543595811,2.6456404188995863e-05,,False
figure1_supp_lam1.5,figure1_supp,40,14,0.208,0.208005160911054,5.160911054014061e-06,,False
figure1_supp_lam1.5,figure1_supp,41,8,0.0,0.0,0.0,,False
figure1_supp_lam1.5,figure1_supp,41,9,0.0,0.0,0.0,,False
figure1_supp_lam1.5,figure1_supp,41,10,0.8256,0.825551281074417,4.871892558300228e-05,,False
figure1_supp_lam1.5,figure1_supp,41,11,0.0434,0.0433990091642072,9.90835792802347e-07,,False
figure1_supp_lam1.5,figure1_supp,41,12,0.0,0.0,0.0,,False
figure1_supp_lam1.5,figure1_supp,41,13,0.131,0.131049709761376,4.970976137599892e-05,,False
figure1_supp_lam1.5,figure1_supp,41,14,0.2114,0.211352319092499,4.768090750101317e-05,,False
figure1_supp_lam1.5,figure1_supp,42,8,0.0,0.0,0.0,,False
figure1_supp_lam1.5,figure1_supp,42,9,0.0,0.0,0.0,,False
figure1_supp_lam1.5,figure1_supp,42,10,0.8275,0.827533652880389,3.365288038903458e-05,,False
figure1_supp_lam1.5,figure1_supp,42,11,0.0429,0.0429058386055231,5.838605523098006e-06,,False
figure1_supp_lam1.5,figure1_supp,42,12,0.0,0.0,0.0,,False
figure1_supp_lam1.5,figure1_supp,42,13,0.1296,0.129560508514088,3.949148591197993e-05,,False
figure1_supp_lam1.5,figure1_supp,42,14,0.2359,0.235878833963001,2.11660369990041e-05,,False
figure1_supp_lam1.5,figure1_supp,43,8,0.0,0.0,0.0,,False
figure1_supp_lam1.5,figure1_supp,43,9,0.0,0.0,0.0,,False
figure1_supp_lam1.5,figure1_supp,43,10,0.8295,0.829471477005329,2.8522994671043023e-05,,False
figure1_supp_lam1.5,figure1_supp,43,11,0.0424,0.0424237505313037,2.375053130369842e-05,,False
figure1_supp_lam1.5,figure1_supp,43,12,0.0,0.0,0.0,,False
figure1_supp_lam1.5,figure1_supp,43,13,0.1281,0.128104772463367,4.772463366997659e-06,,False
figure1_supp_lam1.5,figure1_supp,43,14,0.2398,0.239781911243725,1.8088756275014273e-05,,False
figure1_supp_lam1.5,figure1_supp,44,8,0.0,0.0,0.0,,False
figure1_supp_lam1.5,figure1_supp,44,9,0.0,0.0,0.0,,False
figure1_supp_lam1.5,figure1_supp,44,10,0.8314,0.831366238371936,3.376162806401073e-05,,False
figure1_supp_lam1.5,figure1_supp,44,11,0.042,0.0419523755254003,4.762447459970287e-05,,False
figure1_supp_lam1.5,figure1_supp,44,12,0.0,0.0,0.0,,False
figure1_supp_lam1.5,figure1_supp,44,13,0.1267,0.126681386102663,1.861389733701091e-05,,False
figure1_supp_lam1.5,figure1_supp,44,14,0.2666,0.266639295592488,3.9295592487997855e-05,,False
figure1_supp_lam1.5,figure1_supp,45,8,0.0,0.0,0.0,,False
figure1_supp_lam1.5,figure1_supp,45,9,0.0,0.0,0.0,,False
figure1_supp_lam1.5,figure1_supp,45,10,0.8332,0.833219356631585,1.9356631584921402e-05,,False
figure1_supp_lam1.5,figure1_supp,45,11,0.0415,0.0414913604097366,8.639590263405383e-06,,False
figure1_supp_lam1.5,figure1_supp,45,12,0.0,0.0,0.0,,False
figure1_supp_lam1.5,figure1_supp,45,13,0.1253,0.125289282958678,1.0717041321994802e-05,,False
figure1_supp_lam1.5,figure1_supp,45,14,0.2443,0.244315105334948,1.5105334948001259e-05,,False
figure1_supp_lam1.5,figure1_supp,46,8,0.059,0.0590326346270335,3.2634627033505115e-05,,False
figure1_supp_lam1.5,figure1_supp,46,9,0.5679,0.567914519298168,1.4519298168091943e-05,,False
figure1_supp_lam1.5,figure1_supp,46,10,0.8281,0.828143902840586,4.390284058608529e-05,,False
figure1_supp_lam1.5,figure1_supp,46,11,0.0418,0.041755670327481,4.4329672518994556e-05,,False
figure1_supp_lam1.5,figure1_supp,46,12,0.0,0.0,0.0,,False
figure1_supp_lam1.5,figure1_supp,46,13,0.1301,0.130100426831933,4.2683193302028855e-07,,False
figure1_supp_lam1.5,figure1_supp,46,14,0.1902,0.190246942726275,4.694272627497886e-05,,False
figure1_supp_lam1.5,figure1_supp,47,8,0.0,0.0,0.0,,False
figure1_supp_lam1.5,figure1_supp,47,9,0.0,0.0,0.0,,False
figure1_supp_lam1.5,figure1_supp,47,10,0.8311,0.831122834747213,2.2834747213096307e-05,,False
figure1_supp_lam1.5,figure1_supp,47,11,0.0411,0.0411349090035118,3.4909003511801595e-05,,False
figure1_supp_lam1.5,figure1_supp,47,12,0.0,0.0,0.0,,False
figure1_supp_lam1.5,figure1_supp,47,13,0.1277,0.127742256249275,4.225624927498006e-05,,False
figure1_supp_lam1.5,figure1_supp,47,14,0.1816,0.181553413161203,4.658683879701919e-05,,False
figure1_supp_lam1.5,figure1_supp,48,8,0.0,0.0,0.0,,False
figure1_supp_lam1.5,figure1_supp,48,9,0.0,0.0,0.0,,False
figure1_supp_lam1.5,figure1_supp,48,10,0.8329,0.832919400335009,1.9400335009023273e-05,,False
figure1_supp_lam1.5,figure1_supp,48,11,0.0407,0.0406973035885808,2.6964114192007393e-06,,False
figure1_supp_lam1.5,figure1_supp,48,12,0.0,0.0,0.0,,False
figure1_supp_lam1.5,figure1_supp,48,13,0.1264,0.126383296076411,1.6703923589017622e-05,,False
figure1_supp_lam1.5,figure1_supp,48,14,0.1825,0.182540250625197,4.025062519699696e-05,,False
figure1_supp_lam1.5,figure1_supp,49,8,0.0603,0.0602726881812959,2.7311818704099655e-05,,False
figure1_supp_lam1.5,figure1_supp,49,9,0.5579,0.557915577591659,1.5577591659043932e-05,,False
figure1_supp_lam1.5,figure1_supp,49,10,0.8288,0.82880534793578,5.3479357799979255e-06,,False
figure1_supp_lam1.5,figure1_supp,49,11,0.0403,0.0402689109192273,3.108908077269906e-05,,False
figure1_supp_lam1.5,figure1_supp,49,12,0.0,0.0,0.0,,False
figure1_supp_lam1.5,figure1_supp,49,13,0.1309,0.130925741144992,2.5741144992014187e-05,,False
figure1_supp_lam1.5,figure1_supp,49,14,0.108,0.107986230712025,1.3769287975001765e-05,,False
figure1_supp_lam1.5,figure1_supp,50,8,0.3175,0.317460759104321,3.924089567902689e-05,,False
figure1_supp_lam1.5,figure1_supp,50,9,0.0,0.0,0.0,,False
figure1_supp_lam1.5,figure1_supp,50,10,0.775,0.77502077013417,2.0770134170011723e-05,,False
figure1_supp_lam1.5,figure1_supp,50,11,0.0546,0.0546146757763009,1.467577630089728e-05,,False
figure1_supp_lam1.5,figure1_supp,50,12,0.0,0.0,0.0,,False
figure1_supp_lam1.5,figure1_supp,50,13,0.1704,0.170364554089529,3.544591047099921e-05,,False
figure1_supp_lam1.5,figure1_supp,50,14,0.391,0.39104011022766,4.0110227659984066e-05,,False
figure1_supp_lam1.5,figure1_supp,51,8,0.1163,0.116289930435178,1.0069564821996169e-05,,False
figure1_supp_lam1.5,figure1_supp,51,9,1.0,1.0,0.0,,False
figure1_supp_lam1.5,figure1_supp,51,10,0.7668,0.766821633085861,2.1633085861005874e-05,,False
figure1_supp_lam1.5,figure1_supp,51,11,0.054,0.0540438304578232,4.3830457823197666e-05,,False
figure1_supp_lam1.5,figure1_supp,51,12,0.0,0.0,0.0,,False
figure1_supp_lam1.5,figure1_supp,51,13,0.1791,0.179134536456316,3.4536456315986674e-05,,False
figure1_supp_lam1.5,figure1_supp,51,14,0.3524,0.352428870256251,2.8870256251034565e-05,,False
figure1_supp_lam1.5,figure1_supp,52,8,0.056,0.0560315097236808,3.150972368080179e-05,,False
figure1_supp_lam1.5,figure1_supp,52,9,0.0395,0.0395454550223471,4.54550223470962e-05,,False
figure1_supp_lam1.5,figure1_supp,52,10,0.7594,0.759425422411127,2.5422411127018485e-05,,False
figure1_supp_lam1.5,figure1_supp,52,11,0.0633,0.0633317653247602,3.176532476020788e-05,,False
figure1_supp_lam1.5,figure1_supp,52,12,0.0,0.0,0.0,,False
figure1_supp_lam1.5,figure1_supp,52,13,0.1772,0.177242812264113,4.281226411301242e-05,,False
figure1_supp_lam1.5,figure1_supp,52,14,0.3136,0.313582892950205,1.7107049794962137e-05,,False
figure1_supp_lam1.5,figure1_supp,53,8,0.0596,0.0595667803234216,3.321967657839847e-05,,False
figure1_supp_lam1.5,figure1_supp,53,9,0.0,0.0,0.0,,False
figure1_supp_lam1.5,figure1_supp,53,10,0.753,0.752955911697179,4.408830282098819e-05,,False
figure1_supp_lam1.5,figure1_supp,53,11,0.0728,0.0727849347085402,1.5065291459809282e-05,,False
figure1_supp_lam1.5,figure1_supp,53,12,0.0,0.0,0.0,,False
figure1_supp_lam1.5,figure1_supp,53,13,0.1743,0.174259153594281,4.0846405718997225e-05,,False
figure1_supp_lam1.5,figure1_supp,53,14,0.2694,0.26936477467828,3.522532171995607e-05,,False
figure1_supp_lam1.5,figure1_supp,54,8,0.2503,0.250345146819599,4.514681959899569e-05,,False
figure1_supp_lam1.5,figure1_supp,54,9,0.187,0.18695771812697,4.228187302998676e-05,,False
figure1_supp_lam1.5,figure1_supp,54,10,0.7406,0.740620229363047,2.022936304690859e-05,,False
figure1_supp_lam1.5,figure1_supp,54,11,0.0798,0.0798346088872972,3.4608887297199464e-05,,False
figure1_supp_lam1.5,figure1_supp,54,12,0.0,0.0,0.0,,False
figure1_supp_lam1.5,figure1_supp,54,13,0.1795,0.179545161749656,4.516174965601971e-05,,False
figure1_supp_lam1.5,figure1_supp,54,14,0.2431,0.243148290476286,4.829047628598926e-05,,False
figure1_supp_lam1.5,figure1_supp,55,8,0.2843,0.28434540165865,4.540165865002388e-05,,False
figure1_supp_lam1.5,figure1_supp,55,9,0.0,0.0,0.0,,False
figure1_supp_lam1.5,figure1_supp,55,10,0.7334,0.733398609730985,1.3902690150224828e-06,,False
figure1_supp_lam1.5,figure1_supp,55,11,0.0889,0.0889154716828351,1.5471682835097034e-05,,False
figure1_supp_lam1.5,figure1_supp,55,12,0.0,0.0,0.0,,False
figure1_supp_lam1.5,figure1_supp,55,13,0.1777,0.17768591858618,1.4081413820005162e-05,,False
figure1_supp_lam1.5,figure1_supp,55,14,0.207,0.207049936928795,4.9936928795013547e-05,,False
figure1_supp_lam1.5,figure1_supp,56,8,0.0,0.0,0.0,,False
figure1_supp_lam1.5,figure1_supp,56,9,0.0,0.0,0.0,,False
figure1_supp_lam1.5,figure1_supp,56,10,0.736,0.736029056856089,2.9056856089004768e-05,,False
figure1_supp_lam1.5,figure1_supp,56,11,0.088,0.0880392919792782,3.929197927821093e-05,,False
figure1_supp_lam1.5,figure1_supp,56,12,0.0,0.0,0.0,,False
figure1_supp_lam1.5,figure1_supp,56,13,0.1759,0.175931651164633,3.165116463299533e-05,,False
figure1_supp_lam1.5,figure1_supp,56,14,0.185,0.184954259565394,4.574043460600641e-05,,False
figure1_supp_lam1.5,figure1_supp,57,8,0.0,0.0,0.0,,False
figure1_supp_lam1.5,figure1_supp,57,9,0.0,0.0,0.0,,False
figure1_supp_lam1.5,figure1_supp,57,10,0.7386,0.738591881546807,8.118453193040054e-06,,False
figure1_supp_lam1.5,figure1_supp,57,11,0.0872,0.0871845415717124,1.5458428287595805e-05,,False
figure1_supp_lam1.5,figure1_supp,57,12,0.0,0.0,0.0,,False
figure1_supp_lam1.5,figure1_supp,57,13,0.1742,0.174223576881481,2.357688148099668e-05,,False
figure1_supp_lam1.5,figure1_supp,57,14,0.1675,0.167512659899034,1.2659899033984345e-05,,False
figure1_supp_lam1.5,figure1_supp,58,8,0.2521,0.252134266470387,3.426647038701214e-05,,False
figure1_supp_lam1.5,figure1_supp,58,9,0.0,0.0,0.0,,False
figure1_supp_lam1.5,figure1_supp,58,10,0.7315,0.731490036531934,9.9634680660321e-06,,False
figure1_supp_lam1.5,figure1_supp,58,11,0.096,0.095961613287369,3.8386712630997244e-05,,False
figure1_supp_lam1.5,figure1_supp,58,12,0.0,0.0,0.0,,False
figure1_supp_lam1.5,figure1_supp,58,13,0.1725,0.172548350180697,4.8350180697015466e-05,,False
figure1_supp_lam1.5,figure1_supp,58,14,0.1803,0.180310954067587,1.0954067586999017e-05,,False
figure1_supp_lam1.5,figure1_supp,59,8,0.0,0.0,0.0,,False
figure1_supp_lam1.5,figure1_supp,59,9,0.0,0.0,0.0,,False
figure1_supp_lam1.5,figure1_supp,59,10,0.734,0.734026302585614,2.63025856139798e-05,,False
figure1_supp_lam1.5,figure1_supp,59,11,0.0951,0.0950532861360607,4.671386393929888e-05,,False
figure1_supp_lam1.5,figure1_supp,59,12,0.0,0.0,0.0,,False
figure1_supp_lam1.5,figure1_supp,59,13,0.1709,0.170920411278325,2.0411278324999893e-05,,False
figure1_supp_lam1.5,figure1_supp,59,14,0.1497,0.1497430378571,4.3037857099997856e-05,,False
figure1_supp_lam1.5,figure1_supp,60,8,0.2556,0.255602239889903,2.2398899029996144e-06,,False
figure1_supp_lam1.5,figure1_supp,60,9,0.0,0.0,0.0,,False
figure1_supp_lam1.5,figure1_supp,60,10,0.7272,0.727165586259452,3.4413740547911686e-05,,False
figure1_supp_lam1.5,figure1_supp,60,11,0.1035,0.103526459172396,2.6459172396006703e-05,,False
figure1_supp_lam1.5,figure1_supp,60,12,0.0,0.0,0.0,,False
figure1_supp_lam1.5,figure1_supp,60,13,0.1693,0.169307954568152,7.954568152002128e-06,,False
figure1_supp_lam1.5,figure1_supp,60,14,0.1086,0.108621844570925,2.184457092499481e-05,,False
figure1_supp_lam1.5,figure1_supp,61,8,0.0,0.0,0.0,,False
figure1_supp_lam1.5,figure1_supp,61,9,0.0,0.0,0.0,,False
figure1_supp_lam1.5,figure1_supp,61,10,0.7298,0.729767796091701,3.2203908299055506e-05,,False
figure1_supp_lam1.5,figure1_supp,61,11,0.1025,0.10254168229045,4.168229045001248e-05,,False
figure1_supp_lam1.5,figure1_supp,61,12,0.0,0.0,0.0,,False
figure1_supp_lam1.5,figure1_supp,61,13,0.1677,0.167690521617848,9.478382151983933e-06,,False
figure1_supp_lam1.5,figure1_supp,61,14,0.1042,0.104217534057108,1.753405710799849e-05,,False
figure1_supp_lam1.5,figure1_supp,62,8,0.0,0.0,0.0,,False
figure1_supp_lam1.5,figure1_supp,62,9,0.0,0.0,0.0,,False
figure1_supp_lam1.5,figure1_supp,62,10,0.7323,0.73226994612789,3.005387210996968e-05,,False
figure1_supp_lam1.5,figure1_supp,62,11,0.1016,0.101592222269243,7.777730756997059e-06,,False
figure1_supp_lam1.5,figure1_supp,62,12,0.0,0.0,0.0,,False
figure1_supp_lam1.5,figure1_supp,62,13,0.1661,0.166137831602868,3.78316028679937e-05,,False
figure1_supp_lam1.5,figure1_supp,62,14,0.0385,0.0384886714169555,1.1328583044499518e-05,,False
figure1_supp_lam1.5,figure1_supp,63,8,0.0,0.0,0.0,,False
figure1_supp_lam1.5,figure1_supp,63,9,0.0,0.0,0.0,,False
figure1_supp_lam1.5,figure1_supp,63,10,0.7347,0.734726185154239,2.6185154239022346e-05,,False
figure1_supp_lam1.5,figure1_supp,63,11,0.1007,0.100660183532828,3.981646717199361e-05,,False
figure1_supp_lam1.5,figure1_supp,63,12,0.0,0.0,0.0,,False
figure1_supp_lam1.5,figure1_supp,63,13,0.1646,0.164613631312934,1.3631312933998219e-05,,False
figure1_supp_lam1.5,figure1_supp,63,14,0.0328,0.0328106935397595,1.0693539759500104e-05,,False
figure1_supp_lam1.5,figure1_supp,64,8,0.0,0.0,0.0,,False
figure1_supp_lam1.5,figure1_supp,64,9,0.0,0.0,0.0,,False
figure1_supp_lam1.5,figure1_supp,64,10,0.7371,0.7371377652892,3.7765289200075713e-05,,False
figure1_supp_lam1.5,figure1_supp,64,11,0.0997,0.0997450909552564,4.509095525639939e-05,,False
figure1_supp_lam1.5,figure1_supp,64,12,0.0,0.0,0.0,,False
figure1_supp_lam1.5,figure1_supp,64,13,0.1631,0.163117143755543,1.7143755543014283e-05,,False
figure1_supp_lam1.5,figure1_supp,64,14,0.0312,0.0311897516499935,1.0248350006496904e-05,,False
figure1_supp_lam1.5,figure1_supp,65,8,0.0,0.0,0.0,,False
figure1_supp_lam1.5,figure1_supp,65,9,0.0,0.0,0.0,,False
figure1_supp_lam1.5,figure1_supp,65,10,0.7395,0.739505893529838,5.893529837930345e-06,,False
figure1_supp_lam1.5,figure1_supp,65,11,0.0988,0.098846486532236,4.648653223600363e-05,,False
figure1_supp_lam1.5,figure1_supp,65,12,0.0,0.0,0.0,,False
figure1_supp_lam1.5,figure1_supp,65,13,0.1616,0.161647619937926,4.761993792601338e-05,,False
figure1_supp_lam1.5,figure1_supp,65,14,0.0529,0.0529399009245458,3.990092454579652e-05,,False
figure1_supp_lam1.5,figure1_supp,66,8,0.0,0.0,0.0,,False
figure1_supp_lam1.5,figure1_supp,66,9,0.0,0.0,0.0,,False
figure1_supp_lam1.5,figure1_supp,66,10,0.7418,0.741831733766179,3.1733766178931866e-05,,False
figure1_supp_lam1.5,figure1_supp,66,11,0.098,0.0979639286167697,3.607138323030723e-05,,False
figure1_supp_lam1.5,figure1_supp,66,12,0.0,0.0,0.0,,False
figure1_supp_lam1.5,figure1_supp,66,13,0.1602,0.160204337617051,4.337617050986786e-06,,False
figure1_supp_lam1.5,figure1_supp,66,14,0.0657,0.0657245189769896,2.4518976989601482e-05,,False
figure1_supp_lam1.5,figure1_supp,67,8,0.0,0.0,0.0,,False
figure1_supp_lam1.5,figure1_supp,67,9,0.0,0.0,0.0,,False
figure1_supp_lam1.5,figure1_supp,67,10,0.7441,0.744116408688602,1.640868860197653e-05,,False
figure1_supp_lam1.5,figure1_supp,67,11,0.0971,0.0970969911953823,3.0088046177045857e-06,,False
figure1_supp_lam1.5,figure1_supp,67,12,0.0,0.0,0.0,,False
figure1_supp_lam1.5,figure1_supp,67,13,0.1588,0.158786600116016,1.3399883983994387e-05,,False
figure1_supp_lam1.5,figure1_supp,67,14,0.0754,0.0753927983994084,7.201600591588697e-06,,False
figure1_supp_lam1.5,figure1_supp,68,8,0.0,0.0,0.0,,False
figure1_supp_lam1.5,figure1_supp,68,9,0.0,0.0,0.0,,False
figure1_supp_lam1.5,figure1_supp,68,10,0.7464,0.746361001594842,3.8998405157975036e-05,,False
figure1_supp_lam1.5,figure1_supp,68,11,0.0962,0.0962452632024404,4.5263202440401495e-05,,False
figure1_supp_lam1.5,figure1_supp,68,12,0.0,0.0,0.0,,False
figure1_supp_lam1.5,figure1_supp,68,13,0.1574,0.157393735202717,6.264797283023205e-06,,False
figure1_supp_lam1.5,figure1_supp,68,14,0.1073,0.107317592067033,1.7592067032987102e-05,,False
figure1_supp_lam1.5,figure1_supp,69,8,0.0,0.0,0.0,,False
figure1_supp_lam1.5,figure1_supp,69,9,0.0,0.0,0.0,,False
figure1_supp_lam1.5,figure1_supp,69,10,0.7486,0.748566558102713,3.3441897287045386e-05,,False
figure1_supp_lam1.5,figure1_supp,69,11,0.0954,0.0954083478702452,8.347870245201117e-06,,False
figure1_supp_lam1.5,figure1_supp,69,12,0.0,0.0,0.0,,False
figure1_supp_lam1.5,figure1_supp,69,13,0.156,0.156025094027041,2.5094027041011602e-05,,False
figure1_supp_lam1.5,figure1_supp,69,14,0.1099,0.10985519148193,4.480851806999697e-05,,False
figure1_supp_lam1.5,figure1_supp,70,8,0.0,0.0,0.0,,False
figure1_supp_lam1.5,figure1_supp,70,9,0.0,0.0,0.0,,False
figure1_supp_lam1.5,figure1_supp,70,10,0.7507,0.750734087774242,3.40877742419643e-05,,False
figure1_supp_lam1.5,figure1_supp,70,11,0.0946,0.0945858621127431,1.4137887256904236e-05,,False
figure1_supp_lam1.5,figure1_supp,70,12,0.0,0.0,0.0,,False
figure1_supp_lam1.5,figure1_supp,70,13,0.1547,0.154680050113015,1.994988698500455e-05,,False
figure1_supp_lam1.5,figure1_supp,70,14,0.0971,0.0971109036380765,1.0903638076500966e-05,,False
figure1_supp_lam1.5,figure1_supp,71,8,0.0,0.0,0.0,,False
figure1_supp_lam1.5,figure1_supp,71,9,0.0,0.0,0.0,,False
figure1_supp_lam1.5,figure1_supp,71,10,0.7529,0.752864565656513,3.543434348696195e-05,,False
figure1_supp_lam1.5,figure1_supp,71,11,0.0938,0.0937774359408393,2.256405916069293e-05,,False
figure1_supp_lam1.5,figure1_supp,71,12,0.0,0.0,0.0,,False
figure1_supp_lam1.5,figure1_supp,71,13,0.1534,0.153357998402647,4.200159735301412e-05,,False
figure1_supp_lam1.5,figure1_supp,71,14,0.0968,0.0968103382514684,1.0338251468400284e-05,,False
figure1_supp_lam1.5,figure1_supp,72,8,0.0,0.0,0.0,,False
figure1_supp_lam1.5,figure1_supp,72,9,0.0,0.0,0.0,,False
figure1_supp_lam1.5,figure1_supp,72,10,0.755,0.75495893374417,4.106625583000234e-05,,False
figure1_supp_lam1.5,figure1_supp,72,11,0.093,0.0929827119074424,1.7288092557604662e-05,,False
figure1_supp_lam1.5,figure1_supp,72,12,0.0,0.0,0.0,,False
figure1_supp_lam1.5,figure1_supp,72,13,0.1521,0.152058354348388,4.164565161202116e-05,,False
figure1_supp_lam1.5,figure1_supp,72,14,0.051,0.0509771979975032,2.2802002496796758e-05,,False
figure1_supp_lam1.5,figure1_supp,73,8,0.0,0.0,0.0,,False
figure1_supp_lam1.5,figure1_supp,73,9,0.0,0.0,0.0,,False
figure1_supp_lam1.5,figure1_supp,73,10,0.757,0.757018102368169,1.8102368169015115e-05,,False
figure1_supp_lam1.5,figure1_supp,73,11,0.0922,0.0922013445804891,1.3445804891015767e-06,,False
figure1_supp_lam1.5,figure1_supp,73,12,0.0,0.0,0.0,,False
figure1_supp_lam1.5,figure1_supp,73,13,0.1508,0.150780553051343,1.944694865699259e-05,,False
figure1_supp_lam1.5,figure1_supp,73,14,0.0571,0.0570856394977508,1.4360502249198548e-05,,False
figure1_supp_lam1.5,figure1_supp,74,8,0.0,0.0,0.0,,False
figure1_supp_lam1.5,figure1_supp,74,9,0.0,0.0,0.0,,False
figure1_supp_lam1.5,figure1_supp,74,10,0.759,0.7590429515151,4.295151510003148e-05,,False
figure1_supp_lam1.5,figure1_supp,74,11,0.0914,0.0914330000423183,3.300004231830689e-05,,False
figure1_supp_lam1.5,figure1_supp,74,12,0.0,0.0,0.0,,False
figure1_supp_lam1.5,figure1_supp,74,13,0.1495,0.149524048442581,2.4048442580998364e-05,,False
figure1_supp_lam1.5,figure1_supp,74,14,0.0633,0.0632502652214766,4.973477852339425e-05,,False
figure1_supp_lam1.5,figure1_supp,75,8,0.1574,0.157437369911253,3.7369911252999044e-05,,False
figure1_supp_lam1.5,figure1_supp,75,9,0.0,0.0,0.0,,False
figure1_supp_lam1.5,figure1_supp,75,10,0.7528,0.752829939915737,2.9939915736965084e-05,,False
figure1_supp_lam1.5,figure1_supp,75,11,0.0989,0.0988817475792239,1.8252420776104783e-05,,False
figure1_supp_lam1.5,figure1_supp,75,12,0.0,0.0,0.0,,False
figure1_supp_lam1.5,figure1_supp,75,13,0.1483,0.148288312505039,1.1687494960999079e-05,,False
figure1_supp_lam1.5,figure1_supp,75,14,0.0676,0.067617516325387,1.7516325387004206e-05,,False
figure1_supp_lam1.5,figure1_supp,76,8,0.0,0.0,0.0,,False
figure1_supp_lam1.5,figure1_supp,76,9,0.0,0.0,0.0,,False
figure1_supp_lam1.5,figure1_supp,76,10,0.7549,0.754866366075059,3.3633924941045557e-05,,False
figure1_supp_lam1.5,figure1_supp,76,11,0.0981,0.0980672522387639,3.274776123610157e-05,,False
figure1_supp_lam1.5,figure1_supp,76,12,0.0,0.0,0.0,,False
figure1_supp_lam1.5,figure1_supp,76,13,0.1471,0.147066381686177,3.3618313823008394e-05,,False
figure1_supp_lam1.5,figure1_supp,76,14,0.0704,0.0704408867528562,4.0886752856197917e-05,,False
figure1_supp_lam1.5,figure1_supp,77,8,0.1637,0.16370061758817,6.17588169993244e-07,,False
figure1_supp_lam1.5,figure1_supp,77,9,0.9926,0.992631264194806,3.126419480592446e-05,,False
figure1_supp_lam1.5,figure1_supp,77,10,0.7488,0.7487891495688,1.0850431199971311e-05,,False
figure1_supp_lam1.5,figure1_supp,77,11,0.0973,0.0972699575051154,3.0042494884599535e-05,,False
figure1_supp_lam1.5,figure1_supp,77,12,0.0,0.0,0.0,,False
figure1_supp_lam1.5,figure1_supp,77,13,0.1539,0.153940892926085,4.089292608500106e-05,,False
figure1_supp_lam1.5,figure1_supp,77,14,0.134,0.134027166105433,2.7166105432990806e-05,,False
figure1_supp_lam1.5,figure1_supp,78,8,0.3006,0.300644574514374,4.457451437400728e-05,,False
figure1_supp_lam1.5,figure1_supp,78,9,0.0,0.0,0.0,,False
figure1_supp_lam1.5,figure1_supp,78,10,0.7423,0.742252415204014,4.758479598598875e-05,,False
figure1_supp_lam1.5,figure1_supp,78,11,0.1047,0.104726459299844,2.6459299844003303e-05,,False
figure1_supp_lam1.5,figure1_supp,78,12,0.0,0.0,0.0,,False
figure1_supp_lam1.5,figure1_supp,78,13,0.153,0.153021125496142,2.1125496141999323e-05,,False
figure1_supp_lam1.5,figure1_supp,78,14,0.1492,0.149209371232826,9.371232825988729e-06,,False
figure1_supp_lam1.5,figure1_supp,79,8,0.0,0.0,0.0,,False
figure1_supp_lam1.5,figure1_supp,79,9,0.0,0.0,0.0,,False
figure1_supp_lam1.5,figure1_supp,79,10,0.7443,0.744309382748512,9.382748512032357e-06,,False
figure1_supp_lam1.5,figure1_supp,79,11,0.1039,0.103890423171474,9.57682852600894e-06,,False
figure1_supp_lam1.5,figure1_supp,79,12,0.0,0.0,0.0,,False
figure1_supp_lam1.5,figure1_supp,79,13,0.1518,0.151800194080014,1.940800140043386e-07,,False
figure1_supp_lam1.5,figure1_supp,79,14,0.1494,0.149375453841785,2.4546158215010827e-05,,False
figure1_supp_lam1.5,figure1_supp,80,8,0.0,0.0,0.0,,False
figure1_supp_lam1.5,figure1_supp,80,9,0.0,0.0,0.0,,False
figure1_supp_lam1.5,figure1_supp,80,10,0.7463,0.746338673361619,3.867336161900159e-05,,False
figure1_supp_lam1.5,figure1_supp,80,11,0.1031,0.103065896003446,3.410399655399965e-05,,False
figure1_supp_lam1.5,figure1_supp,80,12,0.0,0.0,0.0,,False
figure1_supp_lam1.5,figure1_supp,80,13,0.1506,0.150595430634935,4.569365065015818e-06,,False
figure1_supp_lam1.5,figure1_supp,80,14,0.1244,0.124438364586201,3.836458620100347e-05,,False
figure1_supp_lam1.5,figure1_supp,81,8,0.0,0.0,0.0,,False
figure1_supp_lam1.5,figure1_supp,81,9,0.0,0.0,0.0,,False
figure1_supp_lam1.5,figure1_supp,81,10,0.7483,0.748336006642236,3.600664223601946e-05,,False
figure1_supp_lam1.5,figure1_supp,81,11,0.1023,0.10225435351523,4.564648476999833e-05,,False
figure1_supp_lam1.5,figure1_supp,81,12,0.0,0.0,0.0,,False
figure1_supp_lam1.5,figure1_supp,81,13,0.1494,0.149409639842534,9.639842533992748e-06,,False
figure1_supp_lam1.5,figure1_supp,81,14,0.123,0.123007859835477,7.859835477005972e-06,,False
figure1_supp_lam1.5,figure1_supp,82,8,0.0,0.0,0.0,,False
figure1_supp_lam1.5,figure1_supp,82,9,0.0,0.0,0.0,,False
figure1_supp_lam1.5,figure1_supp,82,10,0.7503,0.750302131590344,2.131590344012224e-06,,False
figure1_supp_lam1.5,figure1_supp,82,11,0.1015,0.101455491378392,4.450862160801372e-05,,False
figure1_supp_lam1.5,figure1_supp,82,12,0.0,0.0,0.0,,False
figure1_supp_lam1.5,figure1_supp,82,13,0.1482,0.148242377031264,4.23770312640015e-05,,False
figure1_supp_lam1.5,figure1_supp,82,14,0.1213,0.121349785634618,4.978563461799368e-05,,False
figure1_supp_lam1.5,figure1_supp,83,8,0.0,0.0,0.0,,False
figure1_supp_lam1.5,figure1_supp,83,9,0.0,0.0,0.0,,False
figure1_supp_lam1.5,figure1_supp,83,10,0.7522,0.752237773981116,3.777398111604047e-05,,False
figure1_supp_lam1.5,figure1_supp,83,11,0.1007,0.10066901470104,3.098529895999291e-05,,False
figure1_supp_lam1.5,figure1_supp,83,12,0.0,0.0,0.0,,False
figure1_supp_lam1.5,figure1_supp,83,13,0.1471,0.147093211317843,6.7886821570051215e-06,,False
figure1_supp_lam1.5,figure1_supp,83,14,0.1113,0.111299008661723,9.913382769954904e-07,,False
figure1_supp_lam1.5,figure1_supp,84,8,0.0,0.0,0.0,,False
figure1_supp_lam1.5,figure1_supp,84,9,0.0,0.0,0.0,,False
figure1_supp_lam1.5,figure1_supp,84,10,0.7541,0.754143637258184,4.363725818401498e-05,,False
figure1_supp_lam1.5,figure1_supp,84,11,0.0999,0.0998946376648785,5.362335121508743e-06,,False
figure1_supp_lam1.5,figure1_supp,84,12,0.0,0.0,0.0,,False
figure1_supp_lam1.5,figure1_supp,84,13,0.146,0.145961725076937,3.827492306299196e-05,,False
figure1_supp_lam1.5,figure1_supp,84,14,0.1118,0.111796373343434,3.626656566002584e-06,,False
figure1_supp_lam1.5,figure1_supp,85,8,0.0,0.0,0.0,,False
figure1_supp_lam1.5,figure1_supp,85,9,0.0,0.0,0.0,,False
figure1_supp_lam1.5,figure1_supp,85,10,0.756,0.756020403385985,2.040338598496838e-05,,False
figure1_supp_lam1.5,figure1_supp,85,11,0.0991,0.0991320831788871,3.208317888710177e-05,,False
figure1_supp_lam1.5,figure1_supp,85,12,0.0,0.0,0.0,,False
figure1_supp_lam1.5,figure1_supp,85,13,0.1448,0.144847513435128,4.7513435127988224e-05,,False
figure1_supp_lam1.5,figure1_supp,85,14,0.1114,0.111428584368179,2.8584368178999342e-05,,False
figure1_supp_lam1.5,figure1_supp,86,8,0.0,0.0,0.0,,False
figure1_supp_lam1.5,figure1_supp,86,9,0.0,0.0,0.0,,False
figure1_supp_lam1.5,figure1_supp,86,10,0.7579,0.757868733663364,3.1266336635971115e-05,,False
figure1_supp_lam1.5,figure1_supp,86,11,0.0984,0.0983810825487439,1.891745125609523e-05,,False
figure1_supp_lam1.5,figure1_supp,86,12,0.0,0.0,0.0,,False
figure1_supp_lam1.5,figure1_supp,86,13,0.1438,0.143750183787892,4.981621210800591e-05,,False
figure1_supp_lam1.5,figure1_supp,86,14,0.0934,0.0934417620976679,4.176209766790229e-05,,False
figure1_supp_lam1.5,figure1_supp,87,8,0.0,0.0,0.0,,False
figure1_supp_lam1.5,figure1_supp,87,9,0.0,0.0,0.0,,False
figure1_supp_lam1.5,figure1_supp,87,10,0.7597,0.759689269500481,1.0730499519051584e-05,,False
figure1_supp_lam1.5,figure1_supp,87,11,0.0976,0.0976413751611594,4.137516115938766e-05,,False
figure1_supp_lam1.5,figure1_supp,87,12,0.0,0.0,0.0,,False
figure1_supp_lam1.5,figure1_supp,87,13,0.1427,0.142669355338359,3.0644661640988335e-05,,False
figure1_supp_lam1.5,figure1_supp,87,14,0.119,0.11901970272111,1.9702721110001487e-05,,False
figure1_supp_lam1.5,figure1_supp,88,8,0.0,0.0,0.0,,False
figure1_supp_lam1.5,figure1_supp,88,9,0.0,0.0,0.0,,False
figure1_supp_lam1.5,figure1_supp,88,10,0.7615,0.761482633160925,1.73668390749393e-05,,False
figure1_supp_lam1.5,figure1_supp,88,11,0.0969,0.0969127081823448,1.2708182344806085e-05,,False
figure1_supp_lam1.5,figure1_supp,88,12,0.0,0.0,0.0,,False
figure1_supp_lam1.5,figure1_supp,88,13,0.1416,0.14160465865673,4.658656729994437e-06,,False
figure1_supp_lam1.5,figure1_supp,88,14,0.0996,0.0995784150546491,2.158494535089983e-05,,False
figure1_supp_lam1.5,figure1_supp,89,8,0.0,0.0,0.0,,False
figure1_supp_lam1.5,figure1_supp,89,9,0.0,0.0,0.0,,False
figure1_supp_lam1.5,figure1_supp,89,10,0.7632,0.763249428470844,4.942847084399293e-05,,False
figure1_supp_lam1.5,figure1_supp,89,11,0.0962,0.096194836269883,5.163730116997112e-06,,False
figure1_supp_lam1.5,figure1_supp,89,12,0.0,0.0,0.0,,False
figure1_supp_lam1.5,figure1_supp,89,13,0.1406,0.140555735259273,4.426474072699582e-05,,False
figure1_supp_lam1.5,figure1_supp,89,14,0.073,0.0729730791159848,2.6920884015194102e-05,,False
figure1_supp_lam1.5,figure1_supp,90,8,0.0,0.0,0.0,,False
figure1_supp_lam1.5,figure1_supp,90,9,0.0,0.0,0.0,,False
figure1_supp_lam1.5,figure1_supp,90,10,0.765,0.764990241496794,9.758503206058755e-06,,False
figure1_supp_lam1.5,figure1_supp,90,11,0.0955,0.0954875212973103,1.2478702689708299e-05,,False
figure1_supp_lam1.5,figure1_supp,90,12,0.0,0.0,0.0,,False
figure1_supp_lam1.5,figure1_supp,90,13,0.1395,0.139522237205896,2.223720589597522e-05,,False
figure1_supp_lam1.5,figure1_supp,90,14,0.0193,0.0192800081925959,1.9991807404102363e-05,,False
figure1_supp_lam1.5,figure1_supp,91,8,0.0,0.0,0.0,,False
figure1_supp_lam1.5,figure1_supp,91,9,0.0,0.0,0.0,,False
figure1_supp_lam1.5,figure1_supp,91,10,0.7667,0.766705641193898,5.641193897898411e-06,,False
figure1_supp_lam1.5,figure1_supp,91,11,0.0948,0.0947905320907606,9.467909239391226e-06,,False
figure1_supp_lam1.5,figure1_supp,91,12,0.0,0.0,0.0,,False
figure1_supp_lam1.5,figure1_supp,91,13,0.1385,0.138503826715342,3.826715341992415e-06,,False
figure1_supp_lam1.5,figure1_supp,91,14,0.0241,0.0241284488912621,2.8448891262099207e-05,,False
figure1_supp_lam1.5,figure1_supp,92,8,0.0,0.0,0.0,,False
figure1_supp_lam1.5,figure1_supp,92,9,0.0,0.0,0.0,,False
figure1_supp_lam1.5,figure1_supp,92,10,0.7684,0.768396180025826,3.819974173979723e-06,,False
figure1_supp_lam1.5,figure1_supp,92,11,0.0941,0.0941036441770594,3.6441770593920175e-06,,False
figure1_supp_lam1.5,figure1_supp,92,12,0.0,0.0,0.0,,False
figure1_supp_lam1.5,figure1_supp,92,13,0.1375,0.137500175797114,1.7579711397708309e-07,,False
figure1_supp_lam1.5,figure1_supp,92,14,0.031,0.0309582738902069,4.172610979310057e-05,,False
figure1_supp_lam1.5,figure1_supp,93,8,0.0,0.0,0.0,,False
figure1_supp_lam1.5,figure1_supp,93,9,0.0,0.0,0.0,,False
figure1_supp_lam1.5,figure1_supp,93,10,0.7701,0.770062394558014,3.760544198605498e-05,,False
figure1_supp_lam1.5,figure1_supp,93,11,0.0934,0.0934266395426921,2.6639542692108442e-05,,False
figure1_supp_lam1.5,figure1_supp,93,12,0.0,0.0,0.0,,False
figure1_supp_lam1.5,figure1_supp,93,13,0.1365,0.136510965899294,1.0965899294002046e-05,,False
figure1_supp_lam1.5,figure1_supp,93,14,0.0375,0.0374923018411931,7.698158806898614e-06,,False
figure1_supp_lam1.5,figure1_supp,94,8,0.0,0.0,0.0,,False
figure1_supp_lam1.5,figure1_supp,94,9,0.0,0.0,0.0,,False
figure1_supp_lam1.5,figure1_supp,94,10,0.7717,0.771704806025457,4.806025456938201e-06,,False
figure1_supp_lam1.5,figure1_supp,94,11,0.0928,0.0927593064031015,4.0693596898497275e-05,,False
figure1_supp_lam1.5,figure1_supp,94,12,0.0,0.0,0.0,,False
figure1_supp_lam1.5,figure1_supp,94,13,0.1355,0.135535887571441,3.5887571440990085e-05,,False
figure1_supp_lam1.5,figure1_supp,94,14,0.0431,0.0431026827605696,2.6827605695972645e-06,,False
figure1_supp_lam1.5,figure1_supp,95,8,0.0,0.0,0.0,,False
figure1_supp_lam1.5,figure1_supp,95,9,0.0,0.0,0.0,,False
figure1_supp_lam1.5,figure1_supp,95,10,0.7733,0.77332392087634,2.3920876340066677e-05,,False
figure1_supp_lam1.5,figure1_supp,95,11,0.0921,0.0921014389818028,1.4389818027982226e-06,,False
figure1_supp_lam1.5,figure1_supp,95,12,0.0,0.0,0.0,,False
figure1_supp_lam1.5,figure1_supp,95,13,0.1346,0.134574640141857,2.5359858143003677e-05,,False
figure1_supp_lam1.5,figure1_supp,95,14,0.0572,0.0571679500325546,3.204996744540084e-05,,False
figure1_supp_lam1.5,figure1_supp,96,8,0.0,0.0,0.0,,False
figure1_supp_lam1.5,figure1_supp,96,9,0.0,0.0,0.0,,False
figure1_supp_lam1.5,figure1_supp,96,10,0.7749,0.774920231292704,2.0231292704009363e-05,,False
figure1_supp_lam1.5,figure1_supp,96,11,0.0915,0.0914528372988324,4.7162701167599574e-05,,False
figure1_supp_lam1.5,figure1_supp,96,12,0.0,0.0,0.0,,False
figure1_supp_lam1.5,figure1_supp,96,13,0.1336,0.133626931408463,2.6931408462993467e-05,,False
figure1_supp_lam1.5,figure1_supp,96,14,0.0539,0.0538681564311177,3.1843568882305995e-05,,False
figure1_supp_lam1.5,figure1_supp,97,8,0.1597,0.159674781350435,2.5218649565006412e-05,,False
figure1_supp_lam1.5,figure1_supp,97,9,0.8406,0.840559279222986,4.0720777014002785e-05,,False
figure1_supp_lam1.5,figure1_supp,97,10,0.7695,0.769520926592113,2.0926592113057474e-05,,False
figure1_supp_lam1.5,figure1_supp,97,11,0.0919,0.0919085591475742,8.55914757420806e-06,,False
figure1_supp_lam1.5,figure1_supp,97,12,0.0,0.0,0.0,,False
figure1_supp_lam1.5,figure1_supp,97,13,0.1386,0.138570514260313,2.9485739687001855e-05,,False
figure1_supp_lam1.5,figure1_supp,97,14,0.0297,0.0297352003296073,3.520032960729891e-05,,False
figure1_supp_lam1.5,figure1_supp,98,8,0.0,0.0,0.0,,False
figure1_supp_lam1.5,figure1_supp,98,9,0.0,0.0,0.0,,False
figure1_supp_lam1.5,figure1_supp,98,10,0.7711,0.771122486612516,2.2486612516026128e-05,,False
figure1_supp_lam1.5,figure1_supp,98,11,0.0913,0.0913005581831082,5.58183108193e-07,,False
figure1_supp_lam1.5,figure1_supp,98,12,0.0,0.0,0.0,,False
figure1_supp_lam1.5,figure1_supp,98,13,0.1376,0.137576955204376,2.304479562401096e-05,,False
figure1_supp_lam1.5,figure1_supp,98,14,0.0297,0.0297199802387715,1.9980238771498404e-05,,False
figure1_supp_lam1.5,figure1_supp,99,8,0.0,0.0,0.0,,False
figure1_supp_lam1.5,figure1_supp,99,9,0.0,0.0,0.0,,False
figure1_supp_lam1.5,figure1_supp,99,10,0.7727,0.772700952222084,9.522220839608408e-07,,False
figure1_supp_lam1.5,figure1_supp,99,11,0.0907,0.0906708991611557,2.91008388443037e-05,,False
figure1_supp_lam1.5,figure1_supp,99,12,0.0,0.0,0.0,,False
figure1_supp_lam1.5,figure1_supp,99,13,0.1366,0.13662814861676,2.8148616760009793e-05,,False
figure1_supp_lam1.5,figure1_supp,99,14,0.0273,0.0273058274590759,5.827459075898739e-06,,False
figure1_supp_lam1.5,figure1_supp,100,8,0.0,0.0,0.0,,False
figure1_supp_lam1.5,figure1_supp,100,9,0.0,0.0,0.0,,False
figure1_supp_lam1.5,figure1_supp,100,10,0.7743,0.774257795015084,4.2204984916027755e-05,,False
figure1_supp_lam1.5,figure1_supp,100,11,0.09,0.0900498656052574,4.9865605257409795e-05,,False
figure1_supp_lam1.5,figure1_supp,100,12,0.0,0.0,0.0,,False
figure1_supp_lam1.5,figure1_supp,100,13,0.1357,0.135692339379659,7.660620340993463e-06,,False
figure1_supp_lam1.5,figure1_supp,100,14,0.0287,0.0287387858719246,3.878587192460148e-05,,False
figure1_supp_lam1.5,figure1_supp,101,8,0.0,0.0,0.0,,False
figure1_supp_lam1.5,figure1_supp,101,9,0.0,0.0,0.0,,False
figure1_supp_lam1.5,figure1_supp,101,10,0.7758,0.775793456273484,6.5437265160950275e-06,,False
figure1_supp_lam1.5,figure1_supp,101,11,0.0894,0.0894372814854937,3.7281485493700917e-05,,False
figure1_supp_lam1.5,figure1_supp,101,12,0.0,0.0,0.0,,False
figure1_supp_lam1.5,figure1_supp,101,13,0.1348,0.134769262241022,3.073775897799447e-05,,False
figure1_supp_lam1.5,figure1_supp,101,14,0.0537,0.0537322235149456,3.222351494560488e-05,,False
figure1_supp_lam1.5,figure1_supp,102,8,0.0,0.0,0.0,,False
figure1_supp_lam1.5,figure1_supp,102,9,0.0,0.0,0.0,,False
figure1_supp_lam1.5,figure1_supp,102,10,0.7773,0.777308365352718,8.365352717976116e-06,,False
figure1_supp_lam1.5,figure1_supp,102,11,0.0888,0.0888329755295106,3.297552951059268e-05,,False
figure1_supp_lam1.5,figure1_supp,102,12,0.0,0.0,0.0,,False
figure1_supp_lam1.5,figure1_supp,102,13,0.1339,0.133858659117772,4.134088222798593e-05,,False
figure1_supp_lam1.5,figure1_supp,102,14,0.0551,0.0550718830827216,2.811691727840071e-05,,False
figure1_supp_lam1.5,figure1_supp,103,8,0.0,0.0,0.0,,False
figure1_supp_lam1.5,figure1_supp,103,9,0.0,0.0,0.0,,False
figure1_supp_lam1.5,figure1_supp,103,10,0.7788,0.778802940081894,2.940081893942903e-06,,False
figure1_supp_lam1.5,figure1_supp,103,11,0.0882,0.0882367810628697,3.678106286969518e-05,,False
figure1_supp_lam1.5,figure1_supp,103,12,0.0,0.0,0.0,,False
figure1_supp_lam1.5,figure1_supp,103,13,0.133,0.132960278855236,3.9721144763998906e-05,,False
figure1_supp_lam1.5,figure1_supp,103,14,0.0636,0.0635743966421422,2.5603357857797993e-05,,False
figure1_supp_lam1.5,figure1_supp,104,8,0.0,0.0,0.0,,False
figure1_supp_lam1.5,figure1_supp,104,9,0.0,0.0,0.0,,False
figure1_supp_lam1.5,figure1_supp,104,10,0.7803,0.780277587148015,2.2412851985009752e-05,,False
figure1_supp_lam1.5,figure1_supp,104,11,0.0876,0.0876485358557838,4.853585578380726e-05,,False
figure1_supp_lam1.5,figure1_supp,104,12,0.0,0.0,0.0,,False
figure1_supp_lam1.5,figure1_supp,104,13,0.1321,0.132073876996201,2.6123003799005673e-05,,False
figure1_supp_lam1.5,figure1_supp,104,14,0.0594,0.0594180919941617,1.809199416169527e-05,,False
figure1_supp_lam1.5,figure1_supp,105,8,0.0,0.0,0.0,,False
figure1_supp_lam1.5,figure1_supp,105,9,0.0,0.0,0.0,,False
figure1_supp_lam1.5,figure1_supp,105,10,0.7817,0.781732702464916,3.270246491604567e-05,,False
figure1_supp_lam1.5,figure1_supp,105,11,0.0871,0.0870680819759442,3.191802405579092e-05,,False
figure1_supp_lam1.5,figure1_supp,105,12,0.0,0.0,0.0,,False
figure1_supp_lam1.5,figure1_supp,105,13,0.1312,0.13119921555914,7.844408600188313e-07,,False
figure1_supp_lam1.5,figure1_supp,105,14,0.0821,0.0820913047278908,8.69527210921317e-06,,False
figure1_supp_lam1.5,figure1_supp,106,8,0.1737,0.173670003967436,2.9996032563983643e-05,,False
figure1_supp_lam1.5,figure1_supp,106,9,0.0,0.0,0.0,,False
figure1_supp_lam1.5,figure1_supp,106,10,0.7766,0.776608339629042,8.339629042009022e-06,,False
figure1_supp_lam1.5,figure1_supp,106,11,0.0931,0.0930555975457595,4.440245424050526e-05,,False
figure1_supp_lam1.5,figure1_supp,106,12,0.0,0.0,0.0,,False
figure1_supp_lam1.5,figure1_supp,106,13,0.1303,0.130336062825199,3.606282519899584e-05,,False
figure1_supp_lam1.5,figure1_supp,106,14,0.0684,0.0684076481571982,7.648157198197891e-06,,False
figure1_supp_lam1.5,figure1_supp,107,8,0.1461,0.146092191401417,7.808598583014525e-06,,False
figure1_supp_lam1.5,figure1_supp,107,9,0.0,0.0,0.0,,False
figure1_supp_lam1.5,figure1_supp,107,10,0.7715,0.771500301734091,3.0173409104605753e-07,,False
figure1_supp_lam1.5,figure1_supp,107,11,0.0989,0.0988691974934052,3.080250659480421e-05,,False
figure1_supp_lam1.5,figure1_supp,107,12,0.0,0.0,0.0,,False
figure1_supp_lam1.5,figure1_supp,107,13,0.1296,0.129630500772504,3.0500772503994078e-05,,False
figure1_supp_lam1.5,figure1_supp,107,14,0.1007,0.100726524397629,2.6524397628999163e-05,,False
figure1_supp_lam1.5,figure1_supp,108,8,0.0,0.0,0.0,,False
figure1_supp_lam1.5,figure1_supp,108,9,0.0,0.0,0.0,,False
figure1_supp_lam1.5,figure1_supp,108,10,0.773,0.77298901683724,1.0983162760047627e-05,,False
figure1_supp_lam1.5,figure1_supp,108,11,0.0982,0.0982370182827053,3.7018282705303385e-05,,False
figure1_supp_lam1.5,figure1_supp,108,12,0.0,0.0,0.0,,False
figure1_supp_lam1.5,figure1_supp,108,13,0.1288,0.128773964880055,2.6035119945005958e-05,,False
figure1_supp_lam1.5,figure1_supp,108,14,0.1029,0.102927585561713,2.75855617129922e-05,,False
figure1_supp_lam1.5,figure1_supp,109,8,0.148,0.148049654901277,4.965490127700756e-05,,False
figure1_supp_lam1.5,figure1_supp,109,9,0.9974,0.997435094867017,3.509486701702702e-05,,False
figure1_supp_lam1.5,figure1_supp,109,10,0.768,0.768018538697212,1.8538697212022726e-05,,False
figure1_supp_lam1.5,figure1_supp,109,11,0.0976,0.0976032310679782,3.2310679781988316e-06,,False
figure1_supp_lam1.5,figure1_supp,109,12,0.0,0.0,0.0,,False
figure1_supp_lam1.5,figure1_supp,109,13,0.1344,0.13437823023481,2.1769765189999513e-05,,False
figure1_supp_lam1.5,figure1_supp,109,14,0.1247,0.124684623908627,1.5376091373003886e-05,,False
figure1_supp_lam1.5,figure1_supp,110,8,0.1788,0.178849268638136,4.926863813600746e-05,,False
figure1_supp_lam1.5,figure1_supp,110,9,0.0,0.0,0.0,,False
figure1_supp_lam1.5,figure1_supp,110,10,0.763,0.763023940928041,2.3940928041032983e-05,,False
figure1_supp_lam1.5,figure1_supp,110,11,0.1037,0.103688585853768,1.1414146231999989e-05,,False
figure1_supp_lam1.5,figure1_supp,110,12,0.0,0.0,0.0,,False
figure1_supp_lam1.5,figure1_supp,110,13,0.1333,0.133287473218191,1.252678180899136e-05,,False
figure1_supp_lam1.5,figure1_supp,110,14,0.1123,0.112323592151983,2.3592151982998466e-05,,False
figure1_supp_lam1.5,figure1_supp,111,8,0.0,0.0,0.0,,False
figure1_supp_lam1.5,figure1_supp,111,9,0.0,0.0,0.0,,False
figure1_supp_lam1.5,figure1_supp,111,10,0.7645,0.764531359450756,3.1359450756052176e-05,,False
figure1_supp_lam1.5,figure1_supp,111,11,0.103,0.103022241638105,2.2241638105005568e-05,,False
figure1_supp_lam1.5,figure1_supp,111,12,0.0,0.0,0.0,,False
figure1_supp_lam1.5,figure1_supp,111,13,0.1324,0.132446398911139,4.639891113900063e-05,,False
figure1_supp_lam1.5,figure1_supp,111,14,0.1205,0.12054019407611,4.019407611000059e-05,,False
figure1_supp_lam1.5,figure1_supp,112,8,0.0,0.0,0.0,,False
figure1_supp_lam1.5,figure1_supp,112,9,0.0,0.0,0.0,,False
figure1_supp_lam1.5,figure1_supp,112,10,0.766,0.766021667302334,2.1667302333994165e-05,,False
figure1_supp_lam1.5,figure1_supp,112,11,0.1024,0.102370202134066,2.979786593400313e-05,,False
figure1_supp_lam1.5,figure1_supp,112,12,0.0,0.0,0.0,,False
figure1_supp_lam1.5,figure1_supp,112,13,0.1316,0.1316081305636,8.130563599995089e-06,,False
figure1_supp_lam1.5,figure1_supp,112,14,0.1219,0.121897035251116,2.9647488839906755e-06,,False
figure1_supp_lam1.5,figure1_supp,113,8,0.0,0.0,0.0,,False
figure1_supp_lam1.5,figure1_supp,113,9,0.0,0.0,0.0,,False
figure1_supp_lam1.5,figure1_supp,113,10,0.7675,0.7674932291432,6.770856800009106e-06,,False
figure1_supp_lam1.5,figure1_supp,113,11,0.1017,0.101726364384796,2.636438479600156e-05,,False
figure1_supp_lam1.5,figure1_supp,113,12,0.0,0.0,0.0,,False
figure1_supp_lam1.5,figure1_supp,113,13,0.1308,0.130780406472005,1.9593527994993254e-05,,False
figure1_supp_lam1.5,figure1_supp,113,14,0.1384,0.138417740853696,1.77408536959911e-05,,False
figure1_supp_lam1.5,figure1_supp,114,8,0.0,0.0,0.0,,False
figure1_supp_lam1.5,figure1_supp,114,9,0.0,0.0,0.0,,False
figure1_supp_lam1.5,figure1_supp,114,10,0.7689,0.768946396461054,4.639646105397688e-05,,False
figure1_supp_lam1.5,figure1_supp,114,11,0.1011,0.101090574607391,9.425392608994332e-06,,False
figure1_supp_lam1.5,figure1_supp,114,12,0.0,0.0,0.0,,False
figure1_supp_lam1.5,figure1_supp,114,13,0.13,0.129963028931555,3.6971068444996424e-05,,False
figure1_supp_lam1.5,figure1_supp,114,14,0.1424,0.142436279849616,3.6279849615988846e-05,,False
figure1_supp_lam1.5,figure1_supp,115,8,0.0,0.0,0.0,,False
figure1_supp_lam1.5,figure1_supp,115,9,0.0,0.0,0.0,,False
figure1_supp_lam1.5,figure1_supp,115,10,0.7704,0.770381512010986,1.8487989013937778e-05,,False
figure1_supp_lam1.5,figure1_supp,115,11,0.1005,0.100462682839643,3.73171603570005e-05,,False
figure1_supp_lam1.5,figure1_supp,115,12,0.0,0.0,0.0,,False
figure1_supp_lam1.5,figure1_supp,115,13,0.1292,0.129155805149371,4.4194850629009075e-05,,False
figure1_supp_lam1.5,figure1_supp,115,14,0.1376,0.137592938068881,7.061931118990117e-06,,False
figure1_supp_lam1.5,figure1_supp,116,8,0.0,0.0,0.0,,False
figure1_supp_lam1.5,figure1_supp,116,9,0.0,0.0,0.0,,False
figure1_supp_lam1.5,figure1_supp,116,10,0.7718,0.771798910084992,1.0899150080234676e-06,,False
figure1_supp_lam1.5,figure1_supp,116,11,0.0998,0.0998425428221142,4.254282211420268e-05,,False
figure1_supp_lam1.5,figure1_supp,116,12,0.0,0.0,0.0,,False
figure1_supp_lam1.5,figure1_supp,116,13,0.1284,0.128358547092894,4.1452907105998804e-05,,False
figure1_supp_lam1.5,figure1_supp,116,14,0.1439,0.143922116677562,2.21166775619952e-05,,False
figure1_supp_lam1.5,figure1_supp,117,8,0.0,0.0,0.0,,False
figure1_supp_lam1.5,figure1_supp,117,9,0.0,0.0,0.0,,False
figure1_supp_lam1.5,figure1_supp,117,10,0.7732,0.773198916771587,1.0832284129680403e-06,,False
figure1_supp_lam1.5,figure1_supp,117,11,0.0992,0.0992300118845552,3.0011884555203316e-05,,False
figure1_supp_lam1.5,figure1_supp,117,12,0.0,0.0,0.0,,False
figure1_supp_lam1.5,figure1_supp,117,13,0.1276,0.127571071343858,2.8928656141985476e-05,,False
figure1_supp_lam1.5,figure1_supp,117,14,0.1262,0.126169700615812,3.029938418799838e-05,,False
figure1_supp_lam1.5,figure1_supp,118,8,0.0,0.0,0.0,,False
figure1_supp_lam1.5,figure1_supp,118,9,0.0,0.0,0.0,,False
figure1_supp_lam1.5,figure1_supp,118,10,0.7746,0.774581850205907,1.8149794092980898e-05,,False
figure1_supp_lam1.5,figure1_supp,118,11,0.0986,0.0986249508364786,2.495083647860441e-05,,False
figure1_supp_lam1.5,figure1_supp,118,12,0.0,0.0,0.0,,False
figure1_supp_lam1.5,figure1_supp,118,13,0.1268,0.126793198957615,6.801042384985134e-06,,False
figure1_supp_lam1.5,figure1_supp,118,14,0.1606,0.160605333095272,5.333095272008759e-06,,False
figure1_supp_lam1.5,figure1_supp,119,8,0.0,0.0,0.0,,False
figure1_supp_lam1.5,figure1_supp,119,9,0.0,0.0,0.0,,False
figure1_supp_lam1.5,figure1_supp,119,10,0.7759,0.775948020810719,4.8020810718973905e-05,,False
figure1_supp_lam1.5,figure1_supp,119,11,0.098,0.0980272238617121,2.722386171209734e-05,,False
figure1_supp_lam1.5,figure1_supp,119,12,0.0,0.0,0.0,,False
figure1_supp_lam1.5,figure1_supp,119,13,0.126,0.126024755327568,2.4755327567987928e-05,,False
figure1_supp_lam1.5,figure1_supp,119,14,0.1673,0.16727646543241,2.3534567589994504e-05,,False
figure1_supp_lam1.5,figure1_supp,120,8,0.0,0.0,0.0,,False
figure1_supp_lam1.5,figure1_supp,120,9,0.0,0.0,0.0,,False
figure1_supp_lam1.5,figure1_supp,120,10,0.7773,0.777297731528727,2.268471272937056e-06,,False
figure1_supp_lam1.5,figure1_supp,120,11,0.0974,0.097436698416762,3.6698416762001584e-05,,False
figure1_supp_lam1.5,figure1_supp,120,12,0.0,0.0,0.0,,False
figure1_supp_lam1.5,figure1_supp,120,13,0.1253,0.125265570054511,3.442994548899514e-05,,False
figure1_supp_lam1.5,figure1_supp,120,14,0.171,0.171031422086612,3.142208661199852e-05,,False
figure1_supp_lam1.5,figure1_supp,121,8,0.0,0.0,0.0,,False
figure1_supp_lam1.5,figure1_supp,121,9,0.0,0.0,0.0,,False
figure1_supp_lam1.5,figure1_supp,121,10,0.7786,0.778631278046519,3.127804651903432e-05,,False
figure1_supp_lam1.5,figure1_supp,121,11,0.0969,0.0968532451328293,4.6754867170706316e-05,,False
figure1_supp_lam1.5,figure1_supp,121,12,0.0,0.0,0.0,,False
figure1_supp_lam1.5,figure1_supp,121,13,0.1245,0.124515476820651,1.5476820651005863e-05,,False
figure1_supp_lam1.5,figure1_supp,121,14,0.1593,0.1592832143232,1.678567679999632e-05,,False
figure1_supp_lam1.5,figure1_supp,122,8,0.2719,0.271909434331927,9.43433192701626e-06,,False
figure1_supp_lam1.5,figure1_supp,122,9,0.8126,0.812616204244279,1.6204244279061086e-05,,False
figure1_supp_lam1.5,figure1_supp,122,10,0.774,0.77400775797208,7.7579720799692e-06,,False
figure1_supp_lam1.5,figure1_supp,122,11,0.0974,0.0973809275440325,1.907245596749485e-05,,False
figure1_supp_lam1.5,figure1_supp,122,12,0.0,0.0,0.0,,False
figure1_supp_lam1.5,figure1_supp,122,13,0.1286,0.128611314483887,1.1314483886998294e-05,,False
figure1_supp_lam1.5,figure1_supp,122,14,0.1747,0.174694558804581,5.44119541898147e-06,,False
figure1_supp_lam1.5,figure1_supp,123,8,0.3557,0.355676386654642,2.361334535799786e-05,,False
figure1_supp_lam1.5,figure1_supp,123,9,1.0,1.0,0.0,,False
figure1_supp_lam1.5,figure1_supp,123,10,0.7694,0.769430516067934,3.0516067934027724e-05,,False
figure1_supp_lam1.5,figure1_supp,123,11,0.0968,0.0967865813844903,1.3418615509699916e-05,,False
figure1_supp_lam1.5,figure1_supp,123,12,0.0,0.0,0.0,,False
figure1_supp_lam1.5,figure1_supp,123,13,0.1338,0.133782902547576,1.709745242400862e-05,,False
figure1_supp_lam1.5,figure1_supp,123,14,0.2285,0.228529273687121,2.9273687120995318e-05,,False
figure1_supp_lam1.5,figure1_supp,124,8,0.3876,0.387550528733565,4.947126643500832e-05,,False
figure1_supp_lam1.5,figure1_supp,124,9,1.0,1.0,0.0,,False
figure1_supp_lam1.5,figure1_supp,124,10,0.7649,0.764905378517259,5.3785172590137265e-06,,False
figure1_supp_lam1.5,figure1_supp,124,11,0.0962,0.0962275753647856,2.7575364785606404e-05,,False
figure1_supp_lam1.5,figure1_supp,124,12,0.0,0.0,0.0,,False
figure1_supp_lam1.5,figure1_supp,124,13,0.1389,0.138867046117955,3.295388204499483e-05,,False
figure1_supp_lam1.5,figure1_supp,124,14,0.2613,0.261323733826979,2.3733826979011052e-05,,False
figure1_supp_lam1.5,figure1_supp,125,8,0.4806,0.480578375639259,2.162436074104601e-05,,False
figure1_supp_lam1.5,figure1_supp,125,9,1.0,1.0,0.0,,False
figure1_supp_lam1.5,figure1_supp,125,10,0.7604,0.760425381500617,2.538150061703881e-05,,False
figure1_supp_lam1.5,figure1_supp,125,11,0.0957,0.0956657362685258,3.426373147419337e-05,,False
figure1_supp_lam1.5,figure1_supp,125,12,0.0,0.0,0.0,,False
figure1_supp_lam1.5,figure1_supp,125,13,0.1439,0.143908882230858,8.882230857987228e-06,,False
figure1_supp_lam1.5,figure1_supp,125,14,0.3098,0.309796703061475,3.2969385250214422e-06,,False
figure1_supp_lam1.5,figure1_supp,126,8,0.466,0.465996029032901,3.970967099031775e-06,,False
figure1_supp_lam1.5,figure1_supp,126,9,1.0,1.0,0.0,,False
figure1_supp_lam1.5,figure1_supp,126,10,0.756,0.756016013780725,1.6013780725021576e-05,,False
figure1_supp_lam1.5,figure1_supp,126,11,0.0952,0.0952253150439333,2.531504393329942e-05,,False
figure1_supp_lam1.5,figure1_supp,126,12,0.0,0.0,0.0,,False
figure1_supp_lam1.5,figure1_supp,126,13,0.1488,0.148758671175341,4.132882465898713e-05,,False
figure1_supp_lam1.5,figure1_supp,126,14,0.3488,0.348825713770816,2.57137708160049e-05,,False
figure1_supp_lam1.5,figure1_supp,127,8,0.4527,0.452658134031636,4.186596836397438e-05,,False
figure1_supp_lam1.5,figure1_supp,127,9,0.0,0.0,0.0,,False
figure1_supp_lam1.5,figure1_supp,127,10,0.7517,0.75165157702602,4.842297398000017e-05,,False
figure1_supp_lam1.5,figure1_supp,127,11,0.1005,0.100493214596514,6.78540348600376e-06,,False
figure1_supp_lam1.5,figure1_supp,127,12,0.0,0.0,0.0,,False
figure1_supp_lam1.5,figure1_supp,127,13,0.1479,0.147855208377466,4.479162253401281e-05,,False
figure1_supp_lam1.5,figure1_supp,127,14,0.3481,0.3480582144142,4.1785585800035996e-05,,False
figure1_supp_lam1.5,figure1_supp,128,8,0.3488,0.34881550544446,1.5505444459995577e-05,,False
figure1_supp_lam1.5,figure1_supp,128,9,0.0,0.0,0.0,,False
figure1_supp_lam1.5,figure1_supp,128,10,0.7473,0.747338838591669,3.8838591669088096e-05,,False
figure1_supp_lam1.5,figure1_supp,128,11,0.1056,0.10564754253684,4.754253684000065e-05,,False
figure1_supp_lam1.5,figure1_supp,128,12,0.0,0.0,0.0,,False
figure1_supp_lam1.5,figure1_supp,128,13,0.147,0.147013618871491,1.3618871491011264e-05,,False
figure1_supp_lam1.5,figure1_supp,128,14,0.3473,0.347341555918986,4.155591898602484e-05,,False
figure1_supp_lam1.5,figure1_supp,129,8,0.3452,0.345184634520958,1.5365479042017682e-05,,False
figure1_supp_lam1.5,figure1_supp,129,9,0.0,0.0,0.0,,False
figure1_supp_lam1.5,figure1_supp,129,10,0.7431,0.743073303518388,2.669648161202076e-05,,False
figure1_supp_lam1.5,figure1_supp,129,11,0.1108,0.11078192106734,1.8078932659995606e-05,,False
figure1_supp_lam1.5,figure1_supp,129,12,0.0,0.0,0.0,,False
figure1_supp_lam1.5,figure1_supp,129,13,0.1461,0.146144775414272,4.477541427200249e-05,,False
figure1_supp_lam1.5,figure1_supp,129,14,0.3178,0.317804697231761,4.697231760997234e-06,,False
figure1_supp_lam1.5,figure1_supp,130,8,0.0,0.0,0.0,,False
figure1_supp_lam1.5,figure1_supp,130,9,0.0,0.0,0.0,,False
figure1_supp_lam1.5,figure1_supp,130,10,0.7445,0.74453814520138,3.814520137990218e-05,,False
figure1_supp_lam1.5,figure1_supp,130,11,0.1102,0.110184927535938,1.5072464062002022e-05,,False
figure1_supp_lam1.5,figure1_supp,130,12,0.0,0.0,0.0,,False
figure1_supp_lam1.5,figure1_supp,130,13,0.1453,0.145276927262682,2.307273731802506e-05,,False
figure1_supp_lam1.5,figure1_supp,130,14,0.3096,0.309604217143729,4.217143729001727e-06,,False
figure1_supp_lam1.5,figure1_supp,131,8,0.2929,0.292860641474707,3.935852529302064e-05,,False
figure1_supp_lam1.5,figure1_supp,131,9,0.9978,0.997814738282353,1.4738282352988463e-05,,False
figure1_supp_lam1.5,figure1_supp,131,10,0.7403,0.740344061113901,4.4061113901094906e-05,,False
figure1_supp_lam1.5,figure1_supp,131,11,0.1096,0.109562413821046,3.758617895399663e-05,,False
figure1_supp_lam1.5,figure1_supp,131,12,0.0,0.0,0.0,,False
figure1_supp_lam1.5,figure1_supp,131,13,0.1501,0.150093525065053,6.47493494701501e-06,,False
figure1_supp_lam1.5,figure1_supp,131,14,0.2335,0.233533105180493,3.310518049298716e-05,,False
figure1_supp_lam1.5,figure1_supp,132,8,0.0,0.0,0.0,,False
figure1_supp_lam1.5,figure1_supp,132,9,0.0,0.0,0.0,,False
figure1_supp_lam1.5,figure1_supp,132,10,0.7418,0.741786974519687,1.3025480313011428e-05,,False
figure1_supp_lam1.5,figure1_supp,132,11,0.109,0.108957055380553,4.294461944699679e-05,,False
figure1_supp_lam1.5,figure1_supp,132,12,0.0,0.0,0.0,,False
figure1_supp_lam1.5,figure1_supp,132,13,0.1493,0.14925597009976,4.4029900239994646e-05,,False
figure1_supp_lam1.5,figure1_supp,132,14,0.199,0.199034330615469,3.433061546898042e-05,,False
figure1_supp_lam1.5,figure1_supp,133,8,0.0,0.0,0.0,,False
figure1_supp_lam1.5,figure1_supp,133,9,0.0,0.0,0.0,,False
figure1_supp_lam1.5,figure1_supp,133,10,0.7432,0.743229505388292,2.9505388292050405e-05,,False
figure1_supp_lam1.5,figure1_supp,133,11,0.1083,0.108348356747142,4.8356747142000445e-05,,False
figure1_supp_lam1.5,figure1_supp,133,12,0.0,0.0,0.0,,False
figure1_supp_lam1.5,figure1_supp,133,13,0.1484,0.148422137864566,2.2137864566007526e-05,,False
figure1_supp_lam1.5,figure1_supp,133,14,0.155,0.155011167013806,1.11670138059905e-05,,False
figure1_supp_lam1.5,figure1_supp,134,8,0.0,0.0,0.0,,False
figure1_supp_lam1.5,figure1_supp,134,9,0.0,0.0,0.0,,False
figure1_supp_lam1.5,figure1_supp,134,10,0.7447,0.744656008136135,4.399186386505605e-05,,False
figure1_supp_lam1.5,figure1_supp,134,11,0.1077,0.10774642143188,4.642143187999492e-05,,False
figure1_supp_lam1.5,figure1_supp,134,12,0.0,0.0,0.0,,False
figure1_supp_lam1.5,figure1_supp,134,13,0.1476,0.147597570431985,2.4295680150221433e-06,,False
figure1_supp_lam1.5,figure1_supp,134,14,0.1724,0.17238861724218,1.1382757820005418e-05,,False
figure1_supp_lam1.5,figure1_supp,135,8,0.0,0.0,0.0,,False
figure1_supp_lam1.5,figure1_supp,135,9,0.0,0.0,0.0,,False
figure1_supp_lam1.5,figure1_supp,135,10,0.7461,0.746066748422675,3.325157732503303e-05,,False
figure1_supp_lam1.5,figure1_supp,135,11,0.1072,0.107151137335571,4.886266442900855e-05,,False
figure1_supp_lam1.5,figure1_supp,135,12,0.0,0.0,0.0,,False
figure1_supp_lam1.5,figure1_supp,135,13,0.1468,0.146782114241753,1.7885758247015993e-05,,False
figure1_supp_lam1.5,figure1_supp,135,14,0.1812,0.181214853324024,1.4853324024011183e-05,,False
figure1_supp_lam1.5,figure1_supp,136,8,0.0,0.0,0.0,,False
figure1_supp_lam1.5,figure1_supp,136,9,0.0,0.0,0.0,,False
figure1_supp_lam1.5,figure1_supp,136,10,0.7475,0.747461986068705,3.80139312951e-05,,False
figure1_supp_lam1.5,figure1_supp,136,11,0.1066,0.106562394822739,3.760517726099366e-05,,False
figure1_supp_lam1.5,figure1_supp,136,12,0.0,0.0,0.0,,False
figure1_supp_lam1.5,figure1_supp,136,13,0.146,0.145975619108557,2.438089144299327e-05,,False
figure1_supp_lam1.5,figure1_supp,136,14,0.2145,0.214508352873429,8.352873429012808e-06,,False
figure1_supp_lam1.5,figure1_supp,137,8,0.0,0.0,0.0,,False
figure1_supp_lam1.5,figure1_supp,137,9,0.0,0.0,0.0,,False
figure1_supp_lam1.5,figure1_supp,137,10,0.7488,0.74884197521587,4.197521587001596e-05,,False
figure1_supp_lam1.5,figure1_supp,137,11,0.106,0.105980086654308,1.9913345691999207e-05,,False
figure1_supp_lam1.5,figure1_supp,137,12,0.0,0.0,0.0,,False
figure1_supp_lam1.5,figure1_supp,137,13,0.1452,0.145177938129822,2.2061870178002874e-05,,False
figure1_supp_lam1.5,figure1_supp,137,14,0.1688,0.168783134290379,1.6865709621005642e-05,,False
figure1_supp_lam1.5,figure1_supp,138,8,0.0,0.0,0.0,,False
figure1_supp_lam1.5,figure1_supp,138,9,0.0,0.0,0.0,,False
figure1_supp_lam1.5,figure1_supp,138,10,0.7502,0.750206964481001,6.964481001014988e-06,,False
figure1_supp_lam1.5,figure1_supp,138,11,0.1054,0.105404107922491,4.107922491003446e-06,,False
figure1_supp_lam1.5,figure1_supp,138,12,0.0,0.0,0.0,,False
figure1_supp_lam1.5,figure1_supp,138,13,0.1444,0.144388927596507,1.107240349298988e-05,,False
figure1_supp_lam1.5,figure1_supp,138,14,0.1008,0.100797443897858,2.5561021420039687e-06,,False
figure1_supp_lam1.5,figure1_supp,139,8,0.0,0.0,0.0,,False
figure1_supp_lam1.5,figure1_supp,139,9,0.0,0.0,0.0,,False
figure1_supp_lam1.5,figure1_supp,139,10,0.7516,0.751557197105428,4.280289457203601e-05,,False
figure1_supp_lam1.5,figure1_supp,139,11,0.1048,0.104834355987775,3.4355987775000485e-05,,False
figure1_supp_lam1.5,figure1_supp,139,12,0.0,0.0,0.0,,False
figure1_supp_lam1.5,figure1_supp,139,13,0.1436,0.143608446906797,8.446906796993892e-06,,False
figure1_supp_lam1.5,figure1_supp,139,14,0.0518,0.0517613869038296,3.8613096170397876e-05,,False
figure1_supp_lam1.5,figure1_supp,140,8,0.0,0.0,0.0,,False
figure1_supp_lam1.5,figure1_supp,140,9,0.0,0.0,0.0,,False
figure1_supp_lam1.5,figure1_supp,140,10,0.7529,0.752892911099485,7.088900515039853e-06,,False
figure1_supp_lam1.5,figure1_supp,140,11,0.1043,0.104270730417948,2.9269582052002252e-05,,False
figure1_supp_lam1.5,figure1_supp,140,12,0.0,0.0,0.0,,False
figure1_supp_lam1.5,figure1_supp,140,13,0.1428,0.142836358482566,3.635848256600127e-05,,False
figure1_supp_lam1.5,figure1_supp,140,14,0.0194,0.0194005827981822,5.827981821998618e-07,,False
figure1_supp_lam1.5,figure1_supp,141,8,0.0,0.0,0.0,,False
figure1_supp_lam1.5,figure1_supp,141,9,0.0,0.0,0.0,,False
figure1_supp_lam1.5,figure1_supp,141,10,0.7542,0.754214339382376,1.4339382376049592e-05,,False
figure1_supp_lam1.5,figure1_supp,141,11,0.1037,0.103713132929082,1.3132929082004807e-05,,False
figure1_supp_lam1.5,figure1_supp,141,12,0.0,0.0,0.0,,False
figure1_supp_lam1.5,figure1_supp,141,13,0.1421,0.142072527688542,2.7472311457998888e-05,,False
figure1_supp_lam1.5,figure1_supp,141,14,0.0171,0.0170724229532433,2.7577046756700058e-05,,False
figure1_supp_lam1.5,figure1_supp,142,8,0.0,0.0,0.0,,False
figure1_supp_lam1.5,figure1_supp,142,9,0.0,0.0,0.0,,False
figure1_supp_lam1.5,figure1_supp,142,10,0.7555,0.755521709917576,2.170991757599605e-05,,False
figure1_supp_lam1.5,figure1_supp,142,11,0.1032,0.103161467328396,3.853267160400242e-05,,False
figure1_supp_lam1.5,figure1_supp,142,12,0.0,0.0,0.0,,False
figure1_supp_lam1.5,figure1_supp,142,13,0.1413,0.141316822754028,1.6822754027978615e-05,,False
figure1_supp_lam1.5,figure1_supp,142,14,0.0205,0.0205261433598493,2.614335984929897e-05,,False
figure1_supp_lam1.5,figure1_supp,143,8,0.0,0.0,0.0,,False
figure1_supp_lam1.5,figure1_supp,143,9,0.0,0.0,0.0,,False
figure1_supp_lam1.5,figure1_supp,143,10,0.7568,0.756815245843938,1.5245843937972126e-05,,False
figure1_supp_lam1.5,figure1_supp,143,11,0.1026,0.102615639458933,1.563945893300056e-05,,False
figure1_supp_lam1.5,figure1_supp,143,12,0.0,0.0,0.0,,False
figure1_supp_lam1.5,figure1_supp,143,13,0.1406,0.140569114697129,3.088530287101432e-05,,False
figure1_supp_lam1.5,figure1_supp,143,14,0.0234,0.0233864808884157,1.3519111584300858e-05,,False
figure1_supp_lam1.5,figure1_supp,144,8,0.0,0.0,0.0,,False
figure1_supp_lam1.5,figure1_supp,144,9,0.0,0.0,0.0,,False
figure1_supp_lam1.5,figure1_supp,144,10,0.7581,0.758095165602654,4.834397345998553e-06,,False
figure1_supp_lam1.5,figure1_supp,144,11,0.1021,0.102075557145992,2.4442854008002723e-05,,False
figure1_supp_lam1.5,figure1_supp,144,12,0.0,0.0,0.0,,False
figure1_supp_lam1.5,figure1_supp,144,13,0.1398,0.139829277251354,2.92772513539874e-05,,False
figure1_supp_lam1.5,figure1_supp,144,14,0.0242,0.0242099363349189,9.936334918900225e-06,,False
figure1_supp_lam1.5,figure1_supp,145,8,0.0,0.0,0.0,,False
figure1_supp_lam1.5,figure1_supp,145,9,0.0,0.0,0.0,,False
figure1_supp_lam1.5,figure1_supp,145,10,0.7594,0.759361683060232,3.831693976796835e-05,,False
figure1_supp_lam1.5,figure1_supp,145,11,0.1015,0.101541130145227,4.113014522699743e-05,,False
figure1_supp_lam1.5,figure1_supp,145,12,0.0,0.0,0.0,,False
figure1_supp_lam1.5,figure1_supp,145,13,0.1391,0.139097186794541,2.8132054590013222e-06,,False
figure1_supp_lam1.5,figure1_supp,145,14,0.0202,0.0202288088219007,2.880882190070197e-05,,False
figure1_supp_lam1.5,figure1_supp,146,8,0.0,0.0,0.0,,False
figure1_supp_lam1.5,figure1_supp,146,9,0.0,0.0,0.0,,False
figure1_supp_lam1.5,figure1_supp,146,10,0.7606,0.760615007627626,1.5007627625962527e-05,,False
figure1_supp_lam1.5,figure1_supp,146,11,0.101,0.101012270092388,1.2270092387994813e-05,,False
figure1_supp_lam1.5,figure1_supp,146,12,0.0,0.0,0.0,,False
figure1_supp_lam1.5,figure1_supp,146,13,0.1384,0.138372722279986,2.7277720013985096e-05,,False
figure1_supp_lam1.5,figure1_supp,146,14,0.0297,0.0296981207747741,1.8792252259001996e-06,,False
figure1_supp_lam1.5,figure1_supp,147,8,0.0,0.0,0.0,,False
figure1_supp_lam1.5,figure1_supp,147,9,0.0,0.0,0.0,,False
figure1_supp_lam1.5,figure1_supp,147,10,0.7619,0.76185534437567,4.465562432998116e-05,,False
figure1_supp_lam1.5,figure1_supp,147,11,0.1005,0.100488890454603,1.1109545397000598e-05,,False
figure1_supp_lam1.5,figure1_supp,147,12,0.0,0.0,0.0,,False
figure1_supp_lam1.5,figure1_supp,147,13,0.1377,0.137655765169727,4.423483027299335e-05,,False
figure1_supp_lam1.5,figure1_supp,147,14,0.0367,0.0367403958530341,4.0395853034093376e-05,,False
figure1_supp_lam1.5,figure1_supp,148,8,0.0,0.0,0.0,,False
figure1_supp_lam1.5,figure1_supp,148,9,0.0,0.0,0.0,,False
figure1_supp_lam1.5,figure1_supp,148,10,0.7631,0.763082894146929,1.7105853071019972e-05,,False
figure1_supp_lam1.5,figure1_supp,148,11,0.1,0.0999709064831877,2.9093516812309095e-05,,False
figure1_supp_lam1.5,figure1_supp,148,12,0.0,0.0,0.0,,False
figure1_supp_lam1.5,figure1_supp,148,13,0.1369,0.136946199369883,4.619936988300988e-05,,False
figure1_supp_lam1.5,figure1_supp,148,14,0.0871,0.0870831602613646,1.6839738635393564e-05,,False
figure1_supp_lam1.5,figure1_supp,149,8,0.0,0.0,0.0,,False
figure1_supp_lam1.5,figure1_supp,149,9,0.0,0.0,0.0,,False
figure1_supp_lam1.5,figure1_supp,149,10,0.7643,0.764297853664125,2.1463358750306583e-06,,False
figure1_supp_lam1.5,figure1_supp,149,11,0.0995,0.0994582351678893,4.176483211069948e-05,,False
figure1_supp_lam1.5,figure1_supp,149,12,0.0,0.0,0.0,,False
figure1_supp_lam1.5,figure1_supp,149,13,0.1362,0.136243911167986,4.391116798602157e-05,,False
figure1_supp_lam1.5,figure1_supp,149,14,0.0949,0.094918569978324,1.8569978324001202e-05,,False
figure1_supp_lam1.5,figure1_supp,150,8,0.0,0.0,0.0,,False
figure1_supp_lam1.5,figure1_supp,150,9,0.0,0.0,0.0,,False
figure1_supp_lam1.5,figure1_supp,150,10,0.7655,0.765500415635226,4.1563522601428815e-07,,False
figure1_supp_lam1.5,figure1_supp,150,11,0.099,0.0989507951925429,4.920480745709832e-05,,False
figure1_supp_lam1.5,figure1_supp,150,12,0.0,0.0,0.0,,False
figure1_supp_lam1.5,figure1_supp,150,13,0.1355,0.135548789172231,4.8789172231000766e-05,,False
figure1_supp_lam1.5,figure1_supp,150,14,0.0965,0.0964729072259865,2.7092774013498522e-05,,False
figure1_supp_lam1.5,figure1_supp,151,8,0.0796,0.0795536644303235,4.633556967650887e-05,,False
figure1_supp_lam1.5,figure1_supp,151,9,0.0,0.0,0.0,,False
figure1_supp_lam1.5,figure1_supp,151,10,0.7616,0.761624955291663,2.4955291662909218e-05,,False
figure1_supp_lam1.5,figure1_supp,151,11,0.1035,0.103514320455762,1.4320455762009687e-05,,False
figure1_supp_lam1.5,figure1_supp,151,12,0.0,0.0,0.0,,False
figure1_supp_lam1.5,figure1_supp,151,13,0.1349,0.134860724252575,3.9275747424988294e-05,,False
figure1_supp_lam1.5,figure1_supp,151,14,0.0766,0.0766434981050705,4.3498105070496895e-05,,False
figure1_supp_lam1.5,figure1_supp,152,8,0.0,0.0,0.0,,False
figure1_supp_lam1.5,figure1_supp,152,9,0.0,0.0,0.0,,False
figure1_supp_lam1.5,figure1_supp,152,10,0.7628,0.7628278576754,2.7857675399922677e-05,,False
figure1_supp_lam1.5,figure1_supp,152,11,0.103,0.102980280224884,1.9719775116000537e-05,,False
figure1_supp_lam1.5,figure1_supp,152,12,0.0,0.0,0.0,,False
figure1_supp_lam1.5,figure1_supp,152,13,0.1342,0.134191862099716,8.137900284005406e-06,,False
figure1_supp_lam1.5,figure1_supp,152,14,0.0706,0.0705835353304511,1.646466954889625e-05,,False
figure1_supp_lam1.5,figure1_supp,153,8,0.0,0.0,0.0,,False
figure1_supp_lam1.5,figure1_supp,153,9,0.0,0.0,0.0,,False
figure1_supp_lam1.5,figure1_supp,153,10,0.764,0.764019677486076,1.96774860760085e-05,,False
figure1_supp_lam1.5,figure1_supp,153,11,0.1025,0.102462791379533,3.7208620466994136e-05,,False
figure1_supp_lam1.5,figure1_supp,153,12,0.0,0.0,0.0,,False
figure1_supp_lam1.5,figure1_supp,153,13,0.1335,0.13351753113439,1.7531134389986436e-05,,False
figure1_supp_lam1.5,figure1_supp,153,14,0.0704,0.0703839441786215,1.6055821378507806e-05,,False
figure1_supp_lam1.5,figure1_supp,154,8,0.0,0.0,0.0,,False
figure1_supp_lam1.5,figure1_supp,154,9,0.0,0.0,0.0,,False
figure1_supp_lam1.5,figure1_supp,154,10,0.7652,0.765199579098646,4.2090135399242e-07,,False
figure1_supp_lam1.5,figure1_supp,154,11,0.102,0.101950477422636,4.952257736400012e-05,,False
figure1_supp_lam1.5,figure1_supp,154,12,0.0,0.0,0.0,,False
figure1_supp_lam1.5,figure1_supp,154,13,0.1328,0.132849943478719,4.994347871900562e-05,,False
figure1_supp_lam1.5,figure1_supp,154,14,0.0639,0.0638857627624032,1.423723759680362e-05,,False
figure1_supp_lam1.5,figure1_supp,155,8,0.0,0.0,0.0,,False
figure1_supp_lam1.5,figure1_supp,155,9,0.0,0.0,0.0,,False
figure1_supp_lam1.5,figure1_supp,155,10,0.7664,0.766367740396663,3.225960333697042e-05,,False
figure1_supp_lam1.5,figure1_supp,155,11,0.1014,0.10144326111705,4.3261117049997466e-05,,False
figure1_supp_lam1.5,figure1_supp,155,12,0.0,0.0,0.0,,False
figure1_supp_lam1.5,figure1_supp,155,13,0.1322,0.132188998486287,1.1001513712999289e-05,,False
figure1_supp_lam1.5,figure1_supp,155,14,0.0593,0.0593252071047555,2.5207104755502197e-05,,False
figure1_supp_lam1.5,figure1_supp,156,8,0.0,0.0,0.0,,False
figure1_supp_lam1.5,figure1_supp,156,9,0.0,0.0,0.0,,False
figure1_supp_lam1.5,figure1_supp,156,10,0.7675,0.767524335741234,2.433574123406057e-05,,False
figure1_supp_lam1.5,figure1_supp,156,11,0.1009,0.100941066755085,4.1066755085000795e-05,,False
figure1_supp_lam1.5,figure1_supp,156,12,0.0,0.0,0.0,,False
figure1_supp_lam1.5,figure1_supp,156,13,0.1315,0.131534597503682,3.4597503681982333e-05,,False
figure1_supp_lam1.5,figure1_supp,156,14,0.0614,0.0614311045689316,3.110456893159336e-05,,False
figure1_supp_lam1.5,figure1_supp,157,8,0.0,0.0,0.0,,False
figure1_supp_lam1.5,figure1_supp,157,9,0.0,0.0,0.0,,False
figure1_supp_lam1.5,figure1_supp,157,10,0.7687,0.768669536057779,3.0463942221059526e-05,,False
figure1_supp_lam1.5,figure1_supp,157,11,0.1004,0.100443820120823,4.382012082299047e-05,,False
figure1_supp_lam1.5,figure1_supp,157,12,0.0,0.0,0.0,,False
figure1_supp_lam1.5,figure1_supp,157,13,0.1309,0.130886643821398,1.3356178601986457e-05,,False
figure1_supp_lam1.5,figure1_supp,157,14,0.0604,0.0604219723254398,2.1972325439795215e-05,,False
figure1_supp_lam1.5,figure1_supp,158,8,0.0,0.0,0.0,,False
figure1_supp_lam1.5,figure1_supp,158,9,0.0,0.0,0.0,,False
figure1_supp_lam1.5,figure1_supp,158,10,0.7698,0.769803508920241,3.508920240924418e-06,,False
figure1_supp_lam1.5,figure1_supp,158,11,0.1,0.0999514484535642,4.855154643580717e-05,,False
figure1_supp_lam1.5,figure1_supp,158,12,0.0,0.0,0.0,,False
figure1_supp_lam1.5,figure1_supp,158,13,0.1302,0.130245042626195,4.5042626194979896e-05,,False
figure1_supp_lam1.5,figure1_supp,158,14,0.0484,0.0484272099580164,2.720995801640258e-05,,False
figure1_supp_lam1.5,figure1_supp,159,8,0.0,0.0,0.0,,False
figure1_supp_lam1.5,figure1_supp,159,9,0.0,0.0,0.0,,False
figure1_supp_lam1.5,figure1_supp,159,10,0.7709,0.770926418632826,2.641863282593082e-05,,False
figure1_supp_lam1.5,figure1_supp,159,11,0.0995,0.0994638804123274,3.6119587672606146e-05,,False
figure1_supp_lam1.5,figure1_supp,159,12,0.0,0.0,0.0,,False
figure1_supp_lam1.5,figure1_supp,159,13,0.1296,0.129609700954847,9.700954847008392e-06,,False
figure1_supp_lam1.5,figure1_supp,159,14,0.0409,0.0409391847379586,3.918473795860161e-05,,False
figure1_supp_lam1.5,figure1_supp,160,8,0.0733,0.0732785690994055,2.1430900594504587e-05,,False
figure1_supp_lam1.5,figure1_supp,160,9,0.202,0.201989849882854,1.015011714600167e-05,,False
figure1_supp_lam1.5,figure1_supp,160,10,0.7672,0.767193885362158,6.1146378419474345e-06,,False
figure1_supp_lam1.5,figure1_supp,160,11,0.1028,0.102845053736742,4.505373674200397e-05,,False
figure1_supp_lam1.5,figure1_supp,160,12,0.0,0.0,0.0,,False
figure1_supp_lam1.5,figure1_supp,160,13,0.13,0.1299610609011,3.89390989000149e-05,,False
figure1_supp_lam1.5,figure1_supp,160,14,0.0159,0.0159170694383504,1.7069438350399146e-05,,False
figure1_supp_lam1.5,figure1_supp,161,8,0.0743,0.0743064003637514,6.400363751393745e-06,,False
figure1_supp_lam1.5,figure1_supp,161,9,0.9982,0.998172412801808,2.758719819195843e-05,,False
figure1_supp_lam1.5,figure1_supp,161,10,0.7635,0.763467921950838,3.2078049161943234e-05,,False
figure1_supp_lam1.5,figure1_supp,161,11,0.1024,0.102411326780679,1.1326780678999615e-05,,False
figure1_supp_lam1.5,figure1_supp,161,12,0.0,0.0,0.0,,False
figure1_supp_lam1.5,figure1_supp,161,13,0.1341,0.134120751268483,2.075126848299913e-05,,False
figure1_supp_lam1.5,figure1_supp,161,14,0.0238,0.0238046070420642,4.607042064199568e-06,,False
figure1_supp_lam1.5,figure1_supp,162,8,0.1087,0.108652944466025,4.705553397500728e-05,,False
figure1_supp_lam1.5,figure1_supp,162,9,0.9982,0.998234884485536,3.488448553601309e-05,,False
figure1_supp_lam1.5,figure1_supp,162,10,0.7598,0.759791181230257,8.8187697430131e-06,,False
figure1_supp_lam1.5,figure1_supp,162,11,0.102,0.101958783798344,4.1216201655994156e-05,,False
figure1_supp_lam1.5,figure1_supp,162,12,0.0,0.0,0.0,,False
figure1_supp_lam1.5,figure1_supp,162,13,0.1383,0.138250034971399,4.996502860099561e-05,,False
figure1_supp_lam1.5,figure1_supp,162,14,0.0594,0.0593617366564143,3.826334358569827e-05,,False
figure1_supp_lam1.5,figure1_supp,163,8,0.1328,0.13284028183965,4.0281839649991547e-05,,False
figure1_supp_lam1.5,figure1_supp,163,9,1.0,1.0,0.0,,False
figure1_supp_lam1.5,figure1_supp,163,10,0.7562,0.756154042662459,4.5957337540980525e-05,,False
figure1_supp_lam1.5,figure1_supp,163,11,0.1015,0.101461359788228,3.864021177200916e-05,,False
figure1_supp_lam1.5,figure1_supp,163,12,0.0,0.0,0.0,,False
figure1_supp_lam1.5,figure1_supp,163,13,0.1424,0.142384597549312,1.540245068801238e-05,,False
figure1_supp_lam1.5,figure1_supp,163,14,0.0649,0.0649036879188246,3.6879188246019545e-06,,False
figure1_supp_lam1.5,figure1_supp,164,8,0.0,0.0,0.0,,False
figure1_supp_lam1.5,figure1_supp,164,9,0.0,0.0,0.0,,False
figure1_supp_lam1.5,figure1_supp,164,10,0.7573,0.757318464367645,1.8464367645076862e-05,,False
figure1_supp_lam1.5,figure1_supp,164,11,0.101,0.100997146254519,2.8537454810073637e-06,,False
figure1_supp_lam1.5,figure1_supp,164,12,0.0,0.0,0.0,,False
figure1_supp_lam1.5,figure1_supp,164,13,0.1417,0.141684389377836,1.5610622163986232e-05,,False
figure1_supp_lam1.5,figure1_supp,164,14,0.0721,0.072080457515397,1.9542484602994015e-05,,False
figure1_supp_lam1.5,figure1_supp,165,8,0.0,0.0,0.0,,False
figure1_supp_lam1.5,figure1_supp,165,9,0.0,0.0,0.0,,False
figure1_supp_lam1.5,figure1_supp,165,10,0.7585,0.758468613825619,3.138617438092073e-05,,False
figure1_supp_lam1.5,figure1_supp,165,11,0.1005,0.100518486793597,1.848679359699179e-05,,False
figure1_supp_lam1.5,figure1_supp,165,12,0.0,0.0,0.0,,False
figure1_supp_lam1.5,figure1_supp,165,13,0.141,0.141012899380784,1.2899380784026082e-05,,False
figure1_supp_lam1.5,figure1_supp,165,14,0.0761,0.0760899260653097,1.0073934690296715e-05,,False
figure1_supp_lam1.5,figure1_supp,166,8,0.0,0.0,0.0,,False
figure1_supp_lam1.5,figure1_supp,166,9,0.0,0.0,0.0,,False
figure1_supp_lam1.5,figure1_supp,166,10,0.7596,0.759607912817007,7.912817006960893e-06,,False
figure1_supp_lam1.5,figure1_supp,166,11,0.1,0.100044342987967,4.434298796698877e-05,,False
figure1_supp_lam1.5,figure1_supp,166,12,0.0,0.0,0.0,,False
figure1_supp_lam1.5,figure1_supp,166,13,0.1403,0.140347744195026,4.7744195025983815e-05,,False
figure1_supp_lam1.5,figure1_supp,166,14,0.0852,0.0851735837204835,2.6416279516494612e-05,,False
figure1_supp_lam1.5,figure1_supp,167,8,0.0,0.0,0.0,,False
figure1_supp_lam1.5,figure1_supp,167,9,0.0,0.0,0.0,,False
figure1_supp_lam1.5,figure1_supp,167,10,0.7607,0.760736514165284,3.651416528394069e-05,,False
figure1_supp_lam1.5,figure1_supp,167,11,0.0996,0.0995746512368493,2.53487631506899e-05,,False
figure1_supp_lam1.5,figure1_supp,167,12,0.0,0.0,0.0,,False
figure1_supp_lam1.5,figure1_supp,167,13,0.1397,0.139688834597866,1.116540213400019e-05,,False
figure1_supp_lam1.5,figure1_supp,167,14,0.0861,0.0861452432539795,4.524325397950446e-05,,False
figure1_supp_lam1.5,figure1_supp,168,8,0.0,0.0,0.0,,False
figure1_supp_lam1.5,figure1_supp,168,9,0.0,0.0,0.0,,False
figure1_supp_lam1.5,figure1_supp,168,10,0.7619,0.761854567837409,4.543216259100813e-05,,False
figure1_supp_lam1.5,figure1_supp,168,11,0.0991,0.0991093491282659,9.349128265903617e-06,,False
figure1_supp_lam1.5,figure1_supp,168,12,0.0,0.0,0.0,,False
figure1_supp_lam1.5,figure1_supp,168,13,0.139,0.139036083034325,3.608303432497961e-05,,False
figure1_supp_lam1.5,figure1_supp,168,14,0.0908,0.0908144520625597,1.445206255969167e-05,,False
figure1_supp_lam1.5,figure1_supp,169,8,0.0,0.0,0.0,,False
figure1_supp_lam1.5,figure1_supp,169,9,0.0,0.0,0.0,,False
figure1_supp_lam1.5,figure1_supp,169,10,0.763,0.762962221010258,3.777898974199889e-05,,False
figure1_supp_lam1.5,figure1_supp,169,11,0.0986,0.0986483754113903,4.8375411390300105e-05,,False
figure1_supp_lam1.5,figure1_supp,169,12,0.0,0.0,0.0,,False
figure1_supp_lam1.5,figure1_supp,169,13,0.1384,0.138389403578351,1.0596421648995102e-05,,False
figure1_supp_lam1.5,figure1_supp,169,14,0.081,0.0810232915903287,2.329159032869732e-05,,False
figure1_supp_lam1.5,figure1_supp,170,8,0.0,0.0,0.0,,False
figure1_supp_lam1.5,figure1_supp,170,9,0.0,0.0,0.0,,False
figure1_supp_lam1.5,figure1_supp,170,10,0.7641,0.764059618135211,4.0381864789051924e-05,,False
figure1_supp_lam1.5,figure1_supp,170,11,0.0982,0.0981916699696709,8.330030329101179e-06,,False
figure1_supp_lam1.5,figure1_supp,170,12,0.0,0.0,0.0,,False
figure1_supp_lam1.5,figure1_supp,170,13,0.1377,0.137748711895118,4.8711895118014326e-05,,False
figure1_supp_lam1.5,figure1_supp,170,14,0.0814,0.0814297565842564,2.9756584256399043e-05,,False
figure1_supp_lam1.5,figure1_supp,171,8,0.0,0.0,0.0,,False
figure1_supp_lam1.5,figure1_supp,171,9,0.0,0.0,0.0,,False
figure1_supp_lam1.5,figure1_supp,171,10,0.7651,0.765146901000947,4.690100094695282e-05,,False
figure1_supp_lam1.5,figure1_supp,171,11,0.0977,0.0977391737946954,3.917379469541016e-05,,False
figure1_supp_lam1.5,figure1_supp,171,12,0.0,0.0,0.0,,False
figure1_supp_lam1.5,figure1_supp,171,13,0.1371,0.137113925204357,1.3925204357001508e-05,,False
figure1_supp_lam1.5,figure1_supp,171,14,0.0802,0.0801922645687157,7.73543128429477e-06,,False
figure1_supp_lam1.5,figure1_supp,172,8,0.0,0.0,0.0,,False
figure1_supp_lam1.5,figure1_supp,172,9,0.0,0.0,0.0,,False
figure1_supp_lam1.5,figure1_supp,172,10,0.7662,0.766224208794521,2.4208794521030086e-05,,False
figure1_supp_lam1.5,figure1_supp,172,11,0.0973,0.0972908289607748,9.1710392251948e-06,,False
figure1_supp_lam1.5,figure1_supp,172,12,0.0,0.0,0.0,,False
figure1_supp_lam1.5,figure1_supp,172,13,0.1365,0.136484962244704,1.5037755296015698e-05,,False
figure1_supp_lam1.5,figure1_supp,172,14,0.1006,0.100636209355214,3.620935521400637e-05,,False
figure1_supp_lam1.5,figure1_supp,173,8,0.0,0.0,0.0,,False
figure1_supp_lam1.5,figure1_supp,173,9,0.0,0.0,0.0,,False
figure1_supp_lam1.5,figure1_supp,173,10,0.7673,0.767291678160756,8.32183924392993e-06,,False
figure1_supp_lam1.5,figure1_supp,173,11,0.0968,0.0968465786002233,4.6578600223307065e-05,,False
figure1_supp_lam1.5,figure1_supp,173,12,0.0,0.0,0.0,,False
figure1_supp_lam1.5,figure1_supp,173,13,0.1359,0.135861743239021,3.825676097898856e-05,,False
figure1_supp_lam1.5,figure1_supp,173,14,0.1044,0.104445348100097,4.5348100096986865e-05,,False
figure1_supp_lam1.5,figure1_supp,174,8,0.0,0.0,0.0,,False
figure1_supp_lam1.5,figure1_supp,174,9,0.0,0.0,0.0,,False
figure1_supp_lam1.5,figure1_supp,174,10,0.7683,0.768349443260025,4.944326002498389e-05,,False
figure1_supp_lam1.5,figure1_supp,174,11,0.0964,0.0964063668793132,6.366879313199347e-06,,False
figure1_supp_lam1.5,figure1_supp,174,12,0.0,0.0,0.0,,False
figure1_supp_lam1.5,figure1_supp,174,13,0.1352,0.135244189860662,4.418986066201391e-05,,False
figure1_supp_lam1.5,figure1_supp,174,14,0.0686,0.0686315940178445,3.1594017844499556e-05,,False
figure1_supp_lam1.5,figure1_supp,175,8,0.0,0.0,0.0,,False
figure1_supp_lam1.5,figure1_supp,175,9,0.0,0.0,0.0,,False
figure1_supp_lam1.5,figure1_supp,175,10,0.7694,0.769397635824459,2.3641755410030996e-06,,False
figure1_supp_lam1.5,figure1_supp,175,11,0.096,0.095970138974882,2.9861025117997042e-05,,False
figure1_supp_lam1.5,figure1_supp,175,12,0.0,0.0,0.0,,False
figure1_supp_lam1.5,figure1_supp,175,13,0.1346,0.134632225200658,3.222520065801482e-05,,False
figure1_supp_lam1.5,figure1_supp,175,14,0.0812,0.0812077851844765,7.785184476499785e-06,,False
figure1_supp_lam1.5,figure1_supp,176,8,0.0,0.0,0.0,,False
figure1_supp_lam1.5,figure1_supp,176,9,0.0,0.0,0.0,,False
figure1_supp_lam1.5,figure1_supp,176,10,0.7704,0.770436385212637,3.638521263704675e-05,,False
figure1_supp_lam1.5,figure1_supp,176,11,0.0955,0.0955378410515717,3.7841051571702033e-05,,False
figure1_supp_lam1.5,figure1_supp,176,12,0.0,0.0,0.0,,False
figure1_supp_lam1.5,figure1_supp,176,13,0.134,0.134025773735791,2.5773735790990404e-05,,False
figure1_supp_lam1.5,figure1_supp,176,14,0.083,0.0829800657705003,1.9934229499710132e-05,,False
figure1_supp_lam1.5,figure1_supp,177,8,0.0,0.0,0.0,,False
figure1_supp_lam1.5,figure1_supp,177,9,0.0,0.0,0.0,,False
figure1_supp_lam1.5,figure1_supp,177,10,0.7715,0.771465818462805,3.4181537194921674e-05,,False
figure1_supp_lam1.5,figure1_supp,177,11,0.0951,0.0951094202396812,9.420239681201537e-06,,False
figure1_supp_lam1.5,figure1_supp,177,12,0.0,0.0,0.0,,False
figure1_supp_lam1.5,figure1_supp,177,13,0.1334,0.133424761297514,2.4761297513997693e-05,,False
figure1_supp_lam1.5,figure1_supp,177,14,0.085,0.0850421640750276,4.216407502759256e-05,,False
figure1_supp_lam1.5,figure1_supp,178,8,0.0,0.0,0.0,,False
figure1_supp_lam1.5,figure1_supp,178,9,0.0,0.0,0.0,,False
figure1_supp_lam1.5,figure1_supp,178,10,0.7725,0.772486060344667,1.3939655332917411e-05,,False
figure1_supp_lam1.5,figure1_supp,178,11,0.0947,0.0946848246136112,1.5175386388802115e-05,,False
figure1_supp_lam1.5,figure1_supp,178,12,0.0,0.0,0.0,,False
figure1_supp_lam1.5,figure1_supp,178,13,0.1328,0.132829115041721,2.911504172101176e-05,,False
figure1_supp_lam1.5,figure1_supp,178,14,0.1062,0.106186219007601,1.3780992399001213e-05,,False
figure1_supp_lam1.5,figure1_supp,179,8,0.0,0.0,0.0,,False
figure1_supp_lam1.5,figure1_supp,179,9,0.0,0.0,0.0,,False
figure1_supp_lam1.5,figure1_supp,179,10,0.7735,0.773497233409802,2.7665901979334606e-06,,False
figure1_supp_lam1.5,figure1_supp,179,11,0.0943,0.094264003170884,3.5996829115994555e-05,,False
figure1_supp_lam1.5,figure1_supp,179,12,0.0,0.0,0.0,,False
figure1_supp_lam1.5,figure1_supp,179,13,0.1322,0.132238763419313,3.8763419312998204e-05,,False
figure1_supp_lam1.5,figure1_supp,179,14,0.1039,0.103933436532278,3.3436532277997255e-05,,False
figure1_supp_lam1.5,figure1_supp,180,8,0.0,0.0,0.0,,False
figure1_supp_lam1.5,figure1_supp,180,9,0.0,0.0,0.0,,False
figure1_supp_lam1.5,figure1_supp,180,10,0.7745,0.774499458040732,5.419592680189211e-07,,False
figure1_supp_lam1.5,figure1_supp,180,11,0.0938,0.0938469058117208,4.690581172080155e-05,,False
figure1_supp_lam1.5,figure1_supp,180,12,0.0,0.0,0.0,,False
figure1_supp_lam1.5,figure1_supp,180,13,0.1317,0.131653636147547,4.636385245301855e-05,,False
figure1_supp_lam1.5,figure1_supp,180,14,0.1133,0.113271710020281,2.8289979719001157e-05,,False
figure1_supp_lam1.5,figure1_supp,181,8,0.0,0.0,0.0,,False
figure1_supp_lam1.5,figure1_supp,181,9,0.0,0.0,0.0,,False
figure1_supp_lam1.5,figure1_supp,181,10,0.7755,0.775492852498703,7.147501296933534e-06,,False
figure1_supp_lam1.5,figure1_supp,181,11,0.0934,0.0934334833191582,3.3483319158200686e-05,,False
figure1_supp_lam1.5,figure1_supp,181,12,0.0,0.0,0.0,,False
figure1_supp_lam1.5,figure1_supp,181,13,0.1311,0.131073664182139,2.6335817860989597e-05,,False
figure1_supp_lam1.5,figure1_supp,181,14,0.109,0.10897160523266,2.8394767339998128e-05,,False
figure1_supp_lam1.5,figure1_supp,182,8,0.0,0.0,0.0,,False
figure1_supp_lam1.5,figure1_supp,182,9,0.0,0.0,0.0,,False
figure1_supp_lam1.5,figure1_supp,182,10,0.7765,0.776477532970199,2.2467029801021e-05,,False
figure1_supp_lam1.5,figure1_supp,182,11,0.093,0.0930236873396882,2.368733968820258e-05,,False
figure1_supp_lam1.5,figure1_supp,182,12,0.0,0.0,0.0,,False
figure1_supp_lam1.5,figure1_supp,182,13,0.1305,0.130498779690112,1.2203098880003704e-06,,False
figure1_supp_lam1.5,figure1_supp,182,14,0.1617,0.161735114653211,3.5114653210988056e-05,,False
figure1_supp_lam1.5,figure1_supp,183,8,0.0,0.0,0.0,,False
figure1_supp_lam1.5,figure1_supp,183,9,0.0,0.0,0.0,,False
figure1_supp_lam1.5,figure1_supp,183,10,0.7775,0.777453613612251,4.638638774900894e-05,,False
figure1_supp_lam1.5,figure1_supp,183,11,0.0926,0.0926174703644058,1.747036440580274e-05,,False
figure1_supp_lam1.5,figure1_supp,183,12,0.0,0.0,0.0,,False
figure1_supp_lam1.5,figure1_supp,183,13,0.1299,0.129928916023343,2.891602334301191e-05,,False
figure1_supp_lam1.5,figure1_supp,183,14,0.065,0.0650374137900483,3.7413790048304585e-05,,False
figure1_supp_lam1.5,figure1_supp,184,8,0.0,0.0,0.0,,False
figure1_supp_lam1.5,figure1_supp,184,9,0.0,0.0,0.0,,False
figure1_supp_lam1.5,figure1_supp,184,10,0.7784,0.778421206596545,2.120659654503143e-05,,False
figure1_supp_lam1.5,figure1_supp,184,11,0.0922,0.0922147857106474,1.4785710647391426e-05,,False
figure1_supp_lam1.5,figure1_supp,184,12,0.0,0.0,0.0,,False
figure1_supp_lam1.5,figure1_supp,184,13,0.1294,0.129364007692807,3.599230719297797e-05,,False
figure1_supp_lam1.5,figure1_supp,184,14,0.0889,0.0888560807015608,4.391929843920728e-05,,False
figure1_supp_lam1.5,figure1_supp,185,8,0.0,0.0,0.0,,False
figure1_supp_lam1.5,figure1_supp,185,9,0.0,0.0,0.0,,False
figure1_supp_lam1.5,figure1_supp,185,10,0.7794,0.779380422152405,1.957784759498704e-05,,False
figure1_supp_lam1.5,figure1_supp,185,11,0.0918,0.0918155875041079,1.558750410789178e-05,,False
figure1_supp_lam1.5,figure1_supp,185,12,0.0,0.0,0.0,,False
figure1_supp_lam1.5,figure1_supp,185,13,0.1288,0.128803990343487,3.990343486998116e-06,,False
figure1_supp_lam1.5,figure1_supp,185,14,0.1092,0.109183416774985,1.6583225015007197e-05,,False
figure1_supp_lam1.5,figure1_supp,186,8,0.0,0.0,0.0,,False
figure1_supp_lam1.5,figure1_supp,186,9,0.0,0.0,0.0,,False
figure1_supp_lam1.5,figure1_supp,186,10,0.7803,0.780331368608644,3.136860864405566e-05,,False
figure1_supp_lam1.5,figure1_supp,186,11,0.0914,0.0914198306614177,1.9830661417710727e-05,,False
figure1_supp_lam1.5,figure1_supp,186,12,0.0,0.0,0.0,,False
figure1_supp_lam1.5,figure1_supp,186,13,0.1282,0.128248800729938,4.8800729937986675e-05,,False
figure1_supp_lam1.5,figure1_supp,186,14,0.1164,0.116392729627432,7.270372568007888e-06,,False
figure1_supp_lam1.5,figure1_supp,187,8,0.0,0.0,0.0,,False
figure1_supp_lam1.5,figure1_supp,187,9,0.0,0.0,0.0,,False
figure1_supp_lam1.5,figure1_supp,187,10,0.7813,0.781274152434358,2.5847565641945458e-05,,False
figure1_supp_lam1.5,figure1_supp,187,11,0.091,0.0910274708731713,2.7470873171300814e-05,,False
figure1_supp_lam1.5,figure1_supp,187,12,0.0,0.0,0.0,,False
figure1_supp_lam1.5,figure1_supp,187,13,0.1277,0.12769837669247,1.6233075300076116e-06,,False
figure1_supp_lam1.5,figure1_supp,187,14,0.149,0.148995755522929,4.2444770709804125e-06,,False
figure1_supp_lam1.5,figure1_supp,188,8,0.0,0.0,0.0,,False
figure1_supp_lam1.5,figure1_supp,188,9,0.0,0.0,0.0,,False
figure1_supp_lam1.5,figure1_supp,188,10,0.7822,0.782208878278656,8.878278656032634e-06,,False
figure1_supp_lam1.5,figure1_supp,188,11,0.0906,0.0906384645873885,3.846458738850089e-05,,False
figure1_supp_lam1.5,figure1_supp,188,12,0.0,0.0,0.0,,False
figure1_supp_lam1.5,figure1_supp,188,13,0.1272,0.127152657133955,4.734286604501925e-05,,False
figure1_supp_lam1.5,figure1_supp,188,14,0.1618,0.16182765839385,2.7658393849994134e-05,,False
figure1_supp_lam1.5,figure1_supp,189,8,0.0,0.0,0.0,,False
figure1_supp_lam1.5,figure1_supp,189,9,0.0,0.0,0.0,,False
figure1_supp_lam1.5,figure1_supp,189,10,0.7831,0.783135649009385,3.564900938501925e-05,,False
figure1_supp_lam1.5,figure1_supp,189,11,0.0903,0.0902527689933996,4.7231006600409464e-05,,False
figure1_supp_lam1.5,figure1_supp,189,12,0.0,0.0,0.0,,False
figure1_supp_lam1.5,figure1_supp,189,13,0.1266,0.126611581997215,1.1581997215015516e-05,,False
figure1_supp_lam1.5,figure1_supp,189,14,0.1499,0.149885329126266,1.4670873733996226e-05,,False
figure1_supp_lam1.5,figure1_supp,190,8,0.0,0.0,0.0,,False
figure1_supp_lam1.5,figure1_supp,190,9,0.0,0.0,0.0,,False
figure1_supp_lam1.5,figure1_supp,190,10,0.7841,0.784054565750871,4.543424912906158e-05,,False
figure1_supp_lam1.5,figure1_supp,190,11,0.0899,0.0898703420061395,2.965799386049628e-05,,False
figure1_supp_lam1.5,figure1_supp,190,12,0.0,0.0,0.0,,False
figure1_supp_lam1.5,figure1_supp,190,13,0.1261,0.12607509224299,2.490775701000092e-05,,False
figure1_supp_lam1.5,figure1_supp,190,14,0.1299,0.129923844681567,2.3844681567020132e-05,,False
figure1_supp_lam1.5,figure1_supp,191,8,0.0,0.0,0.0,,False
figure1_supp_lam1.5,figure1_supp,191,9,0.0,0.0,0.0,,False
figure1_supp_lam1.5,figure1_supp,191,10,0.785,0.784965727920698,3.427207930206677e-05,,False
figure1_supp_lam1.5,figure1_supp,191,11,0.0895,0.0894911422508393,8.857749160692818e-06,,False
figure1_supp_lam1.5,figure1_supp,191,12,0.0,0.0,0.0,,False
figure1_supp_lam1.5,figure1_supp,191,13,0.1255,0.125543129828462,4.312982846199631e-05,,False
figure1_supp_lam1.5,figure1_supp,191,14,0.1495,0.149505063600796,5.063600795995882e-06,,False
figure1_supp_lam1.5,figure1_supp,192,8,0.0,0.0,0.0,,False
figure1_supp_lam1.5,figure1_supp,192,9,0.0,0.0,0.0,,False
figure1_supp_lam1.5,figure1_supp,192,10,0.7859,0.785869233265569,3.0766734431031395e-05,,False
figure1_supp_lam1.5,figure1_supp,192,11,0.0891,0.0891151290481047,1.5129048104703391e-05,,False
figure1_supp_lam1.5,figure1_supp,192,12,0.0,0.0,0.0,,False
figure1_supp_lam1.5,figure1_supp,192,13,0.125,0.125015637686326,1.5637686326008815e-05,,False
figure1_supp_lam1.5,figure1_supp,192,14,0.1445,0.144459495223619,4.050477638098404e-05,,False
figure1_supp_lam1.5,figure1_supp,193,8,0.0,0.0,0.0,,False
figure1_supp_lam1.5,figure1_supp,193,9,0.0,0.0,0.0,,False
figure1_supp_lam1.5,figure1_supp,193,10,0.7868,0.786765177896257,3.482210374305961e-05,,False
figure1_supp_lam1.5,figure1_supp,193,11,0.0887,0.0887422623993678,4.226239936780396e-05,,False
figure1_supp_lam1.5,figure1_supp,193,12,0.0,0.0,0.0,,False
figure1_supp_lam1.5,figure1_supp,193,13,0.1245,0.124492559704375,7.440295624994153e-06,,False
figure1_supp_lam1.5,figure1_supp,193,14,0.1291,0.129055680272737,4.431972726298694e-05,,False
figure1_supp_lam1.5,figure1_supp,194,8,0.0,0.0,0.0,,False
figure1_supp_lam1.5,figure1_supp,194,9,0.0,0.0,0.0,,False
figure1_supp_lam1.5,figure1_supp,194,10,0.7877,0.787653656321689,4.6343678310911685e-05,,False
figure1_supp_lam1.5,figure1_supp,194,11,0.0884,0.0883725029727038,2.7497027296208287e-05,,False
figure1_supp_lam1.5,figure1_supp,194,12,0.0,0.0,0.0,,False
figure1_supp_lam1.5,figure1_supp,194,13,0.124,0.123973840705606,2.6159294393993116e-05,,False
figure1_supp_lam1.5,figure1_supp,194,14,0.1073,0.107277045883435,2.2954116565013227e-05,,False
figure1_supp_lam1.5,figure1_supp,195,8,0.0,0.0,0.0,,False
figure1_supp_lam1.5,figure1_supp,195,9,0.0,0.0,0.0,,False
figure1_supp_lam1.5,figure1_supp,195,10,0.7885,0.788534761482181,3.4761482181067116e-05,,False
figure1_supp_lam1.5,figure1_supp,195,11,0.088,0.0880058120889996,5.812088999607168e-06,,False
figure1_supp_lam1.5,figure1_supp,195,12,0.0,0.0,0.0,,False
figure1_supp_lam1.5,figure1_supp,195,13,0.1235,0.12345942642882,4.057357117999427e-05,,False
figure1_supp_lam1.5,figure1_supp,195,14,0.0998,0.099757071489189,4.292851081100224e-05,,False
figure1_supp_lam1.5,figure1_supp,196,8,0.0,0.0,0.0,,False
figure1_supp_lam1.5,figure1_supp,196,9,0.0,0.0,0.0,,False
figure1_supp_lam1.5,figure1_supp,196,10,0.7894,0.789408584781841,8.58478184095901e-06,,False
figure1_supp_lam1.5,figure1_supp,196,11,0.0876,0.0876421517084666,4.2151708466608984e-05,,False
figure1_supp_lam1.5,figure1_supp,196,12,0.0,0.0,0.0,,False
figure1_supp_lam1.5,figure1_supp,196,13,0.1229,0.122949263509692,4.926350969200466e-05,,False
figure1_supp_lam1.5,figure1_supp,196,14,0.0683,0.0682602693958748,3.973060412519602e-05,,False
figure1_supp_lam1.5,figure1_supp,197,8,0.2694,0.269381323764913,1.867623508694516e-05,,False
figure1_supp_lam1.5,figure1_supp,197,9,0.9982,0.998219832108652,1.9832108651973712e-05,,False
figure1_supp_lam1.5,figure1_supp,197,10,0.7862,0.78616731557653,3.268442347004186e-05,,False
figure1_supp_lam1.5,figure1_supp,197,11,0.0873,0.0872814844174852,1.8515582514797013e-05,,False
figure1_supp_lam1.5,figure1_supp,197,12,0.0,0.0,0.0,,False
figure1_supp_lam1.5,figure1_supp,197,13,0.1266,0.126551200005984,4.879999401599666e-05,,False
figure1_supp_lam1.5,figure1_supp,197,14,0.1023,0.102327124736731,2.7124736730999022e-05,,False
figure1_supp_lam1.5,figure1_supp,198,8,0.0,0.0,0.0,,False
figure1_supp_lam1.5,figure1_supp,198,9,0.0,0.0,0.0,,False
figure1_supp_lam1.5,figure1_supp,198,10,0.787,0.787041811061713,4.1811061712970776e-05,,False
figure1_supp_lam1.5,figure1_supp,198,11,0.087,0.0869612507258386,3.874927416139262e-05,,False
figure1_supp_lam1.5,figure1_supp,198,12,0.0,0.0,0.0,,False
figure1_supp_lam1.5,figure1_supp,198,13,0.126,0.125996938212448,3.061787551994488e-06,,False
figure1_supp_lam1.5,figure1_supp,198,14,0.1029,0.102891950756479,8.049243521005e-06,,False
figure1_supp_lam1.5,figure1_supp,199,8,0.2609,0.260851403577758,4.859642224203098e-05,,False
figure1_supp_lam1.5,figure1_supp,199,9,0.7694,0.769390590016234,9.409983765973351e-06,,False
figure1_supp_lam1.5,figure1_supp,199,10,0.7838,0.783836575829471,3.657582947091953e-05,,False
figure1_supp_lam1.5,figure1_supp,199,11,0.0875,0.0875403894201058,4.0389420105799156e-05,,False
figure1_supp_lam1.5,figure1_supp,199,12,0.0,0.0,0.0,,False
figure1_supp_lam1.5,figure1_supp,199,13,0.1286,0.128623034750423,2.3034750423006622e-05,,False
figure1_supp_lam1.5,figure1_supp,199,14,0.1006,0.100563982479731,3.601752026899385e-05,,False
figure1_supp_lam1.5,figure1_supp,200,8,0.3598,0.359767841842235,3.215815776502762e-05,,False
figure1_supp_lam1.5,figure1_supp,200,9,1.0,1.0,0.0,,False
figure1_supp_lam1.5,figure1_supp,200,10,0.7806,0.78062796622291,2.796622291001416e-05,,False
figure1_supp_lam1.5,figure1_supp,200,11,0.0871,0.0870928895529274,7.110447072591897e-06,,False
figure1_supp_lam1.5,figure1_supp,200,12,0.0,0.0,0.0,,False
figure1_supp_lam1.5,figure1_supp,200,13,0.1323,0.132279144224163,2.0855775836992052e-05,,False
figure1_supp_lam1.5,figure1_supp,200,14,0.0997,0.0996828155939969,1.7184406003095676e-05,,False
figure1_supp_lam1.5,figure1_supp,201,8,0.3875,0.387474143013942,2.5856986058003795e-05,,False
figure1_supp_lam1.5,figure1_supp,201,9,0.0,0.0,0.0,,False
figure1_supp_lam1.5,figure1_supp,201,10,0.7775,0.777475688086183,2.4311913817021136e-05,,False
figure1_supp_lam1.5,figure1_supp,201,11,0.0909,0.0908636801778342,3.631982216580065e-05,,False
figure1_supp_lam1.5,figure1_supp,201,12,0.0,0.0,0.0,,False
figure1_supp_lam1.5,figure1_supp,201,13,0.1317,0.131660631735982,3.936826401801374e-05,,False
figure1_supp_lam1.5,figure1_supp,201,14,0.1516,0.151571894977902,2.810502209801835e-05,,False
figure1_supp_lam1.5,figure1_supp,202,8,0.0,0.0,0.0,,False
figure1_supp_lam1.5,figure1_supp,202,9,0.0,0.0,0.0,,False
figure1_supp_lam1.5,figure1_supp,202,10,0.7784,0.77837218936843,2.7810631569979982e-05,,False
figure1_supp_lam1.5,figure1_supp,202,11,0.0905,0.0904899750448188,1.0024955181195394e-05,,False
figure1_supp_lam1.5,figure1_supp,202,12,0.0,0.0,0.0,,False
figure1_supp_lam1.5,figure1_supp,202,13,0.1311,0.131137835586751,3.7835586750994965e-05,,False
figure1_supp_lam1.5,figure1_supp,202,14,0.1474,0.147361744748591,3.8255251408991775e-05,,False
figure1_supp_lam1.5,figure1_supp,203,8,0.0,0.0,0.0,,False
figure1_supp_lam1.5,figure1_supp,203,9,0.0,0.0,0.0,,False
figure1_supp_lam1.5,figure1_supp,203,10,0.7793,0.779262260897071,3.773910292903526e-05,,False
figure1_supp_lam1.5,figure1_supp,203,11,0.0901,0.090126561490422,2.6561490422002954e-05,,False
figure1_supp_lam1.5,figure1_supp,203,12,0.0,0.0,0.0,,False
figure1_supp_lam1.5,figure1_supp,203,13,0.1306,0.130611177612507,1.117761250701843e-05,,False
figure1_supp_lam1.5,figure1_supp,203,14,0.1512,0.151211742751777,1.1742751777010785e-05,,False
figure1_supp_lam1.5,figure1_supp,204,8,0.0,0.0,0.0,,False
figure1_supp_lam1.5,figure1_supp,204,9,0.0,0.0,0.0,,False
figure1_supp_lam1.5,figure1_supp,204,10,0.7801,0.780145211853482,4.521185348194123e-05,,False
figure1_supp_lam1.5,figure1_supp,204,11,0.0898,0.0897660552444603,3.3944755539708216e-05,,False
figure1_supp_lam1.5,figure1_supp,204,12,0.0,0.0,0.0,,False
figure1_supp_lam1.5,figure1_supp,204,13,0.1301,0.130088732902057,1.1267097942996296e-05,,False
figure1_supp_lam1.5,figure1_supp,204,14,0.1394,0.13941937364601,1.9373646010012457e-05,,False
figure1_supp_lam1.5,figure1_supp,205,8,0.0,0.0,0.0,,False
figure1_supp_lam1.5,figure1_supp,205,9,0.0,0.0,0.0,,False
figure1_supp_lam1.5,figure1_supp,205,10,0.781,0.781021127344106,2.112734410597561e-05,,False
figure1_supp_lam1.5,figure1_supp,205,11,0.0894,0.0894084215582274,8.421558227403314e-06,,False
figure1_supp_lam1.5,figure1_supp,205,12,0.0,0.0,0.0,,False
figure1_supp_lam1.5,figure1_supp,205,13,0.1296,0.129570451097667,2.9548902333004223e-05,,False
figure1_supp_lam1.5,figure1_supp,205,14,0.1462,0.146176072092742,2.392790725799787e-05,,False
figure1_supp_lam1.5,figure1_supp,206,8,0.0,0.0,0.0,,False
figure1_supp_lam1.5,figure1_supp,206,9,0.0,0.0,0.0,,False
figure1_supp_lam1.5,figure1_supp,206,10,0.7819,0.781890091124486,9.90887551399755e-06,,False
figure1_supp_lam1.5,figure1_supp,206,11,0.0891,0.0890536262345836,4.637376541639926e-05,,False
figure1_supp_lam1.5,figure1_supp,206,12,0.0,0.0,0.0,,False
figure1_supp_lam1.5,figure1_supp,206,13,0.1291,0.12905628264093,4.371735906999463e-05,,False
figure1_supp_lam1.5,figure1_supp,206,14,0.1368,0.13681090582204,1.0905822039997126e-05,,False
figure1_supp_lam1.5,figure1_supp,207,8,0.0,0.0,0.0,,False
figure1_supp_lam1.5,figure1_supp,207,9,0.0,0.0,0.0,,False
figure1_supp_lam1.5,figure1_supp,207,10,0.7828,0.782752185625971,4.781437402900934e-05,,False
figure1_supp_lam1.5,figure1_supp,207,11,0.0887,0.0887016356170556,1.6356170556008909e-06,,False
figure1_supp_lam1.5,figure1_supp,207,12,0.0,0.0,0.0,,False
figure1_supp_lam1.5,figure1_supp,207,13,0.1285,0.128546178756974,4.617875697399132e-05,,False
figure1_supp_lam1.5,figure1_supp,207,14,0.1331,0.133125001607673,2.5001607672991977e-05,,False
figure1_supp_lam1.5,figure1_supp,208,8,0.0,0.0,0.0,,False
figure1_supp_lam1.5,figure1_supp,208,9,0.0,0.0,0.0,,False
figure1_supp_lam1.5,figure1_supp,208,10,0.7836,0.783607491981774,7.491981774077061e-06,,False
figure1_supp_lam1.5,figure1_supp,208,11,0.0884,0.0883524165791932,4.7583420806809884e-05,,False
figure1_supp_lam1.5,figure1_supp,208,12,0.0,0.0,0.0,,False
figure1_supp_lam1.5,figure1_supp,208,13,0.128,0.128040091439033,4.00914390329965e-05,,False
figure1_supp_lam1.5,figure1_supp,208,14,0.1544,0.154397168259565,2.8317404349997854e-06,,False
figure1_supp_lam1.5,figure1_supp,209,8,0.0,0.0,0.0,,False
figure1_supp_lam1.5,figure1_supp,209,9,0.0,0.0,0.0,,False
figure1_supp_lam1.5,figure1_supp,209,10,0.7845,0.784456090052434,4.390994756597877e-05,,False
figure1_supp_lam1.5,figure1_supp,209,11,0.088,0.0880059365141767,5.93651417669927e-06,,False
figure1_supp_lam1.5,figure1_supp,209,12,0.0,0.0,0.0,,False
figure1_supp_lam1.5,figure1_supp,209,13,0.1275,0.12753797343339,3.7973433389987266e-05,,False
figure1_supp_lam1.5,figure1_supp,209,14,0.1732,0.173223979152047,2.3979152046993413e-05,,False
figure1_supp_lam1.5,figure1_supp,210,8,0.0,0.0,0.0,,False
figure1_supp_lam1.5,figure1_supp,210,9,0.0,0.0,0.0,,False
figure1_supp_lam1.5,figure1_supp,210,10,0.7853,0.785298058450666,1.941549333972503e-06,,False
figure1_supp_lam1.5,figure1_supp,210,11,0.0877,0.0876621633246682,3.783667533180379e-05,,False
figure1_supp_lam1.5,figure1_supp,210,12,0.0,0.0,0.0,,False
figure1_supp_lam1.5,figure1_supp,210,13,0.127,0.127039778224665,3.977822466499914e-05,,False
figure1_supp_lam1.5,figure1_supp,210,14,0.1669,0.166949267199943,4.926719994299833e-05,,False
figure1_supp_lam1.5,figure1_supp,211,8,0.0,0.0,0.0,,False
figure1_supp_lam1.5,figure1_supp,211,9,0.0,0.0,0.0,,False
figure1_supp_lam1.5,figure1_supp,211,10,0.7861,0.786133474565644,3.34745656439539e-05,,False
figure1_supp_lam1.5,figure1_supp,211,11,0.0873,0.0873210654128991,2.1065412899090585e-05,,False
figure1_supp_lam1.5,figure1_supp,211,12,0.0,0.0,0.0,,False
figure1_supp_lam1.5,figure1_supp,211,13,0.1265,0.126545460021457,4.546002145700001e-05,,False
figure1_supp_lam1.5,figure1_supp,211,14,0.1754,0.175365602877618,3.439712238201276e-05,,False
figure1_supp_lam1.5,figure1_supp,212,8,0.0,0.0,0.0,,False
figure1_supp_lam1.5,figure1_supp,212,9,0.0,0.0,0.0,,False
figure1_supp_lam1.5,figure1_supp,212,10,0.787,0.786962414586707,3.758541329301757e-05,,False
figure1_supp_lam1.5,figure1_supp,212,11,0.087,0.0869826116709887,1.73883290112975e-05,,False
figure1_supp_lam1.5,figure1_supp,212,12,0.0,0.0,0.0,,False
figure1_supp_lam1.5,figure1_supp,212,13,0.1261,0.126054973742304,4.502625769597923e-05,,False
figure1_supp_lam1.5,figure1_supp,212,14,0.226,0.226035051503465,3.505150346500008e-05,,False
figure1_supp_lam1.5,figure1_supp,213,8,0.0,0.0,0.0,,False
figure1_supp_lam1.5,figure1_supp,213,9,0.0,0.0,0.0,,False
figure1_supp_lam1.5,figure1_supp,213,10,0.7878,0.787784953526527,1.5046473472946076e-05,,False
figure1_supp_lam1.5,figure1_supp,213,11,0.0866,0.0866467714714868,4.6771471486808935e-05,,False
figure1_supp_lam1.5,figure1_supp,213,12,0.0,0.0,0.0,,False
figure1_supp_lam1.5,figure1_supp,213,13,0.1256,0.125568275001986,3.172499801398776e-05,,False
figure1_supp_lam1.5,figure1_supp,213,14,0.1753,0.175309747556075,9.747556074996e-06,,False
figure1_supp_lam1.5,figure1_supp,214,8,0.0,0.0,0.0,,False
figure1_supp_lam1.5,figure1_supp,214,9,0.0,0.0,0.0,,False
figure1_supp_lam1.5,figure1_supp,214,10,0.7886,0.788601165243733,1.1652437330589294e-06,,False
figure1_supp_lam1.5,figure1_supp,214,11,0.0863,0.0863135146581349,1.3514658134899937e-05,,False
figure1_supp_lam1.5,figure1_supp,214,12,0.0,0.0,0.0,,False
figure1_supp_lam1.5,figure1_supp,214,13,0.1251,0.125085320098132,1.4679901867986622e-05,,False
figure1_supp_lam1.5,figure1_supp,214,14,0.1817,0.181651308997763,4.869100223700573e-05,,False
figure1_supp_lam1.5,figure1_supp,215,8,0.0,0.0,0.0,,False
figure1_supp_lam1.5,figure1_supp,215,9,0.0,0.0,0.0,,False
figure1_supp_lam1.5,figure1_supp,215,10,0.7894,0.789411122465021,1.112246502099623e-05,,False
figure1_supp_lam1.5,figure1_supp,215,11,0.086,0.0859828115368393,1.718846316069167e-05,,False
figure1_supp_lam1.5,figure1_supp,215,12,0.0,0.0,0.0,,False
figure1_supp_lam1.5,figure1_supp,215,13,0.1246,0.124606065998139,6.065998139001549e-06,,False
figure1_supp_lam1.5,figure1_supp,215,14,0.1494,0.149353478829385,4.652117061501593e-05,,False
figure1_supp_lam1.5,figure1_supp,216,8,0.0,0.0,0.0,,False
figure1_supp_lam1.5,figure1_supp,216,9,0.0,0.0,0.0,,False
figure1_supp_lam1.5,figure1_supp,216,10,0.7902,0.790214896806758,1.489680675803573e-05,,False
figure1_supp_lam1.5,figure1_supp,216,11,0.0857,0.0856546328668514,4.536713314859386e-05,,False
figure1_supp_lam1.5,figure1_supp,216,12,0.0,0.0,0.0,,False
figure1_supp_lam1.5,figure1_supp,216,13,0.1241,0.124130470326391,3.0470326391002223e-05,,False
figure1_supp_lam1.5,figure1_supp,216,14,0.1349,0.134876849109811,2.3150890189005402e-05,,False
figure1_supp_lam1.5,figure1_supp,217,8,0.0,0.0,0.0,,False
figure1_supp_lam1.5,figure1_supp,217,9,0.0,0.0,0.0,,False
figure1_supp_lam1.5,figure1_supp,217,10,0.791,0.791012558796086,1.255879608597077e-05,,False
figure1_supp_lam1.5,figure1_supp,217,11,0.0853,0.0853289498521485,2.8949852148504873e-05,,False
figure1_supp_lam1.5,figure1_supp,217,12,0.0,0.0,0.0,,False
figure1_supp_lam1.5,figure1_supp,217,13,0.1237,0.123658491351766,4.15086482340038e-05,,False
figure1_supp_lam1.5,figure1_supp,217,14,0.1204,0.120437166764069,3.716676406900765e-05,,False
figure1_supp_lam1.5,figure1_supp,218,8,0.0,0.0,0.0,,False
figure1_supp_lam1.5,figure1_supp,218,9,0.0,0.0,0.0,,False
figure1_supp_lam1.5,figure1_supp,218,10,0.7918,0.791804177891555,4.177891555046109e-06,,False
figure1_supp_lam1.5,figure1_supp,218,11,0.085,0.0850057341330116,5.734133011595088e-06,,False
figure1_supp_lam1.5,figure1_supp,218,12,0.0,0.0,0.0,,False
figure1_supp_lam1.5,figure1_supp,218,13,0.1232,0.123190087975433,9.91202456700202e-06,,False
figure1_supp_lam1.5,figure1_supp,218,14,0.1173,0.117345379960378,4.537996037799752e-05,,False
figure1_supp_lam1.5,figure1_supp,219,8,0.0,0.0,0.0,,False
figure1_supp_lam1.5,figure1_supp,219,9,0.0,0.0,0.0,,False
figure1_supp_lam1.5,figure1_supp,219,10,0.7926,0.792589822503285,1.0177496714947054e-05,,False
figure1_supp_lam1.5,figure1_supp,219,11,0.0847,0.0846849577777927,1.5042222207301004e-05,,False
figure1_supp_lam1.5,figure1_supp,219,12,0.0,0.0,0.0,,False
figure1_supp_lam1.5,figure1_supp,219,13,0.1227,0.122725219718922,2.5219718921998258e-05,,False
figure1_supp_lam1.5,figure1_supp,219,14,0.1088,0.108829638561566,2.9638561566000532e-05,,False
figure1_supp_lam1.5,figure1_supp,220,8,0.3272,0.327222482790992,2.248279099198447e-05,,False
figure1_supp_lam1.5,figure1_supp,220,9,0.2257,0.225664972511475,3.5027488525019024e-05,,False
figure1_supp_lam1.5,figure1_supp,220,10,0.7896,0.78961531532218,1.531532218002063e-05,,False
figure1_supp_lam1.5,figure1_supp,220,11,0.0873,0.0872724734070459,2.7526592954102425e-05,,False
figure1_supp_lam1.5,figure1_supp,220,12,0.0,0.0,0.0,,False
figure1_supp_lam1.5,figure1_supp,220,13,0.1231,0.123112211270774,1.2211270773998528e-05,,False
figure1_supp_lam1.5,figure1_supp,220,14,0.1123,0.112317406089059,1.7406089059007757e-05,,False
figure1_supp_lam1.5,figure1_supp,221,8,0.2467,0.246740569649261,4.0569649260996377e-05,,False
figure1_supp_lam1.5,figure1_supp,221,9,0.7573,0.75734893811464,4.893811464001807e-05,,False
figure1_supp_lam1.5,figure1_supp,221,10,0.7867,0.786659282688843,4.071731115695698e-05,,False
figure1_supp_lam1.5,figure1_supp,221,11,0.0879,0.0879185168597502,1.851685975019779e-05,,False
figure1_supp_lam1.5,figure1_supp,221,12,0.0,0.0,0.0,,False
figure1_supp_lam1.5,figure1_supp,221,13,0.1254,0.125422200451407,2.2200451406995114e-05,,False
figure1_supp_lam1.5,figure1_supp,221,14,0.1957,0.195655318744046,4.468125595402661e-05,,False
figure1_supp_lam1.5,figure1_supp,222,8,0.2622,0.262247475087397,4.747508739699757e-05,,False
figure1_supp_lam1.5,figure1_supp,222,9,0.7521,0.752118622216709,1.8622216709007766e-05,,False
figure1_supp_lam1.5,figure1_supp,222,10,0.7837,0.783730654197274,3.0654197273993766e-05,,False
figure1_supp_lam1.5,figure1_supp,222,11,0.0885,0.0885398443823643,3.98443823643041e-05,,False
figure1_supp_lam1.5,figure1_supp,222,12,0.0,0.0,0.0,,False
figure1_supp_lam1.5,figure1_supp,222,13,0.1277,0.127729501420362,2.9501420361982555e-05,,False
figure1_supp_lam1.5,figure1_supp,222,14,0.155,0.154995371961149,4.628038851012262e-06,,False
figure1_supp_lam1.5,figure1_supp,223,8,0.2906,0.290567823130484,3.217686951600962e-05,,False
figure1_supp_lam1.5,figure1_supp,223,9,1.0,1.0,0.0,,False
figure1_supp_lam1.5,figure1_supp,223,10,0.7808,0.780814631209634,1.4631209633964026e-05,,False
figure1_supp_lam1.5,figure1_supp,223,11,0.0882,0.0881897058499476,1.029415005239509e-05,,False
figure1_supp_lam1.5,figure1_supp,223,12,0.0,0.0,0.0,,False
figure1_supp_lam1.5,figure1_supp,223,13,0.131,0.130995662940418,4.3370595819991475e-06,,False
figure1_supp_lam1.5,figure1_supp,223,14,0.1601,0.160091051963733,8.948036266998027e-06,,False
figure1_supp_lam1.5,figure1_supp,224,8,0.0,0.0,0.0,,False
figure1_supp_lam1.5,figure1_supp,224,9,0.0,0.0,0.0,,False
figure1_supp_lam1.5,figure1_supp,224,10,0.7816,0.781627657723352,2.765772335200367e-05,,False
figure1_supp_lam1.5,figure1_supp,224,11,0.0879,0.0878881414613576,1.1858538642411931e-05,,False
figure1_supp_lam1.5,figure1_supp,224,12,0.0,0.0,0.0,,False
figure1_supp_lam1.5,figure1_supp,224,13,0.1305,0.130484200815291,1.5799184709008873e-05,,False
figure1_supp_lam1.5,figure1_supp,224,14,0.1706,0.170606245999987,6.24599998699793e-06,,False
figure1_supp_lam1.5,figure1_supp,225,8,0.0,0.0,0.0,,False
figure1_supp_lam1.5,figure1_supp,225,9,0.0,0.0,0.0,,False
figure1_supp_lam1.5,figure1_supp,225,10,0.7824,0.782433459724373,3.345972437296396e-05,,False
figure1_supp_lam1.5,figure1_supp,225,11,0.0876,0.0875638309762604,3.6169023739596184e-05,,False
figure1_supp_lam1.5,figure1_supp,225,12,0.0,0.0,0.0,,False
figure1_supp_lam1.5,figure1_supp,225,13,0.13,0.130002709299367,2.7092993669930454e-06,,False
figure1_supp_lam1.5,figure1_supp,225,14,0.1776,0.177604652883139,4.652883139000252e-06,,False
figure1_supp_lam1.5,figure1_supp,226,8,0.0,0.0,0.0,,False
figure1_supp_lam1.5,figure1_supp,226,9,0.0,0.0,0.0,,False
figure1_supp_lam1.5,figure1_supp,226,10,0.7832,0.78323333671068,3.333671067995425e-05,,False
figure1_supp_lam1.5,figure1_supp,226,11,0.0872,0.0872419051270829,4.190512708289462e-05,,False
figure1_supp_lam1.5,figure1_supp,226,12,0.0,0.0,0.0,,False
figure1_supp_lam1.5,figure1_supp,226,13,0.1295,0.129524758162237,2.4758162236987458e-05,,False
figure1_supp_lam1.5,figure1_supp,226,14,0.1608,0.160815521205467,1.552120546699509e-05,,False
figure1_supp_lam1.5,figure1_supp,227,8,0.0,0.0,0.0,,False
figure1_supp_lam1.5,figure1_supp,227,9,0.0,0.0,0.0,,False
figure1_supp_lam1.5,figure1_supp,227,10,0.784,0.784027353792326,2.7353792325990334e-05,,False
figure1_supp_lam1.5,figure1_supp,227,11,0.0869,0.086922337709035,2.2337709034994657e-05,,False
figure1_supp_lam1.5,figure1_supp,227,12,0.0,0.0,0.0,,False
figure1_supp_lam1.5,figure1_supp,227,13,0.1291,0.129050308498639,4.969150136099887e-05,,False
figure1_supp_lam1.5,figure1_supp,227,14,0.1744,0.17443741543227,3.741543227001043e-05,,False
figure1_supp_lam1.5,figure1_supp,228,8,0.0,0.0,0.0,,False
figure1_supp_lam1.5,figure1_supp,228,9,0.0,0.0,0.0,,False
figure1_supp_lam1.5,figure1_supp,228,10,0.7848,0.78481557512885,1.557512884997614e-05,,False
figure1_supp_lam1.5,figure1_supp,228,11,0.0866,0.0866051028998779,5.102899877901246e-06,,False
figure1_supp_lam1.5,figure1_supp,228,12,0.0,0.0,0.0,,False
figure1_supp_lam1.5,figure1_supp,228,13,0.1286,0.128579321971272,2.0678028727988407e-05,,False
figure1_supp_lam1.5,figure1_supp,228,14,0.1987,0.198654021917205,4.5978082794995156e-05,,False
figure1_supp_lam1.5,figure1_supp,229,8,0.0,0.0,0.0,,False
figure1_supp_lam1.5,figure1_supp,229,9,0.0,0.0,0.0,,False
figure1_supp_lam1.5,figure1_supp,229,10,0.7856,0.785598063946564,1.9360534360135517e-06,,False
figure1_supp_lam1.5,figure1_supp,229,11,0.0863,0.0862901752529693,9.824747030706682e-06,,False
figure1_supp_lam1.5,figure1_supp,229,12,0.0,0.0,0.0,,False
figure1_supp_lam1.5,figure1_supp,229,13,0.1281,0.128111760800467,1.176080046699779e-05,,False
figure1_supp_lam1.5,figure1_supp,229,14,0.2021,0.202052003584149,4.7996415851014884e-05,,False
figure1_supp_lam1.5,figure1_supp,230,8,0.0,0.0,0.0,,False
figure1_supp_lam1.5,figure1_supp,230,9,0.0,0.0,0.0,,False
figure1_supp_lam1.5,figure1_supp,230,10,0.7864,0.786374882555453,2.5117444547029244e-05,,False
figure1_supp_lam1.5,figure1_supp,230,11,0.086,0.0859775296904585,2.2470309541486322e-05,,False
figure1_supp_lam1.5,figure1_supp,230,12,0.0,0.0,0.0,,False
figure1_supp_lam1.5,figure1_supp,230,13,0.1276,0.127647587754089,4.758775408900129e-05,,False
figure1_supp_lam1.5,figure1_supp,230,14,0.2117,0.211747571895382,4.757189538198703e-05,,False
figure1_supp_lam1.5,figure1_supp,231,8,0.0,0.0,0.0,,False
figure1_supp_lam1.5,figure1_supp,231,9,0.0,0.0,0.0,,False
figure1_supp_lam1.5,figure1_supp,231,10,0.7871,0.787146092365722,4.60923657219503e-05,,False
figure1_supp_lam1.5,figure1_supp,231,11,0.0857,0.0856671414966302,3.2858503369800895e-05,,False
figure1_supp_lam1.5,figure1_supp,231,12,0.0,0.0,0.0,,False
figure1_supp_lam1.5,figure1_supp,231,13,0.1272,0.127186766137648,1.323386235199675e-05,,False
figure1_supp_lam1.5,figure1_supp,231,14,0.2194,0.219376206264888,2.3793735112020986e-05,,False
figure1_supp_lam1.5,figure1_supp,232,8,0.0,0.0,0.0,,False
figure1_supp_lam1.5,figure1_supp,232,9,0.0,0.0,0.0,,False
figure1_supp_lam1.5,figure1_supp,232,10,0.7879,0.787911753903975,1.1753903975009194e-05,,False
figure1_supp_lam1.5,figure1_supp,232,11,0.0854,0.0853589863113905,4.101368860950916e-05,,False
figure1_supp_lam1.5,figure1_supp,232,12,0.0,0.0,0.0,,False
figure1_supp_lam1.5,figure1_supp,232,13,0.1267,0.126729259784635,2.9259784634999564e-05,,False
figure1_supp_lam1.5,figure1_supp,232,14,0.2351,0.235148824409214,4.882440921399889e-05,,False
figure1_supp_lam1.5,figure1_supp,233,8,0.0,0.0,0.0,,False
figure1_supp_lam1.5,figure1_supp,233,9,0.0,0.0,0.0,,False
figure1_supp_lam1.5,figure1_supp,233,10,0.7887,0.78867192682905,2.807317094999373e-05,,False
figure1_supp_lam1.5,figure1_supp,233,11,0.0851,0.0850530401238945,4.6959876105492904e-05,,False
figure1_supp_lam1.5,figure1_supp,233,12,0.0,0.0,0.0,,False
figure1_supp_lam1.5,figure1_supp,233,13,0.1263,0.126275033047055,2.4966952944988074e-05,,False
figure1_supp_lam1.5,figure1_supp,233,14,0.1326,0.132586174816852,1.382518314799186e-05,,False
figure1_supp_lam1.5,figure1_supp,234,8,0.0,0.0,0.0,,False
figure1_supp_lam1.5,figure1_supp,234,9,0.0,0.0,0.0,,False
figure1_supp_lam1.5,figure1_supp,234,10,0.7894,0.789426669947518,2.666994751798768e-05,,False
figure1_supp_lam1.5,figure1_supp,234,11,0.0847,0.0847492792663091,4.927926630909907e-05,,False
figure1_supp_lam1.5,figure1_supp,234,12,0.0,0.0,0.0,,False
figure1_supp_lam1.5,figure1_supp,234,13,0.1258,0.125824050786173,2.405078617301326e-05,,False
figure1_supp_lam1.5,figure1_supp,234,14,0.1383,0.13827858904581,2.1410954190004272e-05,,False
figure1_supp_lam1.5,figure1_supp,235,8,0.0,0.0,0.0,,False
figure1_supp_lam1.5,figure1_supp,235,9,0.0,0.0,0.0,,False
figure1_supp_lam1.5,figure1_supp,235,10,0.7902,0.790176041228843,2.3958771157017722e-05,,False
figure1_supp_lam1.5,figure1_supp,235,11,0.0844,0.0844476804077101,4.7680407710096184e-05,,False
figure1_supp_lam1.5,figure1_supp,235,12,0.0,0.0,0.0,,False
figure1_supp_lam1.5,figure1_supp,235,13,0.1254,0.125376278363446,2.3721636554008274e-05,,False
figure1_supp_lam1.5,figure1_supp,235,14,0.0387,0.0386801032437598,1.989675624020082e-05,,False
figure1_supp_lam1.5,figure1_supp,236,8,0.0,0.0,0.0,,False
figure1_supp_lam1.5,figure1_supp,236,9,0.0,0.0,0.0,,False
figure1_supp_lam1.5,figure1_supp,236,10,0.7909,0.79092009782023,2.0097820229936225e-05,,False
figure1_supp_lam1.5,figure1_supp,236,11,0.0841,0.0841482205481084,4.822054810840748e-05,,False
figure1_supp_lam1.5,figure1_supp,236,12,0.0,0.0,0.0,,False
figure1_supp_lam1.5,figure1_supp,236,13,0.1249,0.124931681631661,3.1681631661006904e-05,,False
figure1_supp_lam1.5,figure1_supp,236,14,0.0441,0.0440574620870571,4.2537912942897105e-05,,False
figure1_supp_lam1.5,figure1_supp,237,8,0.0,0.0,0.0,,False
figure1_supp_lam1.5,figure1_supp,237,9,0.0,0.0,0.0,,False
figure1_supp_lam1.5,figure1_supp,237,10,0.7917,0.791658896061149,4.110393885092822e-05,,False
figure1_supp_lam1.5,figure1_supp,237,11,0.0839,0.0838508770126027,4.9122987397301476e-05,,False
figure1_supp_lam1.5,figure1_supp,237,12,0.0,0.0,0.0,,False
figure1_supp_lam1.5,figure1_supp,237,13,0.1245,0.124490226926249,9.773073750996009e-06,,False
figure1_supp_lam1.5,figure1_supp,237,14,0.0525,0.0525036286595525,3.6286595525014675e-06,,False
figure1_supp_lam1.5,figure1_supp,238,8,0.0,0.0,0.0,,False
figure1_supp_lam1.5,figure1_supp,238,9,0.0,0.0,0.0,,False
figure1_supp_lam1.5,figure1_supp,238,10,0.7924,0.792392491497553,7.50850244701784e-06,,False
figure1_supp_lam1.5,figure1_supp,238,11,0.0836,0.0835556274456569,4.437255434310006e-05,,False
figure1_supp_lam1.5,figure1_supp,238,12,0.0,0.0,0.0,,False
figure1_supp_lam1.5,figure1_supp,238,13,0.1241,0.12405188105679,4.811894320999599e-05,,False
figure1_supp_lam1.5,figure1_supp,238,14,0.0698,0.0697502498611973,4.975013880270662e-05,,False
figure1_supp_lam1.5,figure1_supp,239,8,0.0,0.0,0.0,,False
figure1_supp_lam1.5,figure1_supp,239,9,0.0,0.0,0.0,,False
figure1_supp_lam1.5,figure1_supp,239,10,0.7931,0.793120938895807,2.0938895807010027e-05,,False
figure1_supp_lam1.5,figure1_supp,239,11,0.0833,0.0832624498054966,3.7550194503396805e-05,,False
figure1_supp_lam1.5,figure1_supp,239,12,0.0,0.0,0.0,,False
figure1_supp_lam1.5,figure1_supp,239,13,0.1236,0.123616611298696,1.66112986959982e-05,,False
figure1_supp_lam1.5,figure1_supp,239,14,0.0655,0.0654593879128744,4.061208712560771e-05,,False
figure1_supp_lam1.5,figure1_supp,240,8,0.0,0.0,0.0,,False
figure1_supp_lam1.5,figure1_supp,240,9,0.0,0.0,0.0,,False
figure1_supp_lam1.5,figure1_supp,240,10,0.7938,0.793844292256311,4.42922563110848e-05,,False
figure1_supp_lam1.5,figure1_supp,240,11,0.083,0.0829713223586243,2.8677641375707275e-05,,False
figure1_supp_lam1.5,figure1_supp,240,12,0.0,0.0,0.0,,False
figure1_supp_lam1.5,figure1_supp,240,13,0.1232,0.123184385385065,1.5614614935002824e-05,,False
figure1_supp_lam1.5,figure1_supp,240,14,0.0856,0.0856348380624971,3.4838062497100086e-05,,False
figure1_supp_lam1.5,figure1_supp,241,8,0.0,0.0,0.0,,False
figure1_supp_lam1.5,figure1_supp,241,9,0.0,0.0,0.0,,False
figure1_supp_lam1.5,figure1_supp,241,10,0.7946,0.794562604826847,3.739517315293206e-05,,False
figure1_supp_lam1.5,figure1_supp,241,11,0.0827,0.0826822236744479,1.7776325552096295e-05,,False
figure1_supp_lam1.5,figure1_supp,241,12,0.0,0.0,0.0,,False
figure1_supp_lam1.5,figure1_supp,241,13,0.1228,0.122755171498705,4.4828501295002265e-05,,False
figure1_supp_lam1.5,figure1_supp,241,14,0.1039,0.103853862978223,4.61370217770124e-05,,False
figure1_supp_lam1.5,figure1_supp,242,8,0.0,0.0,0.0,,False
figure1_supp_lam1.5,figure1_supp,242,9,0.0,0.0,0.0,,False
figure1_supp_lam1.5,figure1_supp,242,10,0.7953,0.795275929115642,2.4070884357962896e-05,,False
figure1_supp_lam1.5,figure1_supp,242,11,0.0824,0.0823951326200228,4.8673799771942194e-06,,False
figure1_supp_lam1.5,figure1_supp,242,12,0.0,0.0,0.0,,False
figure1_supp_lam1.5,figure1_supp,242,13,0.1223,0.122328938264335,2.8938264334990582e-05,,False
figure1_supp_lam1.5,figure1_supp,242,14,0.1097,0.109709417627006,9.417627006000351e-06,,False
figure1_supp_lam1.5,figure1_supp,243,8,0.0,0.0,0.0,,False
figure1_supp_lam1.5,figure1_supp,243,9,0.0,0.0,0.0,,False
figure1_supp_lam1.5,figure1_supp,243,10,0.796,0.795984316904169,1.568309583099836e-05,,False
figure1_supp_lam1.5,figure1_supp,243,11,0.0821,0.0821100283549016,1.0028354901589487e-05,,False
figure1_supp_lam1.5,figure1_supp,243,12,0.0,0.0,0.0,,False
figure1_supp_lam1.5,figure1_supp,243,13,0.1219,0.121905654740929,5.654740929006419e-06,,False
figure1_supp_lam1.5,figure1_supp,243,14,0.114,0.114049352538677,4.9352538676994406e-05,,False
figure1_supp_lam1.5,figure1_supp,244,8,0.0,0.0,0.0,,False
figure1_supp_lam1.5,figure1_supp,244,9,0.0,0.0,0.0,,False
figure1_supp_lam1.5,figure1_supp,244,10,0.7967,0.796687819259672,1.2180740327938366e-05,,False
figure1_supp_lam1.5,figure1_supp,244,11,0.0818,0.0818268903260916,2.6890326091599803e-05,,False
figure1_supp_lam1.5,figure1_supp,244,12,0.0,0.0,0.0,,False
figure1_supp_lam1.5,figure1_supp,244,13,0.1215,0.121485290414236,1.4709585763994504e-05,,False
figure1_supp_lam1.5,figure1_supp,244,14,0.1025,0.102468433871393,3.156612860699681e-05,,False
figure1_supp_lam1.5,figure1_supp,245,8,0.0,0.0,0.0,,False
figure1_supp_lam1.5,figure1_supp,245,9,0.0,0.0,0.0,,False
figure1_supp_lam1.5,figure1_supp,245,10,0.7974,0.79738648654744,1.3513452559954509e-05,,False
figure1_supp_lam1.5,figure1_supp,245,11,0.0815,0.0815456982631153,4.569826311529024e-05,,False
figure1_supp_lam1.5,figure1_supp,245,12,0.0,0.0,0.0,,False
figure1_supp_lam1.5,figure1_supp,245,13,0.1211,0.121067815189445,3.218481055500266e-05,,False
figure1_supp_lam1.5,figure1_supp,245,14,0.12,0.120046118273884,4.611827388401046e-05,,False
figure1_supp_lam1.5,figure1_supp,246,8,0.0,0.0,0.0,,False
figure1_supp_lam1.5,figure1_supp,246,9,0.0,0.0,0.0,,False
figure1_supp_lam1.5,figure1_supp,246,10,0.7981,0.798080368442825,1.9631557174992764e-05,,False
figure1_supp_lam1.5,figure1_supp,246,11,0.0813,0.0812664321731731,3.356782682689685e-05,,False
figure1_supp_lam1.5,figure1_supp,246,12,0.0,0.0,0.0,,False
figure1_supp_lam1.5,figure1_supp,246,13,0.1207,0.120653199384002,4.6800615998002226e-05,,False
figure1_supp_lam1.5,figure1_supp,246,14,0.1057,0.10573679281265,3.6792812649996676e-05,,False
figure1_supp_lam1.5,figure1_supp,247,8,0.0,0.0,0.0,,False
figure1_supp_lam1.5,figure1_supp,247,9,0.0,0.0,0.0,,False
figure1_supp_lam1.5,figure1_supp,247,10,0.7988,0.79876951394302,3.048605697997253e-05,,False
figure1_supp_lam1.5,figure1_supp,247,11,0.081,0.0809890723364046,1.0927663595408643e-05,,False
figure1_supp_lam1.5,figure1_supp,247,12,0.0,0.0,0.0,,False
figure1_supp_lam1.5,figure1_supp,247,13,0.1202,0.120241413720575,4.1413720574992596e-05,,False
figure1_supp_lam1.5,figure1_supp,247,14,0.1031,0.103129674053197,2.9674053197009664e-05,,False
figure1_supp_lam1.5,figure1_supp,248,8,0.0,0.0,0.0,,False
figure1_supp_lam1.5,figure1_supp,248,9,0.0,0.0,0.0,,False
figure1_supp_lam1.5,figure1_supp,248,10,0.7995,0.799453971378588,4.60286214120087e-05,,False
figure1_supp_lam1.5,figure1_supp,248,11,0.0807,0.0807135993012468,1.3599301246808304e-05,,False
figure1_supp_lam1.5,figure1_supp,248,12,0.0,0.0,0.0,,False
figure1_supp_lam1.5,figure1_supp,248,13,0.1198,0.119832429320165,3.2429320164992226e-05,,False
figure1_supp_lam1.5,figure1_supp,248,14,0.1491,0.149054298706193,4.57012938070156e-05,,False
figure1_supp_lam1.5,figure1_supp,249,8,0.0,0.0,0.0,,False
figure1_supp_lam1.5,figure1_supp,249,9,0.0,0.0,0.0,,False
figure1_supp_lam1.5,figure1_supp,249,10,0.8001,0.800133788424763,3.3788424762981606e-05,,False
figure1_supp_lam1.5,figure1_supp,249,11,0.0804,0.0804399938798866,3.9993879886596195e-05,,False
figure1_supp_lam1.5,figure1_supp,249,12,0.0,0.0,0.0,,False
figure1_supp_lam1.5,figure1_supp,249,13,0.1194,0.119426217695351,2.6217695350994052e-05,,False
figure1_supp_lam1.5,figure1_supp,249,14,0.144,0.144047816339064,4.7816339064005176e-05,,False
figure1_supp_lam1.5,figure1_supp,250,8,0.0,0.0,0.0,,False
figure1_supp_lam1.5,figure1_supp,250,9,0.0,0.0,0.0,,False
figure1_supp_lam1.5,figure1_supp,250,10,0.8008,0.800809012112517,9.01211251702616e-06,,False
figure1_supp_lam1.5,figure1_supp,250,11,0.0802,0.0801682371438059,3.176285619409247e-05,,False
figure1_supp_lam1.5,figure1_supp,250,12,0.0,0.0,0.0,,False
figure1_supp_lam1.5,figure1_supp,250,13,0.119,0.119022750743677,2.27507436770108e-05,,False
figure1_supp_lam1.5,figure1_supp,250,14,0.1207,0.120660375096887,3.962490311300304e-05,,False
figure1_supp_lam1.5,figure1_supp,251,8,0.1222,0.122160930430161,3.906956983899812e-05,,False
figure1_supp_lam1.5,figure1_supp,251,9,0.9983,0.998320731716066,2.0731716065980343e-05,,False
figure1_supp_lam1.5,figure1_supp,251,10,0.7981,0.798118339574374,1.8339574373915646e-05,,False
figure1_supp_lam1.5,figure1_supp,251,11,0.0799,0.079898310419416,1.6895805839967082e-06,,False
figure1_supp_lam1.5,figure1_supp,251,12,0.0,0.0,0.0,,False
figure1_supp_lam1.5,figure1_supp,251,13,0.122,0.12198335000621,1.6649993790002204e-05,,False
figure1_supp_lam1.5,figure1_supp,251,14,0.0873,0.087339027608583,3.902760858300047e-05,,False
figure1_supp_lam1.5,figure1_supp,252,8,0.2743,0.274259913693117,4.0086306883013734e-05,,False
figure1_supp_lam1.5,figure1_supp,252,9,0.0,0.0,0.0,,False
figure1_supp_lam1.5,figure1_supp,252,10,0.7954,0.795403127824992,3.127824992010808e-06,,False
figure1_supp_lam1.5,figure1_supp,252,11,0.0832,0.0832385037834251,3.850378342509786e-05,,False
figure1_supp_lam1.5,figure1_supp,252,12,0.0,0.0,0.0,,False
figure1_supp_lam1.5,figure1_supp,252,13,0.1214,0.121358368391583,4.1631608416997645e-05,,False
figure1_supp_lam1.5,figure1_supp,252,14,0.1967,0.196675282853832,2.4717146168001802e-05,,False
figure1_supp_lam1.5,figure1_supp,253,8,0.0,0.0,0.0,,False
figure1_supp_lam1.5,figure1_supp,253,9,0.0,0.0,0.0,,False
figure1_supp_lam1.5,figure1_supp,253,10,0.7961,0.796089675280743,1.0324719256993298e-05,,False
figure1_supp_lam1.5,figure1_supp,253,11,0.083,0.0829991164711812,8.835288188013823e-07,,False
figure1_supp_lam1.5,figure1_supp,253,12,0.0,0.0,0.0,,False
figure1_supp_lam1.5,figure1_supp,253,13,0.1209,0.120911208248076,1.1208248076002847e-05,,False
figure1_supp_lam1.5,figure1_supp,253,14,0.1998,0.199780732674816,1.926732518400809e-05,,False
figure1_supp_lam1.5,figure1_supp,254,8,0.2007,0.200749964420466,4.9964420466008796e-05,,False
figure1_supp_lam1.5,figure1_supp,254,9,1.0,1.0,0.0,,False
figure1_supp_lam1.5,figure1_supp,254,10,0.7934,0.793436043029807,3.6043029806975824e-05,,False
figure1_supp_lam1.5,figure1_supp,254,11,0.0827,0.0827224527496107,2.2452749610699096e-05,,False
figure1_supp_lam1.5,figure1_supp,254,12,0.0,0.0,0.0,,False
figure1_supp_lam1.5,figure1_supp,254,13,0.1238,0.123841504220582,4.1504220582008755e-05,,False
figure1_supp_lam1.5,figure1_supp,254,14,0.1762,0.176191923155943,8.07684405698672e-06,,False
figure1_supp_lam1.5,figure1_supp,255,8,0.2973,0.297291308858915,8.691141084982146e-06,,False
figure1_supp_lam1.5,figure1_supp,255,9,0.0,0.0,0.0,,False
figure1_supp_lam1.5,figure1_supp,255,10,0.7908,0.790841806179961,4.180617996107916e-05,,False
figure1_supp_lam1.5,figure1_supp,255,11,0.0859,0.0859107244087099,1.0724408709889e-05,,False
figure1_supp_lam1.5,figure1_supp,255,12,0.0,0.0,0.0,,False
figure1_supp_lam1.5,figure1_supp,255,13,0.1232,0.123247469411329,4.746941132899307e-05,,False
figure1_supp_lam1.5,figure1_supp,255,14,0.2002,0.200239688793896,3.968879389601443e-05,,False
figure1_supp_lam1.5,figure1_supp,256,8,0.0,0.0,0.0,,False
figure1_supp_lam1.5,figure1_supp,256,9,0.0,0.0,0.0,,False
figure1_supp_lam1.5,figure1_supp,256,10,0.7915,0.791534029287534,3.402928753404311e-05,,False
figure1_supp_lam1.5,figure1_supp,256,11,0.0856,0.0856374794128513,3.747941285130174e-05,,False
figure1_supp_lam1.5,figure1_supp,256,12,0.0,0.0,0.0,,False
figure1_supp_lam1.5,figure1_supp,256,13,0.1228,0.122828491299615,2.8491299614991084e-05,,False
figure1_supp_lam1.5,figure1_supp,256,14,0.1974,0.197437490499576,3.7490499576020575e-05,,False
figure1_supp_lam1.5,figure1_supp,257,8,0.0,0.0,0.0,,False
figure1_supp_lam1.5,figure1_supp,257,9,0.0,0.0,0.0,,False
figure1_supp_lam1.5,figure1_supp,257,10,0.7922,0.792222035791536,2.2035791536034743e-05,,False
figure1_supp_lam1.5,figure1_supp,257,11,0.0854,0.0853548474675943,4.515253240570949e-05,,False
figure1_supp_lam1.5,figure1_supp,257,12,0.0,0.0,0.0,,False
figure1_supp_lam1.5,figure1_supp,257,13,0.1224,0.12242311674087,2.3116740870007813e-05,,False
figure1_supp_lam1.5,figure1_supp,257,14,0.1743,0.174308807566839,8.807566838991976e-06,,False
figure1_supp_lam1.5,figure1_supp,258,8,0.0,0.0,0.0,,False
figure1_supp_lam1.5,figure1_supp,258,9,0.0,0.0,0.0,,False
figure1_supp_lam1.5,figure1_supp,258,10,0.7929,0.792905515936958,5.515936957967149e-06,,False
figure1_supp_lam1.5,figure1_supp,258,11,0.0851,0.0850740749430298,2.5925056970188542e-05,,False
figure1_supp_lam1.5,figure1_supp,258,12,0.0,0.0,0.0,,False
figure1_supp_lam1.5,figure1_supp,258,13,0.122,0.122020409120012,2.040912001199935e-05,,False
figure1_supp_lam1.5,figure1_supp,258,14,0.1747,0.174682329746983,1.7670253016993653e-05,,False
figure1_supp_lam1.5,figure1_supp,259,8,0.0,0.0,0.0,,False
figure1_supp_lam1.5,figure1_supp,259,9,0.0,0.0,0.0,,False
figure1_supp_lam1.5,figure1_supp,259,10,0.7936,0.793584514245362,1.5485754637944993e-05,,False
figure1_supp_lam1.5,figure1_supp,259,11,0.0848,0.084795143549774,4.856450226006781e-06,,False
figure1_supp_lam1.5,figure1_supp,259,12,0.0,0.0,0.0,,False
figure1_supp_lam1.5,figure1_supp,259,13,0.1216,0.121620342204864,2.0342204863993407e-05,,False
figure1_supp_lam1.5,figure1_supp,259,14,0.1686,0.168571748283609,2.8251716391008985e-05,,False
figure1_supp_lam1.5,figure1_supp,260,8,0.0,0.0,0.0,,False
figure1_supp_lam1.5,figure1_supp,260,9,0.0,0.0,0.0,,False
figure1_supp_lam1.5,figure1_supp,260,10,0.7943,0.794259074656324,4.0925343676057047e-05,,False
figure1_supp_lam1.5,figure1_supp,260,11,0.0845,0.0845180352375199,1.8035237519892222e-05,,False
figure1_supp_lam1.5,figure1_supp,260,12,0.0,0.0,0.0,,False
figure1_supp_lam1.5,figure1_supp,260,13,0.1212,0.121222890106156,2.289010615599829e-05,,False
figure1_supp_lam1.5,figure1_supp,260,14,0.1579,0.157868534821742,3.146517825799999e-05,,False
figure1_supp_lam1.5,figure1_supp,261,8,0.0,0.0,0.0,,False
figure1_supp_lam1.5,figure1_supp,261,9,0.0,0.0,0.0,,False
figure1_supp_lam1.5,figure1_supp,261,10,0.7949,0.794929240536923,2.9240536922992e-05,,False
figure1_supp_lam1.5,figure1_supp,261,11,0.0842,0.0842427321911436,4.27321911436046e-05,,False
figure1_supp_lam1.5,figure1_supp,261,12,0.0,0.0,0.0,,False
figure1_supp_lam1.5,figure1_supp,261,13,0.1208,0.120828027271934,2.802727193398913e-05,,False
figure1_supp_lam1.5,figure1_supp,261,14,0.1461,0.146139604697013,3.960469701300151e-05,,False
figure1_supp_lam1.5,figure1_supp,262,8,0.0,0.0,0.0,,False
figure1_supp_lam1.5,figure1_supp,262,9,0.0,0.0,0.0,,False
figure1_supp_lam1.5,figure1_supp,262,10,0.7956,0.795595054691024,4.945308975989882e-06,,False
figure1_supp_lam1.5,figure1_supp,262,11,0.084,0.0839692168268866,3.078317311340506e-05,,False
figure1_supp_lam1.5,figure1_supp,262,12,0.0,0.0,0.0,,False
figure1_supp_lam1.5,figure1_supp,262,13,0.1204,0.12043572848209,3.5728482090005564e-05,,False
figure1_supp_lam1.5,figure1_supp,262,14,0.1521,0.152077621502002,2.2378497998021274e-05,,False
figure1_supp_lam1.5,figure1_supp,263,8,0.0,0.0,0.0,,False
figure1_supp_lam1.5,figure1_supp,263,9,0.0,0.0,0.0,,False
figure1_supp_lam1.5,figure1_supp,263,10,0.7963,0.796256559368399,4.3440631600999424e-05,,False
figure1_supp_lam1.5,figure1_supp,263,11,0.0837,0.0836974717886119,2.5282113881031076e-06,,False
figure1_supp_lam1.5,figure1_supp,263,12,0.0,0.0,0.0,,False
figure1_supp_lam1.5,figure1_supp,263,13,0.12,0.120045968842989,4.596884298900539e-05,,False
figure1_supp_lam1.5,figure1_supp,263,14,0.18,0.18000206444336,2.0644433600114365e-06,,False
figure1_supp_lam1.5,figure1_supp,264,8,0.0,0.0,0.0,,False
figure1_supp_lam1.5,figure1_supp,264,9,0.0,0.0,0.0,,False
figure1_supp_lam1.5,figure1_supp,264,10,0.7969,0.796913796273662,1.3796273661936809e-05,,False
figure1_supp_lam1.5,figure1_supp,264,11,0.0834,0.0834274799441325,2.747994413249133e-05,,False
figure1_supp_lam1.5,figure1_supp,264,12,0.0,0.0,0.0,,False
figure1_supp_lam1.5,figure1_supp,264,13,0.1197,0.119658723782205,4.127621779499713e-05,,False
figure1_supp_lam1.5,figure1_supp,264,14,0.1256,0.125647097183844,4.7097183844019286e-05,,False
figure1_supp_lam1.5,figure1_supp,265,8,0.0,0.0,0.0,,False
figure1_supp_lam1.5,figure1_supp,265,9,0.0,0.0,0.0,,False
figure1_supp_lam1.5,figure1_supp,265,10,0.7976,0.797566806575033,3.319342496699296e-05,,False
figure1_supp_lam1.5,figure1_supp,265,11,0.0832,0.0831592243816112,4.07756183887914e-05,,False
figure1_supp_lam1.5,figure1_supp,265,12,0.0,0.0,0.0,,False
figure1_supp_lam1.5,figure1_supp,265,13,0.1193,0.119273969043356,2.603095664399646e-05,,False
figure1_supp_lam1.5,figure1_supp,265,14,0.1192,0.119161835515475,3.816448452499677e-05,,False
figure1_supp_lam1.5,figure1_supp,266,8,0.0,0.0,0.0,,False
figure1_supp_lam1.5,figure1_supp,266,9,0.0,0.0,0.0,,False
figure1_supp_lam1.5,figure1_supp,266,10,0.7982,0.798215630912934,1.5630912933994878e-05,,False
figure1_supp_lam1.5,figure1_supp,266,11,0.0829,0.0828926884060291,7.311593970896202e-06,,False
figure1_supp_lam1.5,figure1_supp,266,12,0.0,0.0,0.0,,False
figure1_supp_lam1.5,figure1_supp,266,13,0.1189,0.118891680681037,8.319318963001532e-06,,False
figure1_supp_lam1.5,figure1_supp,266,14,0.1329,0.132929926425762,2.9926425762022424e-05,,False
figure1_supp_lam1.5,figure1_supp,267,8,0.2313,0.231309689177865,9.68917786500767e-06,,False
figure1_supp_lam1.5,figure1_supp,267,9,0.9982,0.998233834434656,3.383443465598823e-05,,False
figure1_supp_lam1.5,figure1_supp,267,10,0.7957,0.795671063930992,2.8936069008000942e-05,,False
figure1_supp_lam1.5,figure1_supp,267,11,0.0826,0.0826278555357223,2.7855535722293157e-05,,False
figure1_supp_lam1.5,figure1_supp,267,12,0.0,0.0,0.0,,False
figure1_supp_lam1.5,figure1_supp,267,13,0.1217,0.121701080533285,1.0805332850000182e-06,,False
figure1_supp_lam1.5,figure1_supp,267,14,0.1074,0.107367746897722,3.225310227800149e-05,,False
figure1_supp_lam1.5,figure1_supp,268,8,0.0,0.0,0.0,,False
figure1_supp_lam1.5,figure1_supp,268,9,0.0,0.0,0.0,,False
figure1_supp_lam1.5,figure1_supp,268,10,0.7963,0.796315552952301,1.5552952301045586e-05,,False
figure1_supp_lam1.5,figure1_supp,268,11,0.0824,0.0824369420153039,3.694201530389518e-05,,False
figure1_supp_lam1.5,figure1_supp,268,12,0.0,0.0,0.0,,False
figure1_supp_lam1.5,figure1_supp,268,13,0.1212,0.121247505032395,4.750503239499271e-05,,False
figure1_supp_lam1.5,figure1_supp,268,14,0.0922,0.0921902310972095,9.768902790502354e-06,,False
figure1_supp_lam1.5,figure1_supp,269,8,0.0,0.0,0.0,,False
figure1_supp_lam1.5,figure1_supp,269,9,0.0,0.0,0.0,,False
figure1_supp_lam1.5,figure1_supp,269,10,0.797,0.796962170244516,3.782975548405343e-05,,False
figure1_supp_lam1.5,figure1_supp,269,11,0.0822,0.0821752374374776,2.4762562522401277e-05,,False
figure1_supp_lam1.5,figure1_supp,269,12,0.0,0.0,0.0,,False
figure1_supp_lam1.5,figure1_supp,269,13,0.1209,0.120862592318006,3.740768199399225e-05,,False
figure1_supp_lam1.5,figure1_supp,269,14,0.0915,0.0914501980354471,4.980196455289798e-05,,False
figure1_supp_lam1.5,figure1_supp,270,8,0.0,0.0,0.0,,False
figure1_supp_lam1.5,figure1_supp,270,9,0.0,0.0,0.0,,False
figure1_supp_lam1.5,figure1_supp,270,10,0.7976,0.797604695022223,4.6950222230002225e-06,,False
figure1_supp_lam1.5,figure1_supp,270,11,0.0819,0.0819151892177387,1.5189217738700855e-05,,False
figure1_supp_lam1.5,figure1_supp,270,12,0.0,0.0,0.0,,False
figure1_supp_lam1.5,figure1_supp,270,13,0.1205,0.120480115760038,1.988423996199251e-05,,False
figure1_supp_lam1.5,figure1_supp,270,14,0.0929,0.0928805720101652,1.9427989834799875e-05,,False
figure1_supp_lam1.5,figure1_supp,271,8,0.0,0.0,0.0,,False
figure1_supp_lam1.5,figure1_supp,271,9,0.0,0.0,0.0,,False
figure1_supp_lam1.5,figure1_supp,271,10,0.7982,0.798243166015844,4.316601584397617e-05,,False
figure1_supp_lam1.5,figure1_supp,271,11,0.0817,0.0816567816807742,4.321831922579622e-05,,False
figure1_supp_lam1.5,figure1_supp,271,12,0.0,0.0,0.0,,False
figure1_supp_lam1.5,figure1_supp,271,13,0.1201,0.120100052303382,5.2303382000462584e-08,,False
figure1_supp_lam1.5,figure1_supp,271,14,0.0939,0.093928554730568,2.8554730568008946e-05,,False
figure1_supp_lam1.5,figure1_supp,272,8,0.1575,0.157525476135081,2.547613508099844e-05,,False
figure1_supp_lam1.5,figure1_supp,272,9,0.0,0.0,0.0,,False
figure1_supp_lam1.5,figure1_supp,272,10,0.7957,0.795738279760687,3.827976068704331e-05,,False
figure1_supp_lam1.5,figure1_supp,272,11,0.0845,0.0845393410563818,3.93410563818003e-05,,False
figure1_supp_lam1.5,figure1_supp,272,12,0.0,0.0,0.0,,False
figure1_supp_lam1.5,figure1_supp,272,13,0.1197,0.119722379182931,2.2379182930992725e-05,,False
figure1_supp_lam1.5,figure1_supp,272,14,0.0998,0.0997521796917037,4.7820308296295244e-05,,False
figure1_supp_lam1.5,figure1_supp,273,8,0.2917,0.291685476834749,1.4523165251023595e-05,,False
figure1_supp_lam1.5,figure1_supp,273,9,0.0,0.0,0.0,,False
figure1_supp_lam1.5,figure1_supp,273,10,0.7933,0.793250768860714,4.9231139286010084e-05,,False
figure1_supp_lam1.5,figure1_supp,273,11,0.0874,0.0873771766706596,2.2823329340407317e-05,,False
figure1_supp_lam1.5,figure1_supp,273,12,0.0,0.0,0.0,,False
figure1_supp_lam1.5,figure1_supp,273,13,0.1194,0.119372054468626,2.7945531374001797e-05,,False
figure1_supp_lam1.5,figure1_supp,273,14,0.1285,0.128490064642023,9.93535797699785e-06,,False
figure1_supp_lam1.5,figure1_supp,274,8,0.0,0.0,0.0,,False
figure1_supp_lam1.5,figure1_supp,274,9,0.0,0.0,0.0,,False
figure1_supp_lam1.5,figure1_supp,274,10,0.7939,0.793896595675458,3.4043245420445345e-06,,False
figure1_supp_lam1.5,figure1_supp,274,11,0.0871,0.0870989891192504,1.0108807495939898e-06,,False
figure1_supp_lam1.5,figure1_supp,274,12,0.0,0.0,0.0,,False
figure1_supp_lam1.5,figure1_supp,274,13,0.119,0.119004415205291,4.415205291000146e-06,,False
figure1_supp_lam1.5,figure1_supp,274,14,0.1116,0.111632255288073,3.225528807299094e-05,,False
figure1_supp_lam1.5,figure1_supp,275,8,0.2304,0.230403320710154,3.3207101540200235e-06,,False
figure1_supp_lam1.5,figure1_supp,275,9,0.7036,0.703638872255886,3.887225588594667e-05,,False
figure1_supp_lam1.5,figure1_supp,275,10,0.7914,0.791428911555047,2.8911555047028692e-05,,False
figure1_supp_lam1.5,figure1_supp,275,11,0.0877,0.0877453820962022,4.5382096202195576e-05,,False
figure1_supp_lam1.5,figure1_supp,275,12,0.0,0.0,0.0,,False
figure1_supp_lam1.5,figure1_supp,275,13,0.1208,0.120825706348751,2.570634875100064e-05,,False
figure1_supp_lam1.5,figure1_supp,275,14,0.0827,0.0826878531337659,1.2146866234089004e-05,,False
figure1_supp_lam1.5,figure1_supp,276,8,0.0,0.0,0.0,,False
figure1_supp_lam1.5,figure1_supp,276,9,0.0,0.0,0.0,,False
figure1_supp_lam1.5,figure1_supp,276,10,0.7921,0.792074815010517,2.518498948300696e-05,,False
figure1_supp_lam1.5,figure1_supp,276,11,0.0875,0.0875402917115282,4.0291711528209206e-05,,False
figure1_supp_lam1.5,figure1_supp,276,12,0.0,0.0,0.0,,False
figure1_supp_lam1.5,figure1_supp,276,13,0.1204,0.120384893277955,1.5106722044994081e-05,,False
figure1_supp_lam1.5,figure1_supp,276,14,0.1098,0.109770644917554,2.9355082445989278e-05,,False
figure1_supp_lam1.5,figure1_supp,277,8,0.0,0.0,0.0,,False
figure1_supp_lam1.5,figure1_supp,277,9,0.0,0.0,0.0,,False
figure1_supp_lam1.5,figure1_supp,277,10,0.7927,0.792718546233395,1.8546233395033696e-05,,False
figure1_supp_lam1.5,figure1_supp,277,11,0.0873,0.0872692691365699,3.07308634300979e-05,,False
figure1_supp_lam1.5,figure1_supp,277,12,0.0,0.0,0.0,,False
figure1_supp_lam1.5,figure1_supp,277,13,0.12,0.120012184630036,1.2184630036007893e-05,,False
figure1_supp_lam1.5,figure1_supp,277,14,0.1051,0.105093482152534,6.517847465997706e-06,,False
figure1_supp_lam1.5,figure1_supp,278,8,0.0,0.0,0.0,,False
figure1_supp_lam1.5,figure1_supp,278,9,0.0,0.0,0.0,,False
figure1_supp_lam1.5,figure1_supp,278,10,0.7934,0.793358303806748,4.1696193252005465e-05,,False
figure1_supp_lam1.5,figure1_supp,278,11,0.087,0.0869999195404694,8.045953059365729e-08,,False
figure1_supp_lam1.5,figure1_supp,278,12,0.0,0.0,0.0,,False
figure1_supp_lam1.5,figure1_supp,278,13,0.1196,0.119641776652782,4.177665278200238e-05,,False
figure1_supp_lam1.5,figure1_supp,278,14,0.1016,0.101557829879118,4.217012088199301e-05,,False
figure1_supp_lam1.5,figure1_supp,279,8,0.0,0.0,0.0,,False
figure1_supp_lam1.5,figure1_supp,279,9,0.0,0.0,0.0,,False
figure1_supp_lam1.5,figure1_supp,279,10,0.794,0.79399412441042,5.875589579984464e-06,,False
figure1_supp_lam1.5,figure1_supp,279,11,0.0867,0.0867322274803449,3.222748034489853e-05,,False
figure1_supp_lam1.5,figure1_supp,279,12,0.0,0.0,0.0,,False
figure1_supp_lam1.5,figure1_supp,279,13,0.1193,0.119273648109235,2.6351890764997332e-05,,False
figure1_supp_lam1.5,figure1_supp,279,14,0.0947,0.0946884328485394,1.1567151460611935e-05,,False
figure1_supp_lam1.5,figure1_supp,280,8,0.0,0.0,0.0,,False
figure1_supp_lam1.5,figure1_supp,280,9,0.0,0.0,0.0,,False
figure1_supp_lam1.5,figure1_supp,280,10,0.7946,0.794626044274192,2.604427419206079e-05,,False
figure1_supp_lam1.5,figure1_supp,280,11,0.0865,0.0864661777027978,3.3822297202196205e-05,,False
figure1_supp_lam1.5,figure1_supp,280,12,0.0,0.0,0.0,,False
figure1_supp_lam1.5,figure1_supp,280,13,0.1189,0.118907778023011,7.778023010995838e-06,,False
figure1_supp_lam1.5,figure1_supp,280,14,0.1091,0.109076195807794,2.3804192206003383e-05,,False
figure1_supp_lam1.5,figure1_supp,281,8,0.0,0.0,0.0,,False
figure1_supp_lam1.5,figure1_supp,281,9,0.0,0.0,0.0,,False
figure1_supp_lam1.5,figure1_supp,281,10,0.7953,0.795254099184668,4.5900815331956224e-05,,False
figure1_supp_lam1.5,figure1_supp,281,11,0.0862,0.0862017551410156,1.7551410156080305e-06,,False
figure1_supp_lam1.5,figure1_supp,281,12,0.0,0.0,0.0,,False
figure1_supp_lam1.5,figure1_supp,281,13,0.1185,0.118544145674316,4.414567431600125e-05,,False
figure1_supp_lam1.5,figure1_supp,281,14,0.1244,0.124420762837405,2.0762837405000067e-05,,False
figure1_supp_lam1.5,figure1_supp,282,8,0.0,0.0,0.0,,False
figure1_supp_lam1.5,figure1_supp,282,9,0.0,0.0,0.0,,False
figure1_supp_lam1.5,figure1_supp,282,10,0.7959,0.795878324492032,2.1675507968055285e-05,,False
figure1_supp_lam1.5,figure1_supp,282,11,0.0859,0.0859389449119271,3.8944911927102366e-05,,False
figure1_supp_lam1.5,figure1_supp,282,12,0.0,0.0,0.0,,False
figure1_supp_lam1.5,figure1_supp,282,13,0.1182,0.118182730596041,1.7269403959005447e-05,,False
figure1_supp_lam1.5,figure1_supp,282,14,0.1294,0.12943780633225,3.7806332250006625e-05,,False
figure1_supp_lam1.5,figure1_supp,283,8,0.2482,0.248231485984195,3.148598419500104e-05,,False
figure1_supp_lam1.5,figure1_supp,283,9,0.0,0.0,0.0,,False
figure1_supp_lam1.5,figure1_supp,283,10,0.7935,0.793464556133829,3.5443866170936644e-05,,False
figure1_supp_lam1.5,figure1_supp,283,11,0.0887,0.0887119312962582,1.1931296258205215e-05,,False
figure1_supp_lam1.5,figure1_supp,283,12,0.0,0.0,0.0,,False
figure1_supp_lam1.5,figure1_supp,283,13,0.1178,0.117823512569913,2.3512569912995107e-05,,False
figure1_supp_lam1.5,figure1_supp,283,14,0.1364,0.136449740380787,4.97403807870056e-05,,False
figure1_supp_lam1.5,figure1_supp,284,8,0.0,0.0,0.0,,False
figure1_supp_lam1.5,figure1_supp,284,9,0.0,0.0,0.0,,False
figure1_supp_lam1.5,figure1_supp,284,10,0.7941,0.794092412584879,7.587415121079744e-06,,False
figure1_supp_lam1.5,figure1_supp,284,11,0.0885,0.0884603581699244,3.9641830075598516e-05,,False
figure1_supp_lam1.5,figure1_supp,284,12,0.0,0.0,0.0,,False
figure1_supp_lam1.5,figure1_supp,284,13,0.1174,0.117447229245196,4.722924519599825e-05,,False
figure1_supp_lam1.5,figure1_supp,284,14,0.1256,0.125552469459834,4.7530540165985347e-05,,False
figure1_supp_lam1.5,figure1_supp,285,8,0.0,0.0,0.0,,False
figure1_supp_lam1.5,figure1_supp,285,9,0.0,0.0,0.0,,False
figure1_supp_lam1.5,figure1_supp,285,10,0.7947,0.794714489888248,1.4489888248037097e-05,,False
figure1_supp_lam1.5,figure1_supp,285,11,0.0882,0.088193106332553,6.893667446994378e-06,,False
figure1_supp_lam1.5,figure1_supp,285,12,0.0,0.0,0.0,,False
figure1_supp_lam1.5,figure1_supp,285,13,0.1171,0.117092403779199,7.596220801001086e-06,,False
figure1_supp_lam1.5,figure1_supp,285,14,0.0935,0.0934983027682867,1.6972317132962766e-06,,False
figure1_supp_lam1.5,figure1_supp,286,8,0.2478,0.247836276830011,3.627683001100612e-05,,False
figure1_supp_lam1.5,figure1_supp,286,9,0.0,0.0,0.0,,False
figure1_supp_lam1.5,figure1_supp,286,10,0.7923,0.792326107663024,2.610766302402201e-05,,False
figure1_supp_lam1.5,figure1_supp,286,11,0.0909,0.0909341765209676,3.4176520967599266e-05,,False
figure1_supp_lam1.5,figure1_supp,286,12,0.0,0.0,0.0,,False
figure1_supp_lam1.5,figure1_supp,286,13,0.1167,0.116739715816009,3.971581600900609e-05,,False
figure1_supp_lam1.5,figure1_supp,286,14,0.1013,0.101317770076422,1.777007642199402e-05,,False
figure1_supp_lam1.5,figure1_supp,287,8,0.2391,0.239079378219762,2.0621780238011533e-05,,False
figure1_supp_lam1.5,figure1_supp,287,9,1.0,1.0,0.0,,False
figure1_supp_lam1.5,figure1_supp,287,10,0.7901,0.790128045784523,2.804578452297868e-05,,False
figure1_supp_lam1.5,figure1_supp,287,11,0.09,0.0900032663853956,3.266385395606086e-06,,False
figure1_supp_lam1.5,figure1_supp,287,12,0.0,0.0,0.0,,False
figure1_supp_lam1.5,figure1_supp,287,13,0.1199,0.119868687830081,3.13121699190011e-05,,False
figure1_supp_lam1.5,figure1_supp,287,14,0.1115,0.111523002649181,2.3002649180994816e-05,,False
figure1_supp_lam1.5,figure1_supp,288,8,0.0,0.0,0.0,,False
figure1_supp_lam1.5,figure1_supp,288,9,0.0,0.0,0.0,,False
figure1_supp_lam1.5,figure1_supp,288,10,0.7908,0.790759930553698,4.006944630197129e-05,,False
figure1_supp_lam1.5,figure1_supp,288,11,0.0898,0.0897563185186476,4.3681481352406126e-05,,False
figure1_supp_lam1.5,figure1_supp,288,12,0.0,0.0,0.0,,False
figure1_supp_lam1.5,figure1_supp,288,13,0.1195,0.119483750927655,1.6249072345000948e-05,,False
figure1_supp_lam1.5,figure1_supp,288,14,0.097,0.0970049694626771,4.969462677098524e-06,,False
figure1_supp_lam1.5,figure1_supp,289,8,0.0,0.0,0.0,,False
figure1_supp_lam1.5,figure1_supp,289,9,0.0,0.0,0.0,,False
figure1_supp_lam1.5,figure1_supp,289,10,0.7914,0.791384527775925,1.5472224074941643e-05,,False
figure1_supp_lam1.5,figure1_supp,289,11,0.0895,0.0894883892096367,1.1610790363297818e-05,,False
figure1_supp_lam1.5,figure1_supp,289,12,0.0,0.0,0.0,,False
figure1_supp_lam1.5,figure1_supp,289,13,0.1191,0.119127083014438,2.708301443800354e-05,,False
figure1_supp_lam1.5,figure1_supp,289,14,0.0989,0.0989055692060442,5.569206044192532e-06,,False
figure1_supp_lam1.5,figure1_supp,290,8,0.0,0.0,0.0,,False
figure1_supp_lam1.5,figure1_supp,290,9,0.0,0.0,0.0,,False
figure1_supp_lam1.5,figure1_supp,290,10,0.792,0.792005407157545,5.407157544934371e-06,,False
figure1_supp_lam1.5,figure1_supp,290,11,0.0892,0.0892220547179413,2.2054717941297208e-05,,False
figure1_supp_lam1.5,figure1_supp,290,12,0.0,0.0,0.0,,False
figure1_supp_lam1.5,figure1_supp,290,13,0.1188,0.118772538124514,2.7461875486009535e-05,,False
figure1_supp_lam1.5,figure1_supp,290,14,0.0997,0.0997225405532247,2.2540553224703608e-05,,False
figure1_supp_lam1.5,figure1_supp,291,8,0.0,0.0,0.0,,False
figure1_supp_lam1.5,figure1_supp,291,9,0.0,0.0,0.0,,False
figure1_supp_lam1.5,figure1_supp,291,10,0.7926,0.79262260179506,2.2601795059973284e-05,,False
figure1_supp_lam1.5,figure1_supp,291,11,0.089,0.0889573008463748,4.269915362518917e-05,,False
figure1_supp_lam1.5,figure1_supp,291,12,0.0,0.0,0.0,,False
figure1_supp_lam1.5,figure1_supp,291,13,0.1184,0.118420097358566,2.009735856599304e-05,,False
figure1_supp_lam1.5,figure1_supp,291,14,0.1022,0.10220799682907,7.99682907000332e-06,,False
figure1_supp_lam1.5,figure1_supp,292,8,0.0,0.0,0.0,,False
figure1_supp_lam1.5,figure1_supp,292,9,0.0,0.0,0.0,,False
figure1_supp_lam1.5,figure1_supp,292,10,0.7932,0.793236144393299,3.6144393299020194e-05,,False
figure1_supp_lam1.5,figure1_supp,292,11,0.0887,0.0886941135657642,5.8864342357967114e-06,,False
figure1_supp_lam1.5,figure1_supp,292,12,0.0,0.0,0.0,,False
figure1_supp_lam1.5,figure1_supp,292,13,0.1181,0.118069742040937,3.025795906300144e-05,,False
figure1_supp_lam1.5,figure1_supp,292,14,0.0877,0.0876700618606581,2.9938139341906256e-05,,False
figure1_supp_lam1.5,figure1_supp,293,8,0.0,0.0,0.0,,False
figure1_supp_lam1.5,figure1_supp,293,9,0.0,0.0,0.0,,False
figure1_supp_lam1.5,figure1_supp,293,10,0.7938,0.793846067271195,4.6067271195049386e-05,,False
figure1_supp_lam1.5,figure1_supp,293,11,0.0884,0.0884324790124728,3.2479012472788615e-05,,False
figure1_supp_lam1.5,figure1_supp,293,12,0.0,0.0,0.0,,False
figure1_supp_lam1.5,figure1_supp,293,13,0.1177,0.117721453716332,2.145371633199833e-05,,False
figure1_supp_lam1.5,figure1_supp,293,14,0.0658,0.0657820495295637,1.795047043630371e-05,,False
figure1_supp_lam1.5,figure1_supp,294,8,0.0,0.0,0.0,,False
figure1_supp_lam1.5,figure1_supp,294,9,0.0,0.0,0.0,,False
figure1_supp_lam1.5,figure1_supp,294,10,0.7945,0.794452402367456,4.759763254402749e-05,,False
figure1_supp_lam1.5,figure1_supp,294,11,0.0882,0.0881723834859656,2.761651403440646e-05,,False
figure1_supp_lam1.5,figure1_supp,294,12,0.0,0.0,0.0,,False
figure1_supp_lam1.5,figure1_supp,294,13,0.1174,0.117375214146578,2.4785853421999127e-05,,False
figure1_supp_lam1.5,figure1_supp,294,14,0.0574,0.0574177182882321,1.7718288232097812e-05,,False
figure1_supp_lam1.5,figure1_supp,295,8,0.0,0.0,0.0,,False
figure1_supp_lam1.5,figure1_supp,295,9,0.0,0.0,0.0,,False
figure1_supp_lam1.5,figure1_supp,295,10,0.7951,0.795055181246144,4.4818753855979665e-05,,False
figure1_supp_lam1.5,figure1_supp,295,11,0.0879,0.0879138134464173,1.3813446417293429e-05,,False
figure1_supp_lam1.5,figure1_supp,295,12,0.0,0.0,0.0,,False
figure1_supp_lam1.5,figure1_supp,295,13,0.117,0.117031005307439,3.100530743899155e-05,,False
figure1_supp_lam1.5,figure1_supp,295,14,0.0726,0.0725878879611724,1.2112038827602478e-05,,False
figure1_supp_lam1.5,figure1_supp,296,8,0.0,0.0,0.0,,False
figure1_supp_lam1.5,figure1_supp,296,9,0.0,0.0,0.0,,False
figure1_supp_lam1.5,figure1_supp,296,10,0.7957,0.79565443510215,4.5564897850014496e-05,,False
figure1_supp_lam1.5,figure1_supp,296,11,0.0877,0.0876567555123635,4.324448763649846e-05,,False
figure1_supp_lam1.5,figure1_supp,296,12,0.0,0.0,0.0,,False
figure1_supp_lam1.5,figure1_supp,296,13,0.1167,0.116688809385487,1.1190614513004182e-05,,False
figure1_supp_lam1.5,figure1_supp,296,14,0.0722,0.072230234384693,3.0234384693003657e-05,,False
figure1_supp_lam1.5,figure1_supp,297,8,0.0,0.0,0.0,,False
figure1_supp_lam1.5,figure1_supp,297,9,0.0,0.0,0.0,,False
figure1_supp_lam1.5,figure1_supp,297,10,0.7963,0.796250194766575,4.9805233425015416e-05,,False
figure1_supp_lam1.5,figure1_supp,297,11,0.0874,0.0874011964583915,1.196458391500288e-06,,False
figure1_supp_lam1.5,figure1_supp,297,12,0.0,0.0,0.0,,False
figure1_supp_lam1.5,figure1_supp,297,13,0.1163,0.116348608775034,4.860877503400085e-05,,False
figure1_supp_lam1.5,figure1_supp,297,14,0.0676,0.067585216128616,1.478387138399706e-05,,False
figure1_supp_lam1.5,figure1_supp,298,8,0.0,0.0,0.0,,False
figure1_supp_lam1.5,figure1_supp,298,9,0.0,0.0,0.0,,False
figure1_supp_lam1.5,figure1_supp,298,10,0.7968,0.796842490712021,4.249071202100385e-05,,False
figure1_supp_lam1.5,figure1_supp,298,11,0.0871,0.0871471232128729,4.712321287290988e-05,,False
figure1_supp_lam1.5,figure1_supp,298,12,0.0,0.0,0.0,,False
figure1_supp_lam1.5,figure1_supp,298,13,0.116,0.116010386075106,1.0386075105991988e-05,,False
figure1_supp_lam1.5,figure1_supp,298,14,0.078,0.0780346013418226,3.4601341822593223e-05,,False
figure1_supp_lam1.5,figure1_supp,299,8,0.0,0.0,0.0,,False
figure1_supp_lam1.5,figure1_supp,299,9,0.0,0.0,0.0,,False
figure1_supp_lam1.5,figure1_supp,299,10,0.7974,0.797431353057783,3.135305778301234e-05,,False
figure1_supp_lam1.5,figure1_supp,299,11,0.0869,0.0868945228557342,5.477144265811362e-06,,False
figure1_supp_lam1.5,figure1_supp,299,12,0.0,0.0,0.0,,False
figure1_supp_lam1.5,figure1_supp,299,13,0.1157,0.115674124086483,2.587591351699281e-05,,False
figure1_supp_lam1.5,figure1_supp,299,14,0.0689,0.0688722520608782,2.7747939121802734e-05,,False
figure1_supp_lam1.5,figure1_supp,300,8,0.0,0.0,0.0,,False
figure1_supp_lam1.5,figure1_supp,300,9,0.0,0.0,0.0,,False
figure1_supp_lam1.5,figure1_supp,300,10,0.798,0.798016811574957,1.681157495692087e-05,,False
figure1_supp_lam1.5,figure1_supp,300,11,0.0866,0.0866433826162668,4.338261626680995e-05,,False
figure1_supp_lam1.5,figure1_supp,300,12,0.0,0.0,0.0,,False
figure1_supp_lam1.5,figure1_supp,300,13,0.1153,0.115339805808776,3.980580877599449e-05,,False
figure1_supp_lam1.5,figure1_supp,300,14,0.0637,0.0637389731480263,3.8973148026297255e-05,,False
figure1_supp_lam1.5,figure1_supp,301,8,0.0,0.0,0.0,,False
figure1_supp_lam1.5,figure1_supp,301,9,0.0,0.0,0.0,,False
figure1_supp_lam1.5,figure1_supp,301,10,0.7986,0.798598895691456,1.1043085439421674e-06,,False
figure1_supp_lam1.5,figure1_supp,301,11,0.0864,0.0863936898709749,6.3101290251055264e-06,,False
figure1_supp_lam1.5,figure1_supp,301,12,0.0,0.0,0.0,,False
figure1_supp_lam1.5,figure1_supp,301,13,0.115,0.11500741443757,7.414437569991383e-06,,False
figure1_supp_lam1.5,figure1_supp,301,14,0.0616,0.0615992106631036,7.893368964007053e-07,,False
figure1_supp_lam1.5,figure1_supp,302,8,0.0,0.0,0.0,,False
figure1_supp_lam1.5,figure1_supp,302,9,0.0,0.0,0.0,,False
figure1_supp_lam1.5,figure1_supp,302,10,0.7992,0.79917763449694,2.236550306000673e-05,,False
figure1_supp_lam1.5,figure1_supp,302,11,0.0861,0.0861454321414606,4.5432141460605147e-05,,False
figure1_supp_lam1.5,figure1_supp,302,12,0.0,0.0,0.0,,False
figure1_supp_lam1.5,figure1_supp,302,13,0.1147,0.1146769333616,2.306663840000167e-05,,False
figure1_supp_lam1.5,figure1_supp,302,14,0.0728,0.0728141916702624,1.419167026239787e-05,,False
figure1_supp_lam1.5,figure1_supp,303,8,0.0,0.0,0.0,,False
figure1_supp_lam1.5,figure1_supp,303,9,0.0,0.0,0.0,,False
figure1_supp_lam1.5,figure1_supp,303,10,0.7998,0.799753056747665,4.6943252335007735e-05,,False
figure1_supp_lam1.5,figure1_supp,303,11,0.0859,0.0858985970923447,1.4029076553095932e-06,,False
figure1_supp_lam1.5,figure1_supp,303,12,0.0,0.0,0.0,,False
figure1_supp_lam1.5,figure1_supp,303,13,0.1143,0.11434834615999,4.834615998999814e-05,,False
figure1_supp_lam1.5,figure1_supp,303,14,0.105,0.105029919626948,2.9919626948010647e-05,,False
figure1_supp_lam1.5,figure1_supp,304,8,0.0,0.0,0.0,,False
figure1_supp_lam1.5,figure1_supp,304,9,0.0,0.0,0.0,,False
figure1_supp_lam1.5,figure1_supp,304,10,0.8003,0.800325190871243,2.519087124297492e-05,,False
figure1_supp_lam1.5,figure1_supp,304,11,0.0857,0.0856531725292237,4.6827470776292235e-05,,False
figure1_supp_lam1.5,figure1_supp,304,12,0.0,0.0,0.0,,False
figure1_supp_lam1.5,figure1_supp,304,13,0.114,0.114021636599533,2.1636599532998124e-05,,False
figure1_supp_lam1.5,figure1_supp,304,14,0.1201,0.120076829862184,2.3170137815997638e-05,,False
figure1_supp_lam1.5,figure1_supp,305,8,0.0,0.0,0.0,,False
figure1_supp_lam1.5,figure1_supp,305,9,0.0,0.0,0.0,,False
figure1_supp_lam1.5,figure1_supp,305,10,0.8009,0.800894064971325,5.93502867496376e-06,,False
figure1_supp_lam1.5,figure1_supp,305,11,0.0854,0.0854091463966618,9.14639666180217e-06,,False
figure1_supp_lam1.5,figure1_supp,305,12,0.0,0.0,0.0,,False
figure1_supp_lam1.5,figure1_supp,305,13,0.1137,0.113696788632013,3.211367986991065e-06,,False
figure1_supp_lam1.5,figure1_supp,305,14,0.1201,0.12013973345107,3.9733451070000925e-05,,False
figure1_supp_lam1.5,figure1_supp,306,8,0.0,0.0,0.0,,False
figure1_supp_lam1.5,figure1_supp,306,9,0.0,0.0,0.0,,False
figure1_supp_lam1.5,figure1_supp,306,10,0.8015,0.801459706832202,4.029316779796677e-05,,False
figure1_supp_lam1.5,figure1_supp,306,11,0.0852,0.0851665067762167,3.3493223783293e-05,,False
figure1_supp_lam1.5,figure1_supp,306,12,0.0,0.0,0.0,,False
figure1_supp_lam1.5,figure1_supp,306,13,0.1134,0.113373786391581,2.6213608419006773e-05,,False
figure1_supp_lam1.5,figure1_supp,306,14,0.1335,0.133504374865263,4.3748652630015705e-06,,False
figure1_supp_lam1.5,figure1_supp,307,8,0.2519,0.251927891320312,2.7891320312001255e-05,,False
figure1_supp_lam1.5,figure1_supp,307,9,0.9961,0.996142308873822,4.2308873822061166e-05,,False
figure1_supp_lam1.5,figure1_supp,307,10,0.7992,0.799200211037001,2.1103700098557e-07,,False
figure1_supp_lam1.5,figure1_supp,307,11,0.0849,0.0849252418844994,2.524188449939957e-05,,False
figure1_supp_lam1.5,figure1_supp,307,12,0.0,0.0,0.0,,False
figure1_supp_lam1.5,figure1_supp,307,13,0.1159,0.1158745470785,2.545292149999656e-05,,False
figure1_supp_lam1.5,figure1_supp,307,14,0.1128,0.112808667973881,8.667973881007485e-06,,False
figure1_supp_lam1.5,figure1_supp,308,8,0.2832,0.283230537043948,3.0537043948009046e-05,,False
figure1_supp_lam1.5,figure1_supp,308,9,1.0,1.0,0.0,,False
figure1_supp_lam1.5,figure1_supp,308,10,0.797,0.796999195960223,8.040397770914254e-07,,False
figure1_supp_lam1.5,figure1_supp,308,11,0.0853,0.0852966998279167,3.3001720833036874e-06,,False
figure1_supp_lam1.5,figure1_supp,308,12,0.0,0.0,0.0,,False
figure1_supp_lam1.5,figure1_supp,308,13,0.1177,0.117704104211861,4.1042118610057354e-06,,False
figure1_supp_lam1.5,figure1_supp,308,14,0.1328,0.132768221573501,3.177842649901286e-05,,False
figure1_supp_lam1.5,figure1_supp,309,8,0.0,0.0,0.0,,False
figure1_supp_lam1.5,figure1_supp,309,9,0.0,0.0,0.0,,False
figure1_supp_lam1.5,figure1_supp,309,10,0.7976,0.797571402295513,2.859770448693233e-05,,False
figure1_supp_lam1.5,figure1_supp,309,11,0.0851,0.0850612354433755,3.8764556624493185e-05,,False
figure1_supp_lam1.5,figure1_supp,309,12,0.0,0.0,0.0,,False
figure1_supp_lam1.5,figure1_supp,309,13,0.1174,0.117367362261112,3.263773888800836e-05,,False
figure1_supp_lam1.5,figure1_supp,309,14,0.1223,0.122344775323154,4.477532315400046e-05,,False
figure1_supp_lam1.5,figure1_supp,310,8,0.2559,0.255879080639342,2.0919360658011588e-05,,False
figure1_supp_lam1.5,figure1_supp,310,9,0.9955,0.995480972427082,1.9027572918051128e-05,,False
figure1_supp_lam1.5,figure1_supp,310,10,0.7953,0.795343727085618,4.372708561795058e-05,,False
figure1_supp_lam1.5,figure1_supp,310,11,0.0848,0.0848222993887593,2.2299388759305927e-05,,False
figure1_supp_lam1.5,figure1_supp,310,12,0.0,0.0,0.0,,False
figure1_supp_lam1.5,figure1_supp,310,13,0.1198,0.119833973525623,3.397352562299616e-05,,False
figure1_supp_lam1.5,figure1_supp,310,14,0.136,0.135961055543952,3.8944456048017884e-05,,False
figure1_supp_lam1.5,figure1_supp,311,8,0.4187,0.418691250921433,8.749078567016344e-06,,False
figure1_supp_lam1.5,figure1_supp,311,9,1.0,1.0,0.0,,False
figure1_supp_lam1.5,figure1_supp,311,10,0.793,0.792957399464689,4.260053531102148e-05,,False
figure1_supp_lam1.5,figure1_supp,311,11,0.0851,0.0850577513512255,4.2248648774501074e-05,,False
figure1_supp_lam1.5,figure1_supp,311,12,0.0,0.0,0.0,,False
figure1_supp_lam1.5,figure1_supp,311,13,0.122,0.121984849184085,1.5150815914993787e-05,,False
figure1_supp_lam1.5,figure1_supp,311,14,0.2001,0.200073973684075,2.6026315924992938e-05,,False
figure1_supp_lam1.5,figure1_supp,312,8,0.3253,0.325269185441607,3.0814558392988634e-05,,False
figure1_supp_lam1.5,figure1_supp,312,9,0.0,0.0,0.0,,False
figure1_supp_lam1.5,figure1_supp,312,10,0.7908,0.790755678599126,4.432140087395897e-05,,False
figure1_supp_lam1.5,figure1_supp,312,11,0.0877,0.0877424240594797,4.2424059479698184e-05,,False
figure1_supp_lam1.5,figure1_supp,312,12,0.0,0.0,0.0,,False
figure1_supp_lam1.5,figure1_supp,312,13,0.1215,0.121501897341394,1.8973413939971095e-06,,False
figure1_supp_lam1.5,figure1_supp,312,14,0.1823,0.182293210644892,6.789355107977846e-06,,False
figure1_supp_lam1.5,figure1_supp,313,8,0.3412,0.341227774252066,2.7774252066015137e-05,,False
figure1_supp_lam1.5,figure1_supp,313,9,0.0,0.0,0.0,,False
figure1_supp_lam1.5,figure1_supp,313,10,0.7886,0.788552478189757,4.7521810242923124e-05,,False
figure1_supp_lam1.5,figure1_supp,313,11,0.0903,0.0902862703660262,1.3729633973807998e-05,,False
figure1_supp_lam1.5,figure1_supp,313,12,0.0,0.0,0.0,,False
figure1_supp_lam1.5,figure1_supp,313,13,0.1212,0.121161251444217,3.8748555783008065e-05,,False
figure1_supp_lam1.5,figure1_supp,313,14,0.1728,0.172832627665199,3.262766519898652e-05,,False
figure1_supp_lam1.5,figure1_supp,314,8,0.0,0.0,0.0,,False
figure1_supp_lam1.5,figure1_supp,314,9,0.0,0.0,0.0,,False
figure1_supp_lam1.5,figure1_supp,314,10,0.7891,0.789128544854806,2.8544854805967468e-05,,False
figure1_supp_lam1.5,figure1_supp,314,11,0.0899,0.0899077702621132,7.770262113210302e-06,,False
figure1_supp_lam1.5,figure1_supp,314,12,0.0,0.0,0.0,,False
figure1_supp_lam1.5,figure1_supp,314,13,0.121,0.12096368488308,3.631511691999656e-05,,False
figure1_supp_lam1.5,figure1_supp,314,14,0.1727,0.172709124672102,9.124672102012177e-06,,False
figure1_supp_lam1.5,figure1_supp,315,8,0.0,0.0,0.0,,False
figure1_supp_lam1.5,figure1_supp,315,9,0.0,0.0,0.0,,False
figure1_supp_lam1.5,figure1_supp,315,10,0.7897,0.789712676309502,1.2676309502079874e-05,,False
figure1_supp_lam1.5,figure1_supp,315,11,0.0897,0.0896587182669273,4.1281733072703886e-05,,False
figure1_supp_lam1.5,figure1_supp,315,12,0.0,0.0,0.0,,False
figure1_supp_lam1.5,figure1_supp,315,13,0.1206,0.12062860542357,2.860542356999951e-05,,False
figure1_supp_lam1.5,figure1_supp,315,14,0.1243,0.124313192899556,1.319289955600822e-05,,False
figure1_supp_lam1.5,figure1_supp,316,8,0.0,0.0,0.0,,False
figure1_supp_lam1.5,figure1_supp,316,9,0.0,0.0,0.0,,False
figure1_supp_lam1.5,figure1_supp,316,10,0.7903,0.790293580518592,6.419481408004302e-06,,False
figure1_supp_lam1.5,figure1_supp,316,11,0.0894,0.0894110422496154,1.1042249615400568e-05,,False
figure1_supp_lam1.5,figure1_supp,316,12,0.0,0.0,0.0,,False
figure1_supp_lam1.5,figure1_supp,316,13,0.1203,0.120295377231793,4.622768207007688e-06,,False
figure1_supp_lam1.5,figure1_supp,316,14,0.0977,0.0976867459106342,1.325408936579675e-05,,False
figure1_supp_lam1.5,figure1_supp,317,8,0.0,0.0,0.0,,False
figure1_supp_lam1.5,figure1_supp,317,9,0.0,0.0,0.0,,False
figure1_supp_lam1.5,figure1_supp,317,10,0.7909,0.790871284153527,2.8715846473015283e-05,,False
figure1_supp_lam1.5,figure1_supp,317,11,0.0892,0.0891647308384595,3.526916154050763e-05,,False
figure1_supp_lam1.5,figure1_supp,317,12,0.0,0.0,0.0,,False
figure1_supp_lam1.5,figure1_supp,317,13,0.12,0.119963985008014,3.601499198599423e-05,,False
figure1_supp_lam1.5,figure1_supp,317,14,0.092,0.0920428278778298,4.282787782980413e-05,,False
figure1_supp_lam1.5,figure1_supp,318,8,0.0,0.0,0.0,,False
figure1_supp_lam1.5,figure1_supp,318,9,0.0,0.0,0.0,,False
figure1_supp_lam1.5,figure1_supp,318,10,0.7914,0.791445813592665,4.581359266497831e-05,,False
figure1_supp_lam1.5,figure1_supp,318,11,0.0889,0.0889197727867054,1.9772786705396506e-05,,False
figure1_supp_lam1.5,figure1_supp,318,12,0.0,0.0,0.0,,False
figure1_supp_lam1.5,figure1_supp,318,13,0.1196,0.119634413620629,3.441362062900355e-05,,False
figure1_supp_lam1.5,figure1_supp,318,14,0.0806,0.0805716604495391,2.8339550460901308e-05,,False
figure1_supp_lam1.5,figure1_supp,319,8,0.0,0.0,0.0,,False
figure1_supp_lam1.5,figure1_supp,319,9,0.0,0.0,0.0,,False
figure1_supp_lam1.5,figure1_supp,319,10,0.792,0.792017194925288,1.719492528795552e-05,,False
figure1_supp_lam1.5,figure1_supp,319,11,0.0887,0.0886761569708514,2.3843029148595818e-05,,False
figure1_supp_lam1.5,figure1_supp,319,12,0.0,0.0,0.0,,False
figure1_supp_lam1.5,figure1_supp,319,13,0.1193,0.11930664810386,6.648103860001919e-06,,False
figure1_supp_lam1.5,figure1_supp,319,14,0.0931,0.0931459704664729,4.597046647289438e-05,,False
figure1_supp_lam1.5,figure1_supp,320,8,0.0,0.0,0.0,,False
figure1_supp_lam1.5,figure1_supp,320,9,0.0,0.0,0.0,,False
figure1_supp_lam1.5,figure1_supp,320,10,0.7926,0.792585453955547,1.4546044452945495e-05,,False
figure1_supp_lam1.5,figure1_supp,320,11,0.0884,0.0884338723889638,3.387238896379596e-05,,False
figure1_supp_lam1.5,figure1_supp,320,12,0.0,0.0,0.0,,False
figure1_supp_lam1.5,figure1_supp,320,13,0.119,0.118980673655489,1.9326344510989246e-05,,False
figure1_supp_lam1.5,figure1_supp,320,14,0.1007,0.100658222065235,4.177793476499436e-05,,False
figure1_supp_lam1.5,figure1_supp,321,8,0.0,0.0,0.0,,False
figure1_supp_lam1.5,figure1_supp,321,9,0.0,0.0,0.0,,False
figure1_supp_lam1.5,figure1_supp,321,10,0.7932,0.793150616206349,4.9383793651047725e-05,,False
figure1_supp_lam1.5,figure1_supp,321,11,0.0882,0.0881929081590211,7.091840978898367e-06,,False
figure1_supp_lam1.5,figure1_supp,321,12,0.0,0.0,0.0,,False
figure1_supp_lam1.5,figure1_supp,321,13,0.1187,0.118656475634629,4.352436537100046e-05,,False
figure1_supp_lam1.5,figure1_supp,321,14,0.1325,0.132469518434431,3.0481565569007163e-05,,False
figure1_supp_lam1.5,figure1_supp,322,8,0.0,0.0,0.0,,False
figure1_supp_lam1.5,figure1_supp,322,9,0.0,0.0,0.0,,False
figure1_supp_lam1.5,figure1_supp,322,10,0.7937,0.79371270692318,1.270692318000588e-05,,False
figure1_supp_lam1.5,figure1_supp,322,11,0.088,0.0879532535172847,4.6746482715298576e-05,,False
figure1_supp_lam1.5,figure1_supp,322,12,0.0,0.0,0.0,,False
figure1_supp_lam1.5,figure1_supp,322,13,0.1183,0.118334039559535,3.403955953500126e-05,,False
figure1_supp_lam1.5,figure1_supp,322,14,0.1303,0.130309059038991,9.05903899101057e-06,,False
figure1_supp_lam1.5,figure1_supp,323,8,0.0,0.0,0.0,,False
figure1_supp_lam1.5,figure1_supp,323,9,0.0,0.0,0.0,,False
figure1_supp_lam1.5,figure1_supp,323,10,0.7943,0.79427175107786,2.824892214003949e-05,,False
figure1_supp_lam1.5,figure1_supp,323,11,0.0877,0.0877148978166958,1.4897816695794153e-05,,False
figure1_supp_lam1.5,figure1_supp,323,12,0.0,0.0,0.0,,False
figure1_supp_lam1.5,figure1_supp,323,13,0.118,0.118013351105444,1.3351105444009415e-05,,False
figure1_supp_lam1.5,figure1_supp,323,14,0.0488,0.0487542745577545,4.572544224550057e-05,,False
figure1_supp_lam1.5,figure1_supp,324,8,0.0,0.0,0.0,,False
figure1_supp_lam1.5,figure1_supp,324,9,0.0,0.0,0.0,,False
figure1_supp_lam1.5,figure1_supp,324,10,0.7948,0.794827773372244,2.77733722440221e-05,,False
figure1_supp_lam1.5,figure1_supp,324,11,0.0875,0.0874778305252993,2.2169474700697855e-05,,False
figure1_supp_lam1.5,figure1_supp,324,12,0.0,0.0,0.0,,False
figure1_supp_lam1.5,figure1_supp,324,13,0.1177,0.117694396102457,5.603897543005054e-06,,False
figure1_supp_lam1.5,figure1_supp,324,14,0.0607,0.0607397082759473,3.970827594730608e-05,,False
figure1_supp_lam1.5,figure1_supp,325,8,0.0,0.0,0.0,,False
figure1_supp_lam1.5,figure1_supp,325,9,0.0,0.0,0.0,,False
figure1_supp_lam1.5,figure1_supp,325,10,0.7954,0.795380798241861,1.9201758138964742e-05,,False
figure1_supp_lam1.5,figure1_supp,325,11,0.0872,0.0872420412246921,4.2041224692104806e-05,,False
figure1_supp_lam1.5,figure1_supp,325,12,0.0,0.0,0.0,,False
figure1_supp_lam1.5,figure1_supp,325,13,0.1174,0.117377160533447,2.2839466553001286e-05,,False
figure1_supp_lam1.5,figure1_supp,325,14,0.0634,0.0633867165692688,1.3283430731203527e-05,,False
figure1_supp_lam1.5,figure1_supp,326,8,0.0,0.0,0.0,,False
figure1_supp_lam1.5,figure1_supp,326,9,0.0,0.0,0.0,,False
figure1_supp_lam1.5,figure1_supp,326,10,0.7959,0.79593084985949,3.084985948997865e-05,,False
figure1_supp_lam1.5,figure1_supp,326,11,0.087,0.0870075196084967,7.519608496708852e-06,,False
figure1_supp_lam1.5,figure1_supp,326,12,0.0,0.0,0.0,,False
figure1_supp_lam1.5,figure1_supp,326,13,0.1171,0.117061630532013,3.836946798699281e-05,,False
figure1_supp_lam1.5,figure1_supp,326,14,0.0599,0.059911910141893,1.1910141893001214e-05,,False
figure1_supp_lam1.5,figure1_supp,327,8,0.0,0.0,0.0,,False
figure1_supp_lam1.5,figure1_supp,327,9,0.0,0.0,0.0,,False
figure1_supp_lam1.5,figure1_supp,327,10,0.7965,0.796477952138687,2.2047861312990413e-05,,False
figure1_supp_lam1.5,figure1_supp,327,11,0.0868,0.08677425548086,2.5744519140002975e-05,,False
figure1_supp_lam1.5,figure1_supp,327,12,0.0,0.0,0.0,,False
figure1_supp_lam1.5,figure1_supp,327,13,0.1167,0.116747792380453,4.7792380453007266e-05,,False
figure1_supp_lam1.5,figure1_supp,327,14,0.0557,0.0556552699189449,4.47300810550999e-05,,False
figure1_supp_lam1.5,figure1_supp,328,8,0.0,0.0,0.0,,False
figure1_supp_lam1.5,figure1_supp,328,9,0.0,0.0,0.0,,False
figure1_supp_lam1.5,figure1_supp,328,10,0.797,0.797022128737247,2.212873724694031e-05,,False
figure1_supp_lam1.5,figure1_supp,328,11,0.0865,0.0865422387549753,4.223875497530449e-05,,False
figure1_supp_lam1.5,figure1_supp,328,12,0.0,0.0,0.0,,False
figure1_supp_lam1.5,figure1_supp,328,13,0.1164,0.116435632507778,3.563250777799398e-05,,False
figure1_supp_lam1.5,figure1_supp,328,14,0.0741,0.074056349002762,4.365099723799282e-05,,False
figure1_supp_lam1.5,figure1_supp,329,8,0.0,0.0,0.0,,False
figure1_supp_lam1.5,figure1_supp,329,9,0.0,0.0,0.0,,False
figure1_supp_lam1.5,figure1_supp,329,10,0.7976,0.797563403060614,3.659693938595776e-05,,False
figure1_supp_lam1.5,figure1_supp,329,11,0.0863,0.0863114594516287,1.1459451628698103e-05,,False
figure1_supp_lam1.5,figure1_supp,329,12,0.0,0.0,0.0,,False
figure1_supp_lam1.5,figure1_supp,329,13,0.1161,0.116125137487757,2.5137487757009858e-05,,False
figure1_supp_lam1.5,figure1_supp,329,14,0.0546,0.0546248190890748,2.481908907479846e-05,,False
figure1_supp_lam1.5,figure1_supp,330,8,0.0,0.0,0.0,,False
figure1_supp_lam1.5,figure1_supp,330,9,0.0,0.0,0.0,,False
figure1_supp_lam1.5,figure1_supp,330,10,0.7981,0.79810179826524,1.7982652399384236e-06,,False
figure1_supp_lam1.5,figure1_supp,330,11,0.0861,0.086081907697768,1.8092302232000645e-05,,False
figure1_supp_lam1.5,figure1_supp,330,12,0.0,0.0,0.0,,False
figure1_supp_lam1.5,figure1_supp,330,13,0.1158,0.115816294036992,1.629403699200671e-05,,False
figure1_supp_lam1.5,figure1_supp,330,14,0.0603,0.0603195009058847,1.950090588469927e-05,,False
figure1_supp_lam1.5,figure1_supp,331,8,0.0,0.0,0.0,,False
figure1_supp_lam1.5,figure1_supp,331,9,0.0,0.0,0.0,,False
figure1_supp_lam1.5,figure1_supp,331,10,0.7986,0.798637337261884,3.733726188404063e-05,,False
figure1_supp_lam1.5,figure1_supp,331,11,0.0859,0.0858535737250948,4.642627490519802e-05,,False
figure1_supp_lam1.5,figure1_supp,331,12,0.0,0.0,0.0,,False
figure1_supp_lam1.5,figure1_supp,331,13,0.1155,0.115509089013021,9.089013020990855e-06,,False
figure1_supp_lam1.5,figure1_supp,331,14,0.0679,0.0679354928290617,3.549282906169238e-05,,False
figure1_supp_lam1.5,figure1_supp,332,8,0.2796,0.279647137450908,4.713745090800803e-05,,False
figure1_supp_lam1.5,figure1_supp,332,9,0.9973,0.997261410847592,3.858915240795291e-05,,False
figure1_supp_lam1.5,figure1_supp,332,10,0.7965,0.796531785018208,3.178501820799706e-05,,False
figure1_supp_lam1.5,figure1_supp,332,11,0.0856,0.0856264478686793,2.644786867930793e-05,,False
figure1_supp_lam1.5,figure1_supp,332,12,0.0,0.0,0.0,,False
figure1_supp_lam1.5,figure1_supp,332,13,0.1178,0.117841767113113,4.1767113113003185e-05,,False
figure1_supp_lam1.5,figure1_supp,332,14,0.1751,0.175109400457627,9.400457626984604e-06,,False
figure1_supp_lam1.5,figure1_supp,333,8,0.0,0.0,0.0,,False
figure1_supp_lam1.5,figure1_supp,333,9,0.0,0.0,0.0,,False
figure1_supp_lam1.5,figure1_supp,333,10,0.7971,0.797065868795124,3.413120487605337e-05,,False
figure1_supp_lam1.5,figure1_supp,333,11,0.0854,0.0854194448917445,1.9444891744491155e-05,,False
figure1_supp_lam1.5,figure1_supp,333,12,0.0,0.0,0.0,,False
figure1_supp_lam1.5,figure1_supp,333,13,0.1175,0.117514686313132,1.4686313132006301e-05,,False
figure1_supp_lam1.5,figure1_supp,333,14,0.1705,0.170501266728635,1.2667286349854479e-06,,False
figure1_supp_lam1.5,figure1_supp,334,8,0.0,0.0,0.0,,False
figure1_supp_lam1.5,figure1_supp,334,9,0.0,0.0,0.0,,False
figure1_supp_lam1.5,figure1_supp,334,10,0.7976,0.797599905982505,9.401749501147805e-08,,False
figure1_supp_lam1.5,figure1_supp,334,11,0.0852,0.0851946568788715,5.343121128500994e-06,,False
figure1_supp_lam1.5,figure1_supp,334,12,0.0,0.0,0.0,,False
figure1_supp_lam1.5,figure1_supp,334,13,0.1172,0.117205437138624,5.4371386239981945e-06,,False
figure1_supp_lam1.5,figure1_supp,334,14,0.1683,0.168328539960973,2.853996097298972e-05,,False
figure1_supp_lam1.5,figure1_supp,335,8,0.0,0.0,0.0,,False
figure1_supp_lam1.5,figure1_supp,335,9,0.0,0.0,0.0,,False
figure1_supp_lam1.5,figure1_supp,335,10,0.7981,0.798131139825071,3.113982507096935e-05,,False
figure1_supp_lam1.5,figure1_supp,335,11,0.085,0.0849710488555674,2.8951144432604048e-05,,False
figure1_supp_lam1.5,figure1_supp,335,12,0.0,0.0,0.0,,False
figure1_supp_lam1.5,figure1_supp,335,13,0.1169,0.116897811319362,2.188680638004481e-06,,False
figure1_supp_lam1.5,figure1_supp,335,14,0.1673,0.167291673727536,8.326272463998752e-06,,False
figure1_supp_lam1.5,figure1_supp,336,8,0.0,0.0,0.0,,False
figure1_supp_lam1.5,figure1_supp,336,9,0.0,0.0,0.0,,False
figure1_supp_lam1.5,figure1_supp,336,10,0.7987,0.798659592338618,4.040766138191376e-05,,False
figure1_supp_lam1.5,figure1_supp,336,11,0.0847,0.0847486115548983,4.861155489829794e-05,,False
figure1_supp_lam1.5,figure1_supp,336,12,0.0,0.0,0.0,,False
figure1_supp_lam1.5,figure1_supp,336,13,0.1166,0.116591796106484,8.203893515995597e-06,,False
figure1_supp_lam1.5,figure1_supp,336,14,0.1851,0.185113447649556,1.3447649556019847e-05,,False
figure1_supp_lam1.5,figure1_supp,337,8,0.0,0.0,0.0,,False
figure1_supp_lam1.5,figure1_supp,337,9,0.0,0.0,0.0,,False
figure1_supp_lam1.5,figure1_supp,337,10,0.7992,0.799185285309013,1.471469098701661e-05,,False
figure1_supp_lam1.5,figure1_supp,337,11,0.0845,0.0845273358067132,2.7335806713199573e-05,,False
figure1_supp_lam1.5,figure1_supp,337,12,0.0,0.0,0.0,,False
figure1_supp_lam1.5,figure1_supp,337,13,0.1163,0.116287378884274,1.2621115726002552e-05,,False
figure1_supp_lam1.5,figure1_supp,337,14,0.2103,0.210344471694147,4.447169414700802e-05,,False
figure1_supp_lam1.5,figure1_supp,338,8,0.2636,0.26356108352739,3.8916472610006636e-05,,False
figure1_supp_lam1.5,figure1_supp,338,9,0.3495,0.349469624084086,3.03759159139827e-05,,False
figure1_supp_lam1.5,figure1_supp,338,10,0.7971,0.797111121209361,1.1121209360975826e-05,,False
figure1_supp_lam1.5,figure1_supp,338,11,0.086,0.0859942544761572,5.745523842790035e-06,,False
figure1_supp_lam1.5,figure1_supp,338,12,0.0,0.0,0.0,,False
figure1_supp_lam1.5,figure1_supp,338,13,0.1169,0.116894624314482,5.37568551800538e-06,,False
figure1_supp_lam1.5,figure1_supp,338,14,0.2228,0.222788304660474,1.1695339525996662e-05,,False
figure1_supp_lam1.5,figure1_supp,339,8,0.0,0.0,0.0,,False
figure1_supp_lam1.5,figure1_supp,339,9,0.0,0.0,0.0,,False
figure1_supp_lam1.5,figure1_supp,339,10,0.7976,0.797640890994633,4.089099463300272e-05,,False
figure1_supp_lam1.5,figure1_supp,339,11,0.0859,0.0858630983202912,3.6901679708808977e-05,,False
figure1_supp_lam1.5,figure1_supp,339,12,0.0,0.0,0.0,,False
figure1_supp_lam1.5,figure1_supp,339,13,0.1165,0.116496010685076,3.989314923999454e-06,,False
figure1_supp_lam1.5,figure1_supp,339,14,0.2205,0.220544657035795,4.465703579500935e-05,,False
figure1_supp_lam1.5,figure1_supp,340,8,0.0,0.0,0.0,,False
figure1_supp_lam1.5,figure1_supp,340,9,0.0,0.0,0.0,,False
figure1_supp_lam1.5,figure1_supp,340,10,0.7982,0.79816513739102,3.486260898000193e-05,,False
figure1_supp_lam1.5,figure1_supp,340,11,0.0856,0.0856406550603941,4.0655060394106934e-05,,False
figure1_supp_lam1.5,figure1_supp,340,12,0.0,0.0,0.0,,False
figure1_supp_lam1.5,figure1_supp,340,13,0.1162,0.116194207548586,5.792451413993982e-06,,False
figure1_supp_lam1.5,figure1_supp,340,14,0.2108,0.21081360983883,1.3609838830003218e-05,,False
figure1_supp_lam1.5,figure1_supp,341,8,0.0,0.0,0.0,,False
figure1_supp_lam1.5,figure1_supp,341,9,0.0,0.0,0.0,,False
figure1_supp_lam1.5,figure1_supp,341,10,0.7987,0.798686674503705,1.332549629495805e-05,,False
figure1_supp_lam1.5,figure1_supp,341,11,0.0854,0.0854193613780674,1.9361378067392354e-05,,False
figure1_supp_lam1.5,figure1_supp,341,12,0.0,0.0,0.0,,False
figure1_supp_lam1.5,figure1_supp,341,13,0.1159,0.115893964118228,6.0358817720040925e-06,,False
figure1_supp_lam1.5,figure1_supp,341,14,0.2046,0.204575165994497,2.4834005503016066e-05,,False
figure1_supp_lam1.5,figure1_supp,342,8,0.2753,0.27527615916672,2.3840833279997753e-05,,False
figure1_supp_lam1.5,figure1_supp,342,9,0.9973,0.997261718068891,3.828193110899658e-05,,False
figure1_supp_lam1.5,figure1_supp,342,10,0.7966,0.796635261120785,3.5261120785001765e-05,,False
figure1_supp_lam1.5,figure1_supp,342,11,0.0852,0.085199208384825,7.916151749942646e-07,,False
figure1_supp_lam1.5,figure1_supp,342,12,0.0,0.0,0.0,,False
figure1_supp_lam1.5,figure1_supp,342,13,0.1182,0.118165530494389,3.446950561099282e-05,,False
figure1_supp_lam1.5,figure1_supp,342,14,0.183,0.18298344949595,1.6550504050000248e-05,,False
figure1_supp_lam1.5,figure1_supp,343,8,0.4292,0.42920040414026,4.041402599797017e-07,,False
figure1_supp_lam1.5,figure1_supp,343,9,1.0,1.0,0.0,,False
figure1_supp_lam1.5,figure1_supp,343,10,0.7946,0.794577612886401,2.238711359892065e-05,,False
figure1_supp_lam1.5,figure1_supp,343,11,0.085,0.085005772492951,5.772492951000574e-06,,False
figure1_supp_lam1.5,figure1_supp,343,12,0.0,0.0,0.0,,False
figure1_supp_lam1.5,figure1_supp,343,13,0.1204,0.120416614620647,1.661462064700414e-05,,False
figure1_supp_lam1.5,figure1_supp,343,14,0.1808,0.180761229804814,3.877019518599978e-05,,False
figure1_supp_lam1.5,figure1_supp,344,8,0.0,0.0,0.0,,False
figure1_supp_lam1.5,figure1_supp,344,9,0.0,0.0,0.0,,False
figure1_supp_lam1.5,figure1_supp,344,10,0.7951,0.79510541946292,5.4194629199866284e-06,,False
figure1_supp_lam1.5,figure1_supp,344,11,0.0848,0.0847984353701901,1.5646298098942468e-06,,False
figure1_supp_lam1.5,figure1_supp,344,12,0.0,0.0,0.0,,False
figure1_supp_lam1.5,figure1_supp,344,13,0.1201,0.12009614516689,3.854833109995237e-06,,False
figure1_supp_lam1.5,figure1_supp,344,14,0.1613,0.161290556515784,9.443484215998499e-06,,False
figure1_supp_lam1.5,figure1_supp,345,8,0.0,0.0,0.0,,False
figure1_supp_lam1.5,figure1_supp,345,9,0.0,0.0,0.0,,False
figure1_supp_lam1.5,figure1_supp,345,10,0.7956,0.795629446523117,2.9446523116982704e-05,,False
figure1_supp_lam1.5,figure1_supp,345,11,0.0846,0.0845815595764045,1.8440423595500466e-05,,False
figure1_supp_lam1.5,figure1_supp,345,12,0.0,0.0,0.0,,False
figure1_supp_lam1.5,figure1_supp,345,13,0.1198,0.119788993900479,1.1006099521010393e-05,,False
figure1_supp_lam1.5,figure1_supp,345,14,0.132,0.131978369122203,2.163087779699646e-05,,False
figure1_supp_lam1.5,figure1_supp,346,8,0.0,0.0,0.0,,False
figure1_supp_lam1.5,figure1_supp,346,9,0.0,0.0,0.0,,False
figure1_supp_lam1.5,figure1_supp,346,10,0.7962,0.796150799975864,4.9200024135998e-05,,False
figure1_supp_lam1.5,figure1_supp,346,11,0.0844,0.0843657902917708,3.420970822920477e-05,,False
figure1_supp_lam1.5,figure1_supp,346,12,0.0,0.0,0.0,,False
figure1_supp_lam1.5,figure1_supp,346,13,0.1195,0.119483409732366,1.659026763399518e-05,,False
figure1_supp_lam1.5,figure1_supp,346,14,0.1556,0.155629252956092,2.92529560920185e-05,,False
figure1_supp_lam1.5,figure1_supp,347,8,0.0,0.0,0.0,,False
figure1_supp_lam1.5,figure1_supp,347,9,0.0,0.0,0.0,,False
figure1_supp_lam1.5,figure1_supp,347,10,0.7967,0.796669500230378,3.049976962199441e-05,,False
figure1_supp_lam1.5,figure1_supp,347,11,0.0842,0.0841511190696543,4.888093034569052e-05,,False
figure1_supp_lam1.5,figure1_supp,347,12,0.0,0.0,0.0,,False
figure1_supp_lam1.5,figure1_supp,347,13,0.1192,0.119179380699968,2.0619300031998744e-05,,False
figure1_supp_lam1.5,figure1_supp,347,14,0.1557,0.155709128368801,9.128368800986886e-06,,False
figure1_supp_lam1.5,figure1_supp,348,8,0.0,0.0,0.0,,False
figure1_supp_lam1.5,figure1_supp,348,9,0.0,0.0,0.0,,False
figure1_supp_lam1.5,figure1_supp,348,10,0.7972,0.797185567488676,1.4432511324047326e-05,,False
figure1_supp_lam1.5,figure1_supp,348,11,0.0839,0.0839375375491729,3.753754917289187e-05,,False
figure1_supp_lam1.5,figure1_supp,348,12,0.0,0.0,0.0,,False
figure1_supp_lam1.5,figure1_supp,348,13,0.1189,0.118876894962151,2.310503784901108e-05,,False
figure1_supp_lam1.5,figure1_supp,348,14,0.127,0.126973190474883,2.6809525116994193e-05,,False
figure1_supp_lam1.5,figure1_supp,349,8,0.0,0.0,0.0,,False
figure1_supp_lam1.5,figure1_supp,349,9,0.0,0.0,0.0,,False
figure1_supp_lam1.5,figure1_supp,349,10,0.7977,0.797699021748199,9.782518010093e-07,,False
figure1_supp_lam1.5,figure1_supp,349,11,0.0837,0.0837250374541118,2.5037454111809243e-05,,False
figure1_supp_lam1.5,figure1_supp,349,12,0.0,0.0,0.0,,False
figure1_supp_lam1.5,figure1_supp,349,13,0.1186,0.118575940797689,2.4059202310994232e-05,,False
figure1_supp_lam1.5,figure1_supp,349,14,0.1484,0.148418616403107,1.8616403106991308e-05,,False
figure1_supp_lam1.5,figure1_supp,350,8,0.0,0.0,0.0,,False
figure1_supp_lam1.5,figure1_supp,350,9,0.0,0.0,0.0,,False
figure1_supp_lam1.5,figure1_supp,350,10,0.7982,0.798209882804391,9.882804390959343e-06,,False
figure1_supp_lam1.5,figure1_supp,350,11,0.0835,0.0835136105918539,1.3610591853896459e-05,,False
figure1_supp_lam1.5,figure1_supp,350,12,0.0,0.0,0.0,,False
figure1_supp_lam1.5,figure1_supp,350,13,0.1183,0.118276506603756,2.3493396244009257e-05,,False
figure1_supp_lam1.5,figure1_supp,350,14,0.1357,0.135671016032113,2.8983967886975215e-05,,False
figure1_supp_lam1.5,figure1_supp,351,8,0.2869,0.28694808561124,4.8085611240034076e-05,,False
figure1_supp_lam1.5,figure1_supp,351,9,0.0,0.0,0.0,,False
figure1_supp_lam1.5,figure1_supp,351,10,0.7962,0.796204830119073,4.830119072929406e-06,,False
figure1_supp_lam1.5,figure1_supp,351,11,0.0858,0.0858165889865006,1.6588986500601366e-05,,False
figure1_supp_lam1.5,figure1_supp,351,12,0.0,0.0,0.0,,False
figure1_supp_lam1.5,figure1_supp,351,13,0.118,0.117978580894426,2.141910557398874e-05,,False
figure1_supp_lam1.5,figure1_supp,351,14,0.16,0.159981951765463,1.8048234536993668e-05,,False
figure1_supp_lam1.5,figure1_supp,352,8,0.321,0.321000371714716,3.717147160076095e-07,,False
figure1_supp_lam1.5,figure1_supp,352,9,1.0,1.0,0.0,,False
figure1_supp_lam1.5,figure1_supp,352,10,0.7942,0.794229640064737,2.964006473693548e-05,,False
figure1_supp_lam1.5,figure1_supp,352,11,0.0848,0.0848228484186215,2.284841862150444e-05,,False
figure1_supp_lam1.5,figure1_supp,352,12,0.0,0.0,0.0,,False
figure1_supp_lam1.5,figure1_supp,352,13,0.1209,0.120947511516642,4.7511516642007035e-05,,False
figure1_supp_lam1.5,figure1_supp,352,14,0.1477,0.147742314135206,4.23141352060008e-05,,False
figure1_supp_lam1.5,figure1_supp,353,8,0.0,0.0,0.0,,False
figure1_supp_lam1.5,figure1_supp,353,9,0.0,0.0,0.0,,False
figure1_supp_lam1.5,figure1_supp,353,10,0.7947,0.794746736428547,4.673642854702287e-05,,False
figure1_supp_lam1.5,figure1_supp,353,11,0.0846,0.0846146705597911,1.4670559791110649e-05,,False
figure1_supp_lam1.5,figure1_supp,353,12,0.0,0.0,0.0,,False
figure1_supp_lam1.5,figure1_supp,353,13,0.1206,0.120638593011662,3.859301166199425e-05,,False
figure1_supp_lam1.5,figure1_supp,353,14,0.1438,0.143825896968528,2.5896968527977515e-05,,False
figure1_supp_lam1.5,figure1_supp,354,8,0.2828,0.282843765257662,4.3765257662031765e-05,,False
figure1_supp_lam1.5,figure1_supp,354,9,0.9971,0.997071786988985,2.8213011014965872e-05,,False
figure1_supp_lam1.5,figure1_supp,354,10,0.7928,0.792767190120004,3.28098799959875e-05,,False
figure1_supp_lam1.5,figure1_supp,354,11,0.0844,0.0844031338833916,3.133883391598369e-06,,False
figure1_supp_lam1.5,figure1_supp,354,12,0.0,0.0,0.0,,False
figure1_supp_lam1.5,figure1_supp,354,13,0.1228,0.122829675996605,2.9675996604999755e-05,,False
figure1_supp_lam1.5,figure1_supp,354,14,0.1507,0.150685179581142,1.482041885800256e-05,,False
figure1_supp_lam1.5,figure1_supp,355,8,0.0,0.0,0.0,,False
figure1_supp_lam1.5,figure1_supp,355,9,0.0,0.0,0.0,,False
figure1_supp_lam1.5,figure1_supp,355,10,0.7933,0.793276049741003,2.395025899704084e-05,,False
figure1_supp_lam1.5,figure1_supp,355,11,0.0842,0.084202664002656,2.664002655999864e-06,,False
figure1_supp_lam1.5,figure1_supp,355,12,0.0,0.0,0.0,,False
figure1_supp_lam1.5,figure1_supp,355,13,0.1225,0.122521286256341,2.1286256340999343e-05,,False
figure1_supp_lam1.5,figure1_supp,355,14,0.1276,0.127583704769441,1.6295230558988072e-05,,False
figure1_supp_lam1.5,figure1_supp,356,8,0.0,0.0,0.0,,False
figure1_supp_lam1.5,figure1_supp,356,9,0.0,0.0,0.0,,False
figure1_supp_lam1.5,figure1_supp,356,10,0.7938,0.793790288423239,9.711576760995655e-06,,False
figure1_supp_lam1.5,figure1_supp,356,11,0.084,0.0839932046394653,6.795360534703199e-06,,False
figure1_supp_lam1.5,figure1_supp,356,12,0.0,0.0,0.0,,False
figure1_supp_lam1.5,figure1_supp,356,13,0.1222,0.122216506937296,1.6506937295990287e-05,,False
figure1_supp_lam1.5,figure1_supp,356,14,0.122,0.122032968931656,3.296893165599668e-05,,False
figure1_supp_lam1.5,figure1_supp,357,8,0.0628,0.0627954736313219,4.5263686780927515e-06,,False
figure1_supp_lam1.5,figure1_supp,357,9,0.7319,0.731889546463025,1.0453536975041366e-05,,False
figure1_supp_lam1.5,figure1_supp,357,10,0.7918,0.791827635310265,2.763531026506172e-05,,False
figure1_supp_lam1.5,figure1_supp,357,11,0.0844,0.0844430214260733,4.302142607329196e-05,,False
figure1_supp_lam1.5,figure1_supp,357,12,0.0,0.0,0.0,,False
figure1_supp_lam1.5,figure1_supp,357,13,0.1237,0.123729343263662,2.9343263661996133e-05,,False
figure1_supp_lam1.5,figure1_supp,357,14,0.1227,0.122718487604443,1.8487604442993244e-05,,False
figure1_supp_lam1.5,figure1_supp,358,8,0.3169,0.316898887740541,1.1122594590351476e-06,,False
figure1_supp_lam1.5,figure1_supp,358,9,0.0,0.0,0.0,,False
figure1_supp_lam1.5,figure1_supp,358,10,0.7898,0.789790229784238,9.770215761983891e-06,,False
figure1_supp_lam1.5,figure1_supp,358,11,0.0864,0.086366040420367,3.395957963300833e-05,,False
figure1_supp_lam1.5,figure1_supp,358,12,0.0,0.0,0.0,,False
figure1_supp_lam1.5,figure1_supp,358,13,0.1238,0.123843729795395,4.37297953950061e-05,,False
figure1_supp_lam1.5,figure1_supp,358,14,0.1064,0.106369179014868,3.082098513199072e-05,,False
figure1_supp_lam1.5,figure1_supp,359,8,0.0,0.0,0.0,,False
figure1_supp_lam1.5,figure1_supp,359,9,0.0,0.0,0.0,,False
figure1_supp_lam1.5,figure1_supp,359,10,0.7903,0.790299073834023,9.261659770221087e-07,,False
figure1_supp_lam1.5,figure1_supp,359,11,0.0861,0.0861306996674375,3.0699667437503186e-05,,False
figure1_supp_lam1.5,figure1_supp,359,12,0.0,0.0,0.0,,False
figure1_supp_lam1.5,figure1_supp,359,13,0.1236,0.123570226498539,2.9773501461008434e-05,,False
figure1_supp_lam1.5,figure1_supp,359,14,0.1014,0.101399271454493,7.285455070060731e-07,,False
figure1_supp_lam1.5,figure1_supp,360,8,0.0,0.0,0.0,,False
figure1_supp_lam1.5,figure1_supp,360,9,0.0,0.0,0.0,,False
figure1_supp_lam1.5,figure1_supp,360,10,0.7908,0.790815578578274,1.5578578274055843e-05,,False
figure1_supp_lam1.5,figure1_supp,360,11,0.0859,0.0859185550869758,1.8555086975791113e-05,,False
figure1_supp_lam1.5,figure1_supp,360,12,0.0,0.0,0.0,,False
figure1_supp_lam1.5,figure1_supp,360,13,0.1233,0.12326586633475,3.413366525001349e-05,,False
figure1_supp_lam1.5,figure1_supp,360,14,0.0977,0.09769953052874,4.6947125999230455e-07,,False
figure1_supp_lam1.5,figure1_supp,361,8,0.0,0.0,0.0,,False
figure1_supp_lam1.5,figure1_supp,361,9,0.0,0.0,0.0,,False
figure1_supp_lam1.5,figure1_supp,361,10,0.7913,0.791329545215674,2.954521567399837e-05,,False
figure1_supp_lam1.5,figure1_supp,361,11,0.0857,0.085707452986025,7.452986025002772e-06,,False
figure1_supp_lam1.5,figure1_supp,361,12,0.0,0.0,0.0,,False
figure1_supp_lam1.5,figure1_supp,361,13,0.123,0.122963001798301,3.699820169900114e-05,,False
figure1_supp_lam1.5,figure1_supp,361,14,0.0875,0.0875163193985697,1.6319398569705768e-05,,False
figure1_supp_lam1.5,figure1_supp,362,8,0.0,0.0,0.0,,False
figure1_supp_lam1.5,figure1_supp,362,9,0.0,0.0,0.0,,False
figure1_supp_lam1.5,figure1_supp,362,10,0.7918,0.791840992408773,4.099240877308841e-05,,False
figure1_supp_lam1.5,figure1_supp,362,11,0.0855,0.0854973856992946,2.6143007054030276e-06,,False
figure1_supp_lam1.5,figure1_supp,362,12,0.0,0.0,0.0,,False
figure1_supp_lam1.5,figure1_supp,362,13,0.1227,0.122661621891932,3.837810806800457e-05,,False
figure1_supp_lam1.5,figure1_supp,362,14,0.1044,0.104438213592988,3.821359298798732e-05,,False
figure1_supp_lam1.5,figure1_supp,363,8,0.0,0.0,0.0,,False
figure1_supp_lam1.5,figure1_supp,363,9,0.0,0.0,0.0,,False
figure1_supp_lam1.5,figure1_supp,363,10,0.7923,0.792349938637602,4.993863760194284e-05,,False
figure1_supp_lam1.5,figure1_supp,363,11,0.0853,0.0852883456364601,1.1654363539906343e-05,,False
figure1_supp_lam1.5,figure1_supp,363,12,0.0,0.0,0.0,,False
figure1_supp_lam1.5,figure1_supp,363,13,0.1224,0.122361715725937,3.828427406299406e-05,,False
figure1_supp_lam1.5,figure1_supp,363,14,0.0836,0.0835929614380044,7.0385619955898315e-06,,False
figure1_supp_lam1.5,figure1_supp,364,8,0.3059,0.305936860281245,3.686028124499918e-05,,False
figure1_supp_lam1.5,figure1_supp,364,9,0.0,0.0,0.0,,False
figure1_supp_lam1.5,figure1_supp,364,10,0.7904,0.790417377811657,1.737781165700447e-05,,False
figure1_supp_lam1.5,figure1_supp,364,11,0.0875,0.0875193496714931,1.9349671493099074e-05,,False
figure1_supp_lam1.5,figure1_supp,364,12,0.0,0.0,0.0,,False
figure1_supp_lam1.5,figure1_supp,364,13,0.1221,0.12206327251685,3.67274831500064e-05,,False
figure1_supp_lam1.5,figure1_supp,364,14,0.1084,0.108388271530224,1.1728469775998396e-05,,False
figure1_supp_lam1.5,figure1_supp,365,8,0.0,0.0,0.0,,False
figure1_supp_lam1.5,figure1_supp,365,9,0.0,0.0,0.0,,False
figure1_supp_lam1.5,figure1_supp,365,10,0.7909,0.790920566612064,2.0566612063954715e-05,,False
figure1_supp_lam1.5,figure1_supp,365,11,0.0872,0.0872255168528724,2.5516852872400908e-05,,False
figure1_supp_lam1.5,figure1_supp,365,12,0.0,0.0,0.0,,False
figure1_supp_lam1.5,figure1_supp,365,13,0.1219,0.121853916535064,4.60834649359948e-05,,False
figure1_supp_lam1.5,figure1_supp,365,14,0.1128,0.11282278401145,2.2784011450005526e-05,,False
figure1_supp_lam1.5,figure1_supp,366,8,0.0,0.0,0.0,,False
figure1_supp_lam1.5,figure1_supp,366,9,0.0,0.0,0.0,,False
figure1_supp_lam1.5,figure1_supp,366,10,0.7914,0.791428040964947,2.8040964947018132e-05,,False
figure1_supp_lam1.5,figure1_supp,366,11,0.087,0.0870138044333266,1.3804433326602972e-05,,False
figure1_supp_lam1.5,figure1_supp,366,12,0.0,0.0,0.0,,False
figure1_supp_lam1.5,figure1_supp,366,13,0.1216,0.121558154601727,4.1845398272996603e-05,,False
figure1_supp_lam1.5,figure1_supp,366,14,0.1094,0.109424037367902,2.4037367902005058e-05,,False
figure1_supp_lam1.5,figure1_supp,367,8,0.0,0.0,0.0,,False
figure1_supp_lam1.5,figure1_supp,367,9,0.0,0.0,0.0,,False
figure1_supp_lam1.5,figure1_supp,367,10,0.7919,0.791933057814911,3.3057814910919525e-05,,False
figure1_supp_lam1.5,figure1_supp,367,11,0.0868,0.086803117255522,3.1172555220032594e-06,,False
figure1_supp_lam1.5,figure1_supp,367,12,0.0,0.0,0.0,,False
figure1_supp_lam1.5,figure1_supp,367,13,0.1213,0.121263824929568,3.617507043200685e-05,,False
figure1_supp_lam1.5,figure1_supp,367,14,0.1277,0.127688954834818,1.1045165181994276e-05,,False
figure1_supp_lam1.5,figure1_supp,368,8,0.0,0.0,0.0,,False
figure1_supp_lam1.5,figure1_supp,368,9,0.0,0.0,0.0,,False
figure1_supp_lam1.5,figure1_supp,368,10,0.7924,0.792435634969947,3.563496994696269e-05,,False
figure1_supp_lam1.5,figure1_supp,368,11,0.0866,0.0865934478901704,6.552109829596753e-06,,False
figure1_supp_lam1.5,figure1_supp,368,12,0.0,0.0,0.0,,False
figure1_supp_lam1.5,figure1_supp,368,13,0.121,0.120970917139883,2.9082860116991238e-05,,False
figure1_supp_lam1.5,figure1_supp,368,14,0.1319,0.131913641810956,1.3641810956005473e-05,,False
figure1_supp_lam1.5,figure1_supp,369,8,0.0,0.0,0.0,,False
figure1_supp_lam1.5,figure1_supp,369,9,0.0,0.0,0.0,,False
figure1_supp_lam1.5,figure1_supp,369,10,0.7929,0.792935790066405,3.579006640497262e-05,,False
figure1_supp_lam1.5,figure1_supp,369,11,0.0864,0.0863847889795917,1.5211020408301135e-05,,False
figure1_supp_lam1.5,figure1_supp,369,12,0.0,0.0,0.0,,False
figure1_supp_lam1.5,figure1_supp,369,13,0.1207,0.120679420954003,2.0579045997004553e-05,,False
figure1_supp_lam1.5,figure1_supp,369,14,0.1577,0.157698638124189,1.3618758110123252e-06,,False
figure1_supp_lam1.5,figure1_supp,370,8,0.0,0.0,0.0,,False
figure1_supp_lam1.5,figure1_supp,370,9,0.0,0.0,0.0,,False
figure1_supp_lam1.5,figure1_supp,370,10,0.7934,0.793433540571053,3.354057105298125e-05,,False
figure1_supp_lam1.5,figure1_supp,370,11,0.0862,0.0861771332368523,2.2866763147694202e-05,,False
figure1_supp_lam1.5,figure1_supp,370,12,0.0,0.0,0.0,,False
figure1_supp_lam1.5,figure1_supp,370,13,0.1204,0.120389326192095,1.0673807904995614e-05,,False
figure1_supp_lam1.5,figure1_supp,370,14,0.1429,0.142875130305304,2.4869694696005862e-05,,False
figure1_supp_lam1.5,figure1_supp,371,8,0.0,0.0,0.0,,False
figure1_supp_lam1.5,figure1_supp,371,9,0.0,0.0,0.0,,False
figure1_supp_lam1.5,figure1_supp,371,10,0.7939,0.793928903783113,2.8903783112932402e-05,,False
figure1_supp_lam1.5,figure1_supp,371,11,0.086,0.0859704734449175,2.9526555082495798e-05,,False
figure1_supp_lam1.5,figure1_supp,371,12,0.0,0.0,0.0,,False
figure1_supp_lam1.5,figure1_supp,371,13,0.1201,0.12010062277197,6.227719700074852e-07,,False
figure1_supp_lam1.5,figure1_supp,371,14,0.1524,0.152395798997689,4.201002310993962e-06,,False
figure1_supp_lam1.5,figure1_supp,372,8,0.0,0.0,0.0,,False
figure1_supp_lam1.5,figure1_supp,372,9,0.0,0.0,0.0,,False
figure1_supp_lam1.5,figure1_supp,372,10,0.7944,0.794421896836264,2.189683626396821e-05,,False
figure1_supp_lam1.5,figure1_supp,372,11,0.0858,0.0857648024558147,3.519754418529475e-05,,False
figure1_supp_lam1.5,figure1_supp,372,12,0.0,0.0,0.0,,False
figure1_supp_lam1.5,figure1_supp,372,13,0.1198,0.119813300707922,1.3300707921992672e-05,,False
figure1_supp_lam1.5,figure1_supp,372,14,0.1561,0.156063050666223,3.6949333776986615e-05,,False
figure1_supp_lam1.5,figure1_supp,373,8,0.0,0.0,0.0,,False
figure1_supp_lam1.5,figure1_supp,373,9,0.0,0.0,0.0,,False
figure1_supp_lam1.5,figure1_supp,373,10,0.7949,0.794912536700616,1.2536700615961571e-05,,False
figure1_supp_lam1.5,figure1_supp,373,11,0.0856,0.0855601131898104,3.988681018959883e-05,,False
figure1_supp_lam1.5,figure1_supp,373,12,0.0,0.0,0.0,,False
figure1_supp_lam1.5,figure1_supp,373,13,0.1195,0.119527350109574,2.7350109573998083e-05,,False
figure1_supp_lam1.5,figure1_supp,373,14,0.1589,0.158907262792481,7.262792480977609e-06,,False
figure1_supp_lam1.5,figure1_supp,374,8,0.0,0.0,0.0,,False
figure1_supp_lam1.5,figure1_supp,374,9,0.0,0.0,0.0,,False
figure1_supp_lam1.5,figure1_supp,374,10,0.7954,0.795400840184662,8.401846619543463e-07,,False
figure1_supp_lam1.5,figure1_supp,374,11,0.0854,0.0853563986345966,4.36013654034062e-05,,False
figure1_supp_lam1.5,figure1_supp,374,12,0.0,0.0,0.0,,False
figure1_supp_lam1.5,figure1_supp,374,13,0.1192,0.119242761180741,4.276118074099389e-05,,False
figure1_supp_lam1.5,figure1_supp,374,14,0.1376,0.137557533039716,4.246696028400998e-05,,False
figure1_supp_lam1.5,figure1_supp,375,8,0.0,0.0,0.0,,False
figure1_supp_lam1.5,figure1_supp,375,9,0.0,0.0,0.0,,False
figure1_supp_lam1.5,figure1_supp,375,10,0.7959,0.795886823937193,1.3176062807040978e-05,,False
figure1_supp_lam1.5,figure1_supp,375,11,0.0852,0.0851536518444907,4.634815550930149e-05,,False
figure1_supp_lam1.5,figure1_supp,375,12,0.0,0.0,0.0,,False
figure1_supp_lam1.5,figure1_supp,375,13,0.119,0.118959524218317,4.047578168299426e-05,,False
figure1_supp_lam1.5,figure1_supp,375,14,0.1459,0.14593869713891,3.869713890999882e-05,,False
figure1_supp_lam1.5,figure1_supp,376,8,0.0,0.0,0.0,,False
figure1_supp_lam1.5,figure1_supp,376,9,0.0,0.0,0.0,,False
figure1_supp_lam1.5,figure1_supp,376,10,0.7964,0.79637050444919,2.9495550809999216e-05,,False
figure1_supp_lam1.5,figure1_supp,376,11,0.085,0.0849518659396459,4.813406035410195e-05,,False
figure1_supp_lam1.5,figure1_supp,376,12,0.0,0.0,0.0,,False
figure1_supp_lam1.5,figure1_supp,376,13,0.1187,0.118677629611164,2.2370388835998845e-05,,False
figure1_supp_lam1.5,figure1_supp,376,14,0.1151,0.115119517465235,1.9517465234999976e-05,,False
figure1_supp_lam1.5,figure1_supp,377,8,0.0,0.0,0.0,,False
figure1_supp_lam1.5,figure1_supp,377,9,0.0,0.0,0.0,,False
figure1_supp_lam1.5,figure1_supp,377,10,0.7969,0.796851898055693,4.8101944307044064e-05,,False
figure1_supp_lam1.5,figure1_supp,377,11,0.0848,0.0847510341052732,4.896589472680457e-05,,False
figure1_supp_lam1.5,figure1_supp,377,12,0.0,0.0,0.0,,False
figure1_supp_lam1.5,figure1_supp,377,13,0.1184,0.118397067839034,2.9321609660015735e-06,,False
figure1_supp_lam1.5,figure1_supp,377,14,0.1148,0.114771370352333,2.8629647667005598e-05,,False
figure1_supp_lam1.5,figure1_supp,378,8,0.1114,0.111412241525598,1.2241525598005731e-05,,False
figure1_supp_lam1.5,figure1_supp,378,9,0.7809,0.780857099061994,4.2900938006074085e-05,,False
figure1_supp_lam1.5,figure1_supp,378,10,0.795,0.794976830054122,2.3169945878032117e-05,,False
figure1_supp_lam1.5,figure1_supp,378,11,0.0851,0.0850636963728282,3.630362717180202e-05,,False
figure1_supp_lam1.5,figure1_supp,378,12,0.0,0.0,0.0,,False
figure1_supp_lam1.5,figure1_supp,378,13,0.12,0.11995947357305,4.052642695000219e-05,,False
figure1_supp_lam1.5,figure1_supp,378,14,0.0978,0.0977634166339315,3.6583366068501655e-05,,False
figure1_supp_lam1.5,figure1_supp,379,8,0.0,0.0,0.0,,False
figure1_supp_lam1.5,figure1_supp,379,9,0.0,0.0,0.0,,False
figure1_supp_lam1.5,figure1_supp,379,10,0.7955,0.795455070835822,4.492916417797588e-05,,False
figure1_supp_lam1.5,figure1_supp,379,11,0.085,0.0849616499972525,3.835000274750311e-05,,False
figure1_supp_lam1.5,figure1_supp,379,12,0.0,0.0,0.0,,False
figure1_supp_lam1.5,figure1_supp,379,13,0.1196,0.119583279166926,1.672083307399652e-05,,False
figure1_supp_lam1.5,figure1_supp,379,14,0.0424,0.0423579265054037,4.2073494596298056e-05,,False
figure1_supp_lam1.5,figure1_supp,380,8,0.1105,0.110495627003598,4.372996402005058e-06,,False
figure1_supp_lam1.5,figure1_supp,380,9,0.0,0.0,0.0,,False
figure1_supp_lam1.5,figure1_supp,380,10,0.7936,0.79359197691764,8.02308235992033e-06,,False
figure1_supp_lam1.5,figure1_supp,380,11,0.0871,0.0871054558383615,5.455838361506649e-06,,False
figure1_supp_lam1.5,figure1_supp,380,12,0.0,0.0,0.0,,False
figure1_supp_lam1.5,figure1_supp,380,13,0.1193,0.119302567243999,2.567243998996549e-06,,False
figure1_supp_lam1.5,figure1_supp,380,14,0.0188,0.0187995445399823,4.5546001770091493e-07,,False
figure1_supp_lam1.5,figure1_supp,381,8,0.0,0.0,0.0,,False
figure1_supp_lam1.5,figure1_supp,381,9,0.0,0.0,0.0,,False
figure1_supp_lam1.5,figure1_supp,381,10,0.7941,0.794070576916978,2.942308302200658e-05,,False
figure1_supp_lam1.5,figure1_supp,381,11,0.0869,0.0868704666929917,2.953330700830592e-05,,False
figure1_supp_lam1.5,figure1_supp,381,12,0.0,0.0,0.0,,False
figure1_supp_lam1.5,figure1_supp,381,13,0.1191,0.11905895639003,4.1043609969995676e-05,,False
figure1_supp_lam1.5,figure1_supp,381,14,0.0152,0.0152129633319837,1.2963331983700463e-05,,False
figure1_supp_lam1.5,figure1_supp,382,8,0.0,0.0,0.0,,False
figure1_supp_lam1.5,figure1_supp,382,9,0.0,0.0,0.0,,False
figure1_supp_lam1.5,figure1_supp,382,10,0.7946,0.794551720428855,4.8279571144949074e-05,,False
figure1_supp_lam1.5,figure1_supp,382,11,0.0867,0.0866674983128678,3.2501687132202584e-05,,False
figure1_supp_lam1.5,figure1_supp,382,12,0.0,0.0,0.0,,False
figure1_supp_lam1.5,figure1_supp,382,13,0.1188,0.118780781258278,1.9218741722004662e-05,,False
figure1_supp_lam1.5,figure1_supp,382,14,0.016,0.0159945889504259,5.411049574098603e-06,,False
figure1_supp_lam1.5,figure1_supp,383,8,0.0,0.0,0.0,,False
figure1_supp_lam1.5,figure1_supp,383,9,0.0,0.0,0.0,,False
figure1_supp_lam1.5,figure1_supp,383,10,0.795,0.795030620847435,3.062084743499227e-05,,False
figure1_supp_lam1.5,figure1_supp,383,11,0.0865,0.0864654761722784,3.4523827721594236e-05,,False
figure1_supp_lam1.5,figure1_supp,383,12,0.0,0.0,0.0,,False
figure1_supp_lam1.5,figure1_supp,383,13,0.1185,0.118503902980286,3.90298028600522e-06,,False
figure1_supp_lam1.5,figure1_supp,383,14,0.0165,0.0164863721062037,1.3627893796299556e-05,,False
figure1_supp_lam1.5,figure1_supp,384,8,0.0,0.0,0.0,,False
figure1_supp_lam1.5,figure1_supp,384,9,0.0,0.0,0.0,,False
figure1_supp_lam1.5,figure1_supp,384,10,0.7955,0.795507293822209,7.293822208986889e-06,,False
figure1_supp_lam1.5,figure1_supp,384,11,0.0863,0.0862643936695522,3.560633044780159e-05,,False
figure1_supp_lam1.5,figure1_supp,384,12,0.0,0.0,0.0,,False
figure1_supp_lam1.5,figure1_supp,384,13,0.1182,0.118228312508239,2.8312508238995115e-05,,False
figure1_supp_lam1.5,figure1_supp,384,14,0.017,0.017006653580578,6.6535805779976975e-06,,False
figure1_supp_lam1.5,figure1_supp,385,8,0.0,0.0,0.0,,False
figure1_supp_lam1.5,figure1_supp,385,9,0.0,0.0,0.0,,False
figure1_supp_lam1.5,figure1_supp,385,10,0.796,0.795981754857424,1.824514257608989e-05,,False
figure1_supp_lam1.5,figure1_supp,385,11,0.0861,0.0860642442642864,3.575573571359958e-05,,False
figure1_supp_lam1.5,figure1_supp,385,12,0.0,0.0,0.0,,False
figure1_supp_lam1.5,figure1_supp,385,13,0.118,0.11795400087829,4.5999121709994206e-05,,False
figure1_supp_lam1.5,figure1_supp,385,14,0.0246,0.0245650865287738,3.491347122620142e-05,,False
figure1_supp_lam1.5,figure1_supp,386,8,0.0,0.0,0.0,,False
figure1_supp_lam1.5,figure1_supp,386,9,0.0,0.0,0.0,,False
figure1_supp_lam1.5,figure1_supp,386,10,0.7965,0.796454019313772,4.598068622796436e-05,,False
figure1_supp_lam1.5,figure1_supp,386,11,0.0859,0.0858650214766376,3.497852336240004e-05,,False
figure1_supp_lam1.5,figure1_supp,386,12,0.0,0.0,0.0,,False
figure1_supp_lam1.5,figure1_supp,386,13,0.1177,0.11768095920959,1.9040790409999286e-05,,False
figure1_supp_lam1.5,figure1_supp,386,14,0.0283,0.0282874120264925,1.258797350749824e-05,,False
figure1_supp_lam1.5,figure1_supp,387,8,0.117,0.117016633687999,1.663368799899312e-05,,False
figure1_supp_lam1.5,figure1_supp,387,9,0.0,0.0,0.0,,False
figure1_supp_lam1.5,figure1_supp,387,10,0.7946,0.794618618022073,1.8618022073035867e-05,,False
figure1_supp_lam1.5,figure1_supp,387,11,0.088,0.087972203274595,2.779672540499656e-05,,False
figure1_supp_lam1.5,figure1_supp,387,12,0.0,0.0,0.0,,False
figure1_supp_lam1.5,figure1_supp,387,13,0.1174,0.117409178703332,9.178703332002325e-06,,False
figure1_supp_lam1.5,figure1_supp,387,14,0.0172,0.0171689855832634,3.101441673659944e-05,,False
figure1_supp_lam1.5,figure1_supp,388,8,0.0,0.0,0.0,,False
figure1_supp_lam1.5,figure1_supp,388,9,0.0,0.0,0.0,,False
figure1_supp_lam1.5,figure1_supp,388,10,0.7951,0.795090699718735,9.300281265001153e-06,,False
figure1_supp_lam1.5,figure1_supp,388,11,0.0879,0.0879095666067918,9.566606791799881e-06,,False
figure1_supp_lam1.5,figure1_supp,388,12,0.0,0.0,0.0,,False
figure1_supp_lam1.5,figure1_supp,388,13,0.117,0.116999733674474,2.6632552600769355e-07,,False
figure1_supp_lam1.5,figure1_supp,388,14,0.0131,0.0131432532966731,4.325329667309932e-05,,False
figure1_supp_lam1.5,figure1_supp,389,8,0.0,0.0,0.0,,False
figure1_supp_lam1.5,figure1_supp,389,9,0.0,0.0,0.0,,False
figure1_supp_lam1.5,figure1_supp,389,10,0.7956,0.79556175558145,3.824441854993754e-05,,False
figure1_supp_lam1.5,figure1_supp,389,11,0.0877,0.0877074756490751,7.475649075106006e-06,,False
figure1_supp_lam1.5,figure1_supp,389,12,0.0,0.0,0.0,,False
figure1_supp_lam1.5,figure1_supp,389,13,0.1167,0.116730768769475,3.076876947499807e-05,,False
figure1_supp_lam1.5,figure1_supp,389,14,0.0165,0.0164901002818938,9.899718106200217e-06,,False
figure1_supp_lam1.5,figure1_supp,390,8,0.1174,0.117442595207476,4.2595207476001096e-05,,False
figure1_supp_lam1.5,figure1_supp,390,9,0.9983,0.998287036463032,1.2963536968002565e-05,,False
figure1_supp_lam1.5,figure1_supp,390,10,0.7937,0.793741001471256,4.100147125607467e-05,,False
figure1_supp_lam1.5,figure1_supp,390,11,0.0875,0.0875063117141001,6.311714100107335e-06,,False
figure1_supp_lam1.5,figure1_supp,390,12,0.0,0.0,0.0,,False
figure1_supp_lam1.5,figure1_supp,390,13,0.1188,0.118752686814644,4.73131853560016e-05,,False
figure1_supp_lam1.5,figure1_supp,390,14,0.0208,0.0207600492276873,3.9950772312700306e-05,,False
figure1_supp_lam1.5,figure1_supp,391,8,0.2132,0.213215396761458,1.5396761458008612e-05,,False
figure1_supp_lam1.5,figure1_supp,391,9,1.0,1.0,0.0,,False
figure1_supp_lam1.5,figure1_supp,391,10,0.7919,0.791878376989303,2.1623010697080502e-05,,False
figure1_supp_lam1.5,figure1_supp,391,11,0.088,0.0880148949807565,1.4894980756505194e-05,,False
figure1_supp_lam1.5,figure1_supp,391,12,0.0,0.0,0.0,,False
figure1_supp_lam1.5,figure1_supp,391,13,0.1201,0.120106728029941,6.72802994100552e-06,,False
figure1_supp_lam1.5,figure1_supp,391,14,0.0668,0.0668191975336962,1.9197533696196922e-05,,False
figure1_supp_lam1.5,figure1_supp,392,8,0.0,0.0,0.0,,False
figure1_supp_lam1.5,figure1_supp,392,9,0.0,0.0,0.0,,False
figure1_supp_lam1.5,figure1_supp,392,10,0.7924,0.792354680570143,4.531942985697146e-05,,False
figure1_supp_lam1.5,figure1_supp,392,11,0.0878,0.087838756052629,3.875605262899928e-05,,False
figure1_supp_lam1.5,figure1_supp,392,12,0.0,0.0,0.0,,False
figure1_supp_lam1.5,figure1_supp,392,13,0.1198,0.119806563377228,6.563377227999934e-06,,False
figure1_supp_lam1.5,figure1_supp,392,14,0.0806,0.0805796991124389,2.0300887561108816e-05,,False
figure1_supp_lam1.5,figure1_supp,393,8,0.0,0.0,0.0,,False
figure1_supp_lam1.5,figure1_supp,393,9,0.0,0.0,0.0,,False
figure1_supp_lam1.5,figure1_supp,393,10,0.7928,0.792827676741965,2.7676741965021456e-05,,False
figure1_supp_lam1.5,figure1_supp,393,11,0.0876,0.0876386677700489,3.866777004890576e-05,,False
figure1_supp_lam1.5,figure1_supp,393,12,0.0,0.0,0.0,,False
figure1_supp_lam1.5,figure1_supp,393,13,0.1195,0.119533655487986,3.365548798600626e-05,,False
figure1_supp_lam1.5,figure1_supp,393,14,0.0826,0.0825942821235416,5.717876458408155e-06,,False
figure1_supp_lam1.5,figure1_supp,394,8,0.0,0.0,0.0,,False
figure1_supp_lam1.5,figure1_supp,394,9,0.0,0.0,0.0,,False
figure1_supp_lam1.5,figure1_supp,394,10,0.7933,0.793298522931188,1.4770688120391284e-06,,False
figure1_supp_lam1.5,figure1_supp,394,11,0.0874,0.0874394889796624,3.948897966239706e-05,,False
figure1_supp_lam1.5,figure1_supp,394,12,0.0,0.0,0.0,,False
figure1_supp_lam1.5,figure1_supp,394,13,0.1193,0.11926198808915,3.801191084999711e-05,,False
figure1_supp_lam1.5,figure1_supp,394,14,0.0836,0.0836296932451033,2.969324510330995e-05,,False
figure1_supp_lam1.5,figure1_supp,395,8,0.0,0.0,0.0,,False
figure1_supp_lam1.5,figure1_supp,395,9,0.0,0.0,0.0,,False
figure1_supp_lam1.5,figure1_supp,395,10,0.7938,0.793767233763543,3.276623645698251e-05,,False
figure1_supp_lam1.5,figure1_supp,395,11,0.0872,0.0872412134944478,4.1213494447800425e-05,,False
figure1_supp_lam1.5,figure1_supp,395,12,0.0,0.0,0.0,,False
figure1_supp_lam1.5,figure1_supp,395,13,0.119,0.118991552742009,8.447257990998325e-06,,False
figure1_supp_lam1.5,figure1_supp,395,14,0.0825,0.0824991495556717,8.504443283069429e-07,,False
figure1_supp_lam1.5,figure1_supp,396,8,0.0,0.0,0.0,,False
figure1_supp_lam1.5,figure1_supp,396,9,0.0,0.0,0.0,,False
figure1_supp_lam1.5,figure1_supp,396,10,0.7942,0.794233823732404,3.3823732404014706e-05,,False
figure1_supp_lam1.5,figure1_supp,396,11,0.087,0.0870438351833744,4.383518337440495e-05,,False
figure1_supp_lam1.5,figure1_supp,396,12,0.0,0.0,0.0,,False
figure1_supp_lam1.5,figure1_supp,396,13,0.1187,0.118722341084221,2.234108422100034e-05,,False
figure1_supp_lam1.5,figure1_supp,396,14,0.081,0.0809859860367348,1.4013963265196994e-05,,False
figure1_supp_lam1.5,figure1_supp,397,8,0.0,0.0,0.0,,False
figure1_supp_lam1.5,figure1_supp,397,9,0.0,0.0,0.0,,False
figure1_supp_lam1.5,figure1_supp,397,10,0.7947,0.794698307200277,1.6927997229521097e-06,,False
figure1_supp_lam1.5,figure1_supp,397,11,0.0868,0.0868473479707709,4.734797077089736e-05,,False
figure1_supp_lam1.5,figure1_supp,397,12,0.0,0.0,0.0,,False
figure1_supp_lam1.5,figure1_supp,397,13,0.1185,0.118454344828952,4.5655171048000764e-05,,False
figure1_supp_lam1.5,figure1_supp,397,14,0.0776,0.0776005249027956,5.249027956039098e-07,,False
figure1_supp_lam1.5,figure1_supp,398,8,0.0,0.0,0.0,,False
figure1_supp_lam1.5,figure1_supp,398,9,0.0,0.0,0.0,,False
figure1_supp_lam1.5,figure1_supp,398,10,0.7952,0.795160698400276,3.930159972398428e-05,,False
figure1_supp_lam1.5,figure1_supp,398,11,0.0867,0.0866517458357015,4.825416429850293e-05,,False
figure1_supp_lam1.5,figure1_supp,398,12,0.0,0.0,0.0,,False
figure1_supp_lam1.5,figure1_supp,398,13,0.1182,0.118187555764022,1.2444235978001372e-05,,False
figure1_supp_lam1.5,figure1_supp,398,14,0.0708,0.0708495446527289,4.95446527288973e-05,,False
figure1_supp_lam1.5,figure1_supp,399,8,0.0,0.0,0.0,,False
figure1_supp_lam1.5,figure1_supp,399,9,0.0,0.0,0.0,,False
figure1_supp_lam1.5,figure1_supp,399,10,0.7956,0.795621011437579,2.101143757904378e-05,,False
figure1_supp_lam1.5,figure1_supp,399,11,0.0865,0.0864570228113517,4.297718864829103e-05,,False
figure1_supp_lam1.5,figure1_supp,399,12,0.0,0.0,0.0,,False
figure1_supp_lam1.5,figure1_supp,399,13,0.1179,0.117921965751069,2.1965751068997452e-05,,False
figure1_supp_lam1.5,figure1_supp,399,14,0.082,0.0820341515130812,3.415151308119868e-05,,False
figure1_supp_lam1.5,figure1_supp,400,8,0.0,0.0,0.0,,False
figure1_supp_lam1.5,figure1_supp,400,9,0.0,0.0,0.0,,False
figure1_supp_lam1.5,figure1_supp,400,10,0.7961,0.796079260290858,2.073970914207024e-05,,False
figure1_supp_lam1.5,figure1_supp,400,11,0.0863,0.0862631729844204,3.6827015579596334e-05,,False
figure1_supp_lam1.5,figure1_supp,400,12,0.0,0.0,0.0,,False
figure1_supp_lam1.5,figure1_supp,400,13,0.1177,0.117657566724722,4.2433275278003224e-05,,False
figure1_supp_lam1.5,figure1_supp,400,14,0.097,0.0970095169957915,9.516995791492011e-06,,False
figure1_supp_lam1.5,figure1_supp,401,8,0.0,0.0,0.0,,False
figure1_supp_lam1.5,figure1_supp,401,9,0.0,0.0,0.0,,False
figure1_supp_lam1.5,figure1_supp,401,10,0.7965,0.796535458813697,3.54588136970424e-05,,False
figure1_supp_lam1.5,figure1_supp,401,11,0.0861,0.0860701904945223,2.980950547769312e-05,,False
figure1_supp_lam1.5,figure1_supp,401,12,0.0,0.0,0.0,,False
figure1_supp_lam1.5,figure1_supp,401,13,0.1174,0.117394350691781,5.649308219002336e-06,,False
figure1_supp_lam1.5,figure1_supp,401,14,0.1005,0.100506356851694,6.356851693992138e-06,,False
figure1_supp_lam1.5,figure1_supp,402,8,0.0,0.0,0.0,,False
figure1_supp_lam1.5,figure1_supp,402,9,0.0,0.0,0.0,,False
figure1_supp_lam1.5,figure1_supp,402,10,0.797,0.796989620735988,1.0379264012039258e-05,,False
figure1_supp_lam1.5,figure1_supp,402,11,0.0859,0.085878069533597,2.193046640300289e-05,,False
figure1_supp_lam1.5,figure1_supp,402,12,0.0,0.0,0.0,,False
figure1_supp_lam1.5,figure1_supp,402,13,0.1171,0.117132309730415,3.2309730415000515e-05,,False
figure1_supp_lam1.5,figure1_supp,402,14,0.1197,0.119673611372296,2.6388627704002077e-05,,False
figure1_supp_lam1.5,figure1_supp,403,8,0.0,0.0,0.0,,False
figure1_supp_lam1.5,figure1_supp,403,9,0.0,0.0,0.0,,False
figure1_supp_lam1.5,figure1_supp,403,10,0.7974,0.797441759665307,4.1759665306950744e-05,,False
figure1_supp_lam1.5,figure1_supp,403,11,0.0857,0.0856868043453262,1.319565467379491e-05,,False
figure1_supp_lam1.5,figure1_supp,403,12,0.0,0.0,0.0,,False
figure1_supp_lam1.5,figure1_supp,403,13,0.1169,0.116871435989367,2.856401063300318e-05,,False
figure1_supp_lam1.5,figure1_supp,403,14,0.0621,0.06213889017158,3.8890171579999966e-05,,False
figure1_supp_lam1.5,figure1_supp,404,8,0.0,0.0,0.0,,False
figure1_supp_lam1.5,figure1_supp,404,9,0.0,0.0,0.0,,False
figure1_supp_lam1.5,figure1_supp,404,10,0.7979,0.797891889088272,8.110911728032022e-06,,False
figure1_supp_lam1.5,figure1_supp,404,11,0.0855,0.0854963892245588,3.610775441212355e-06,,False
figure1_supp_lam1.5,figure1_supp,404,12,0.0,0.0,0.0,,False
figure1_supp_lam1.5,figure1_supp,404,13,0.1166,0.116611721687169,1.1721687169008455e-05,,False
figure1_supp_lam1.5,figure1_supp,404,14,0.0528,0.052753148493929,4.685150607099814e-05,,False
figure1_supp_lam1.5,figure1_supp,405,8,0.0,0.0,0.0,,False
figure1_supp_lam1.5,figure1_supp,405,9,0.0,0.0,0.0,,False
figure1_supp_lam1.5,figure1_supp,405,10,0.7983,0.798340022371891,4.002237189093538e-05,,False
figure1_supp_lam1.5,figure1_supp,405,11,0.0853,0.0853068185167439,6.8185167439033245e-06,,False
figure1_supp_lam1.5,figure1_supp,405,12,0.0,0.0,0.0,,False
figure1_supp_lam1.5,figure1_supp,405,13,0.1164,0.116353159111366,4.684088863400604e-05,,False
figure1_supp_lam1.5,figure1_supp,405,14,0.0541,0.0540627964597296,3.7203540270404345e-05,,False
figure1_supp_lam1.5,figure1_supp,406,8,0.0,0.0,0.0,,False
figure1_supp_lam1.5,figure1_supp,406,9,0.0,0.0,0.0,,False
figure1_supp_lam1.5,figure1_supp,406,10,0.7988,0.798786172764873,1.3827235126995241e-05,,False
figure1_supp_lam1.5,figure1_supp,406,11,0.0851,0.0851180866173706,1.8086617370599578e-05,,False
figure1_supp_lam1.5,figure1_supp,406,12,0.0,0.0,0.0,,False
figure1_supp_lam1.5,figure1_supp,406,13,0.1161,0.116095740617756,4.259382243992915e-06,,False
figure1_supp_lam1.5,figure1_supp,406,14,0.07,0.0700209502697767,2.0950269776692787e-05,,False
figure1_supp_lam1.5,figure1_supp,407,8,0.249,0.248966973826384,3.302617361600202e-05,,False
figure1_supp_lam1.5,figure1_supp,407,9,0.0,0.0,0.0,,False
figure1_supp_lam1.5,figure1_supp,407,10,0.797,0.797025579765789,2.5579765788985576e-05,,False
figure1_supp_lam1.5,figure1_supp,407,11,0.0871,0.0871349616045731,3.4961604573099936e-05,,False
figure1_supp_lam1.5,figure1_supp,407,12,0.0,0.0,0.0,,False
figure1_supp_lam1.5,figure1_supp,407,13,0.1158,0.115839458629638,3.945862963800062e-05,,False
figure1_supp_lam1.5,figure1_supp,407,14,0.1321,0.132148308921223,4.830892122301145e-05,,False
figure1_supp_lam1.5,figure1_supp,408,8,0.0578,0.0578298098682231,2.980986822310322e-05,,False
figure1_supp_lam1.5,figure1_supp,408,9,1.0,1.0,0.0,,False
figure1_supp_lam1.5,figure1_supp,408,10,0.7953,0.795286554765652,1.3445234347986279e-05,,False
figure1_supp_lam1.5,figure1_supp,408,11,0.0869,0.0868906841388281,9.315861171907414e-06,,False
figure1_supp_lam1.5,figure1_supp,408,12,0.0,0.0,0.0,,False
figure1_supp_lam1.5,figure1_supp,408,13,0.1178,0.11782276109552,2.2761095520004715e-05,,False
figure1_supp_lam1.5,figure1_supp,408,14,0.1309,0.130898627914916,1.3720850839948895e-06,,False
figure1_supp_lam1.5,figure1_supp,409,8,0.0,0.0,0.0,,False
figure1_supp_lam1.5,figure1_supp,409,9,0.0,0.0,0.0,,False
figure1_supp_lam1.5,figure1_supp,409,10,0.7957,0.795736903827929,3.690382792909119e-05,,False
figure1_supp_lam1.5,figure1_supp,409,11,0.0867,0.0867038595051991,3.859505199099722e-06,,False
figure1_supp_lam1.5,figure1_supp,409,12,0.0,0.0,0.0,,False
figure1_supp_lam1.5,figure1_supp,409,13,0.1176,0.117559236666872,4.0763333127996626e-05,,False
figure1_supp_lam1.5,figure1_supp,409,14,0.1317,0.131656146137293,4.3853862706999536e-05,,False
figure1_supp_lam1.5,figure1_supp,410,8,0.233,0.233021610421283,2.161042128298596e-05,,False
figure1_supp_lam1.5,figure1_supp,410,9,0.9988,0.998760812231479,3.9187768521076194e-05,,False
figure1_supp_lam1.5,figure1_supp,410,10,0.794,0.793994584275167,5.41572483303554e-06,,False
figure1_supp_lam1.5,figure1_supp,410,11,0.0865,0.0865137194624246,1.3719462424607864e-05,,False
figure1_supp_lam1.5,figure1_supp,410,12,0.0,0.0,0.0,,False
figure1_supp_lam1.5,figure1_supp,410,13,0.1195,0.119491696262409,8.303737590989457e-06,,False
figure1_supp_lam1.5,figure1_supp,410,14,0.118,0.118038725288044,3.8725288044008654e-05,,False
figure1_supp_lam1.5,figure1_supp,411,8,0.262,0.261961238282936,3.876171706401754e-05,,False
figure1_supp_lam1.5,figure1_supp,411,9,0.0,0.0,0.0,,False
figure1_supp_lam1.5,figure1_supp,411,10,0.7922,0.792229528242811,2.952824281099442e-05,,False
figure1_supp_lam1.5,figure1_supp,411,11,0.0893,0.0892588945359549,4.110546404510751e-05,,False
figure1_supp_lam1.5,figure1_supp,411,12,0.0,0.0,0.0,,False
figure1_supp_lam1.5,figure1_supp,411,13,0.1185,0.118511577221234,1.1577221234002066e-05,,False
figure1_supp_lam1.5,figure1_supp,411,14,0.113,0.113045305921534,4.530592153399737e-05,,False
figure1_supp_lam1.5,figure1_supp,412,8,0.232,0.231987775482877,1.2224517123016199e-05,,False
figure1_supp_lam1.5,figure1_supp,412,9,1.0,1.0,0.0,,False
figure1_supp_lam1.5,figure1_supp,412,10,0.7905,0.790480530422148,1.9469577851927156e-05,,False
figure1_supp_lam1.5,figure1_supp,412,11,0.0888,0.088753040190376,4.695980962400592e-05,,False
figure1_supp_lam1.5,figure1_supp,412,12,0.0,0.0,0.0,,False
figure1_supp_lam1.5,figure1_supp,412,13,0.1208,0.120766429387476,3.35706125240004e-05,,False
figure1_supp_lam1.5,figure1_supp,412,14,0.0714,0.07144970133559,4.970133558999945e-05,,False
figure1_supp_lam1.5,figure1_supp,413,8,0.2588,0.258764165465237,3.5834534762968495e-05,,False
figure1_supp_lam1.5,figure1_supp,413,9,0.0,0.0,0.0,,False
figure1_supp_lam1.5,figure1_supp,413,10,0.7888,0.78876034250401,3.965749598999757e-05,,False
figure1_supp_lam1.5,figure1_supp,413,11,0.091,0.0909549186274065,4.508137259350009e-05,,False
figure1_supp_lam1.5,figure1_supp,413,12,0.0,0.0,0.0,,False
figure1_supp_lam1.5,figure1_supp,413,13,0.1203,0.120284738868584,1.5261131416005602e-05,,False
figure1_supp_lam1.5,figure1_supp,413,14,0.0776,0.0775650560817308,3.494391826920629e-05,,False
figure1_supp_lam1.5,figure1_supp,414,8,0.0,0.0,0.0,,False
figure1_supp_lam1.5,figure1_supp,414,9,0.0,0.0,0.0,,False
figure1_supp_lam1.5,figure1_supp,414,10,0.7892,0.789217222661453,1.7222661452986898e-05,,False
figure1_supp_lam1.5,figure1_supp,414,11,0.0907,0.0906962360127955,3.76398720450255e-06,,False
figure1_supp_lam1.5,figure1_supp,414,12,0.0,0.0,0.0,,False
figure1_supp_lam1.5,figure1_supp,414,13,0.1201,0.120086541325752,1.3458674247998625e-05,,False
figure1_supp_lam1.5,figure1_supp,414,14,0.0749,0.0749309910643288,3.099106432880028e-05,,False
figure1_supp_lam1.5,figure1_supp,415,8,0.0,0.0,0.0,,False
figure1_supp_lam1.5,figure1_supp,415,9,0.0,0.0,0.0,,False
figure1_supp_lam1.5,figure1_supp,415,10,0.7897,0.789674452113381,2.554788661890406e-05,,False
figure1_supp_lam1.5,figure1_supp,415,11,0.0905,0.0904994979737222,5.020262777988282e-07,,False
figure1_supp_lam1.5,figure1_supp,415,12,0.0,0.0,0.0,,False
figure1_supp_lam1.5,figure1_supp,415,13,0.1198,0.119826049912897,2.604991289699432e-05,,False
figure1_supp_lam1.5,figure1_supp,415,14,0.1089,0.108882343140288,1.7656859712000816e-05,,False
figure1_supp_lam1.5,figure1_supp,416,8,0.0,0.0,0.0,,False
figure1_supp_lam1.5,figure1_supp,416,9,0.0,0.0,0.0,,False
figure1_supp_lam1.5,figure1_supp,416,10,0.7901,0.790129702217031,2.9702217031024603e-05,,False
figure1_supp_lam1.5,figure1_supp,416,11,0.0903,0.0903036116144717,3.611614471696334e-06,,False
figure1_supp_lam1.5,figure1_supp,416,12,0.0,0.0,0.0,,False
figure1_supp_lam1.5,figure1_supp,416,13,0.1196,0.119566686168497,3.331383150299849e-05,,False
figure1_supp_lam1.5,figure1_supp,416,14,0.1089,0.108876470826638,2.3529173361999667e-05,,False
figure1_supp_lam1.5,figure1_supp,417,8,0.0,0.0,0.0,,False
figure1_supp_lam1.5,figure1_supp,417,9,0.0,0.0,0.0,,False
figure1_supp_lam1.5,figure1_supp,417,10,0.7906,0.790582985797556,1.701420244393237e-05,,False
figure1_supp_lam1.5,figure1_supp,417,11,0.0901,0.0901085714166003,8.571416600294812e-06,,False
figure1_supp_lam1.5,figure1_supp,417,12,0.0,0.0,0.0,,False
figure1_supp_lam1.5,figure1_supp,417,13,0.1193,0.119308442785844,8.44278584399838e-06,,False
figure1_supp_lam1.5,figure1_supp,417,14,0.1075,0.107514514914417,1.4514914417007585e-05,,False
figure1_supp_lam1.5,figure1_supp,418,8,0.0,0.0,0.0,,False
figure1_supp_lam1.5,figure1_supp,418,9,0.0,0.0,0.0,,False
figure1_supp_lam1.5,figure1_supp,418,10,0.791,0.791034315569544,3.431556954391901e-05,,False
figure1_supp_lam1.5,figure1_supp,418,11,0.0899,0.0899143719092369,1.4371909236907121e-05,,False
figure1_supp_lam1.5,figure1_supp,418,12,0.0,0.0,0.0,,False
figure1_supp_lam1.5,figure1_supp,418,13,0.1191,0.119051312521219,4.8687478780992666e-05,,False
figure1_supp_lam1.5,figure1_supp,418,14,0.1128,0.112823839802758,2.3839802757996686e-05,,False
figure1_supp_lam1.5,figure1_supp,419,8,0.0,0.0,0.0,,False
figure1_supp_lam1.5,figure1_supp,419,9,0.0,0.0,0.0,,False
figure1_supp_lam1.5,figure1_supp,419,10,0.7915,0.791483704138212,1.629586178797382e-05,,False
figure1_supp_lam1.5,figure1_supp,419,11,0.0897,0.0897210076685719,2.1007668571895732e-05,,False
figure1_supp_lam1.5,figure1_supp,419,12,0.0,0.0,0.0,,False
figure1_supp_lam1.5,figure1_supp,419,13,0.1188,0.118795288193216,4.711806784005179e-06,,False
figure1_supp_lam1.5,figure1_supp,419,14,0.0901,0.0900647096593204,3.5290340679602905e-05,,False
figure1_supp_lam1.5,figure1_supp,420,8,0.0,0.0,0.0,,False
figure1_supp_lam1.5,figure1_supp,420,9,0.0,0.0,0.0,,False
figure1_supp_lam1.5,figure1_supp,420,10,0.7919,0.791931164000576,3.116400057590063e-05,,False
figure1_supp_lam1.5,figure1_supp,420,11,0.0895,0.0895284733173518,2.84733173517987e-05,,False
figure1_supp_lam1.5,figure1_supp,420,12,0.0,0.0,0.0,,False
figure1_supp_lam1.5,figure1_supp,420,13,0.1185,0.118540362682072,4.03626820720121e-05,,False
figure1_supp_lam1.5,figure1_supp,420,14,0.0878,0.0877798034479182,2.0196552081797048e-05,,False
figure1_supp_lam0.5,figure1_supp,1,15,0.1264,0.126405212571562,5.212571561996615e-06,,False
figure1_supp_lam0.5,figure1_supp,1,16,0.0,0.0,0.0,,False
figure1_supp_lam0.5,figure1_supp,1,17,0.758,0.758036369883066,3.636988306598976e-05,,False
figure1_supp_lam0.5,figure1_supp,1,18,0.0724,0.0724259279010935,2.5927901093500405e-05,,False
figure1_supp_lam0.5,figure1_supp,1,19,0.0,0.0,0.0,,False
figure1_supp_lam0.5,figure1_supp,1,20,0.1695,0.16953770221584,3.770221583998534e-05,,False
figure1_supp_lam0.5,figure1_supp,1,21,0.1975,0.197549614081232,4.961408123199673e-05,,False
figure1_supp_lam0.5,figure1_supp,2,15,0.0,0.0,0.0,,False
figure1_supp_lam0.5,figure1_supp,2,16,0.0,0.0,0.0,,False
figure1_supp_lam0.5,figure1_supp,2,17,0.7639,0.763914600569189,1.4600569189004986e-05,,False
figure1_supp_lam0.5,figure1_supp,2,18,0.0705,0.070548681485609,4.86814856090062e-05,,False
figure1_supp_lam0.5,figure1_supp,2,19,0.0,0.0,0.0,,False
figure1_supp_lam0.5,figure1_supp,2,20,0.1655,0.165536717945202,3.6717945201991675e-05,,False
figure1_supp_lam0.5,figure1_supp,2,21,0.1791,0.179112867948653,1.2867948652989236e-05,,False
figure1_supp_lam0.5,figure1_supp,3,15,0.0,0.0,0.0,,False
figure1_supp_lam0.5,figure1_supp,3,16,0.0,0.0,0.0,,False
figure1_supp_lam0.5,figure1_supp,3,17,0.7687,0.768732669945328,3.266994532791223e-05,,False
figure1_supp_lam0.5,figure1_supp,3,18,0.0691,0.0691089124756987,8.91247569870246e-06,,False
figure1_supp_lam0.5,figure1_supp,3,19,0.0,0.0,0.0,,False
figure1_supp_lam0.5,figure1_supp,3,20,0.1622,0.162158417578973,4.158242102700327e-05,,False
figure1_supp_lam0.5,figure1_supp,3,21,0.1725,0.172526937188319,2.6937188319003935e-05,,False
figure1_supp_lam0.5,figure1_supp,4,15,0.0,0.0,0.0,,False
figure1_supp_lam0.5,figure1_supp,4,16,0.0,0.0,0.0,,False
figure1_supp_lam0.5,figure1_supp,4,17,0.7734,0.773358016546421,4.198345357897537e-05,,False
figure1_supp_lam0.5,figure1_supp,4,18,0.0677,0.0677267342261847,2.673422618471033e-05,,False
figure1_supp_lam0.5,figure1_supp,4,19,0.0,0.0,0.0,,False
figure1_supp_lam0.5,figure1_supp,4,20,0.1589,0.158915249227394,1.5249227393987486e-05,,False
figure1_supp_lam0.5,figure1_supp,4,21,0.1701,0.170136296928493,3.629692849299593e-05,,False
figure1_supp_lam0.5,figure1_supp,5,15,0.0,0.0,0.0,,False
figure1_supp_lam0.5,figure1_supp,5,16,0.0,0.0,0.0,,False
figure1_supp_lam0.5,figure1_supp,5,17,0.7778,0.777801977006295,1.9770062950064116e-06,,False
figure1_supp_lam0.5,figure1_supp,5,18,0.0664,0.0663987590452791,1.2409547208991345e-06,,False
figure1_supp_lam0.5,figure1_supp,5,19,0.0,0.0,0.0,,False
figure1_supp_lam0.5,figure1_supp,5,20,0.1558,0.155799263948425,7.360515749954555e-07,,False
figure1_supp_lam0.5,figure1_supp,5,21,0.168,0.167994635351554,5.364648445999043e-06,,False
figure1_supp_lam0.5,figure1_supp,6,15,0.0,0.0,0.0,,False
figure1_supp_lam0.5,figure1_supp,6,16,0.0,0.0,0.0,,False
figure1_supp_lam0.5,figure1_supp,6,17,0.7821,0.782075015910021,2.498408997897439e-05,,False
figure1_supp_lam0.5,figure1_supp,6,18,0.0651,0.0651218598328699,2.1859832869897122e-05,,False
figure1_supp_lam0.5,figure1_supp,6,19,0.0,0.0,0.0,,False
figure1_supp_lam0.5,figure1_supp,6,20,0.1528,0.152803124257109,3.1242571090217552e-06,,False
figure1_supp_lam0.5,figure1_supp,6,21,0.1988,0.19880485033737,4.85033736999374e-06,,False
figure1_supp_lam0.5,figure1_supp,7,15,0.0,0.0,0.0,,False
figure1_supp_lam0.5,figure1_supp,7,16,0.0,0.0,0.0,,False
figure1_supp_lam0.5,figure1_supp,7,17,0.7862,0.786186808062662,1.3191937338064008e-05,,False
figure1_supp_lam0.5,figure1_supp,7,18,0.0639,0.0638931454964007,6.854503599301731e-06,,False
figure1_supp_lam0.5,figure1_supp,7,19,0.0,0.0,0.0,,False
figure1_supp_lam0.5,figure1_supp,7,20,0.1499,0.149920046440937,2.0046440937004917e-05,,False
figure1_supp_lam0.5,figure1_supp,7,21,0.2032,0.203244780090277,4.478009027700236e-05,,False
figure1_supp_lam0.5,figure1_supp,8,15,0.0,0.0,0.0,,False
figure1_supp_lam0.5,figure1_supp,8,16,0.0,0.0,0.0,,False
figure1_supp_lam0.5,figure1_supp,8,17,0.7901,0.790146311617057,4.631161705692666e-05,,False
figure1_supp_lam0.5,figure1_supp,8,18,0.0627,0.0627099390983191,9.939098319089457e-06,,False
figure1_supp_lam0.5,figure1_supp,8,19,0.0,0.0,0.0,,False
figure1_supp_lam0.5,figure1_supp,8,20,0.1471,0.147143749284624,4.374928462400063e-05,,False
figure1_supp_lam0.5,figure1_supp,8,21,0.2102,0.210224471055559,2.4471055558999977e-05,,False
figure1_supp_lam0.5,figure1_supp,9,15,0.0,0.0,0.0,,False
figure1_supp_lam0.5,figure1_supp,9,16,0.0,0.0,0.0,,False
figure1_supp_lam0.5,figure1_supp,9,17,0.794,0.79396183322402,3.8166775980008616e-05,,False
figure1_supp_lam0.5,figure1_supp,9,18,0.0616,0.0615697583874406,3.0241612559399333e-05,,False
figure1_supp_lam0.5,figure1_supp,9,19,0.0,0.0,0.0,,False
figure1_supp_lam0.5,figure1_supp,9,20,0.1445,0.14446840838854,3.159161145999123e-05,,False
figure1_supp_lam0.5,figure1_supp,9,21,0.2328,0.23276659968852,3.3400311479997447e-05,,False
figure1_supp_lam0.5,figure1_supp,10,15,0.0623,0.0623123515992592,1.2351599259198542e-05,,False
figure1_supp_lam0.5,figure1_supp,10,16,0.0,0.0,0.0,,False
figure1_supp_lam0.5,figure1_supp,10,17,0.7894,0.789389081968178,1.0918031821960383e-05,,False
figure1_supp_lam0.5,figure1_supp,10,18,0.0687,0.0687223026502199,2.2302650219907516e-05,,False
figure1_supp_lam0.5,figure1_supp,10,19,0.0,0.0,0.0,,False
figure1_supp_lam0.5,figure1_supp,10,20,0.1419,0.141888615381601,1.1384618399001845e-05,,False
figure1_supp_lam0.5,figure1_supp,10,21,0.2679,0.267881971978515,1.8028021485039236e-05,,False
figure1_supp_lam0.5,figure1_supp,11,15,0.0,0.0,0.0,,False
figure1_supp_lam0.5,figure1_supp,11,16,0.0,0.0,0.0,,False
figure1_supp_lam0.5,figure1_supp,11,17,0.7955,0.795527706593944,2.7706593944021307e-05,,False
figure1_supp_lam0.5,figure1_supp,11,18,0.0663,0.0662665289831577,3.3471016842298584e-05,,False
figure1_supp_lam0.5,figure1_supp,11,19,0.0,0.0,0.0,,False
figure1_supp_lam0.5,figure1_supp,11,20,0.1382,0.138205764422899,5.7644228990128e-06,,False
figure1_supp_lam0.5,figure1_supp,11,21,0.2672,0.267161709372632,3.829062736798727e-05,,False
figure1_supp_lam0.5,figure1_supp,12,15,0.0,0.0,0.0,,False
figure1_supp_lam0.5,figure1_supp,12,16,0.0,0.0,0.0,,False
figure1_supp_lam0.5,figure1_supp,12,17,0.7991,0.799053090963013,4.6909036987008434e-05,,False
figure1_supp_lam0.5,figure1_supp,12,18,0.0651,0.0651240026213791,2.4002621379096145e-05,,False
figure1_supp_lam0.5,figure1_supp,12,19,0.0,0.0,0.0,,False
figure1_supp_lam0.5,figure1_supp,12,20,0.1358,0.135822906415607,2.2906415606982478e-05,,False
figure1_supp_lam0.5,figure1_supp,12,21,0.3072,0.30722804206611,2.8042066110012254e-05,,False
figure1_supp_lam0.5,figure1_supp,13,15,0.0,0.0,0.0,,False
figure1_supp_lam0.5,figure1_supp,13,16,0.0,0.0,0.0,,False
figure1_supp_lam0.5,figure1_supp,13,17,0.8025,0.8024589707772,4.102922280002641e-05,,False
figure1_supp_lam0.5,figure1_supp,13,18,0.064,0.0640202059667795,2.020596677949904e-05,,False
figure1_supp_lam0.5,figure1_supp,13,19,0.0,0.0,0.0,,False
figure1_supp_lam0.5,figure1_supp,13,20,0.1335,0.133520823256021,2.0823256020985337e-05,,False
figure1_supp_lam0.5,figure1_supp,13,21,0.3269,0.32685180700809,4.819299191000104e-05,,False
figure1_supp_lam0.5,figure1_supp,14,15,0.0,0.0,0.0,,False
figure1_supp_lam0.5,figure1_supp,14,16,0.0,0.0,0.0,,False
figure1_supp_lam0.5,figure1_supp,14,17,0.8058,0.805751321264247,4.867873575298276e-05,,False
figure1_supp_lam0.5,figure1_supp,14,18,0.063,0.0629532025339998,4.679746600019796e-05,,False
figure1_supp_lam0.5,figure1_supp,14,19,0.0,0.0,0.0,,False
figure1_supp_lam0.5,figure1_supp,14,20,0.1313,0.131295476201754,4.523798246003352e-06,,False
figure1_supp_lam0.5,figure1_supp,14,21,0.3297,0.329688630662831,1.136933716899824e-05,,False
figure1_supp_lam0.5,figure1_supp,15,15,0.0,0.0,0.0,,False
figure1_supp_lam0.5,figure1_supp,15,16,0.0,0.0,0.0,,False
figure1_supp_lam0.5,figure1_supp,15,17,0.8089,0.808935725833685,3.572583368505189e-05,,False
figure1_supp_lam0.5,figure1_supp,15,18,0.0619,0.0619211828203277,2.1182820327703134e-05,,False
figure1_supp_lam0.5,figure1_supp,15,19,0.0,0.0,0.0,,False
figure1_supp_lam0.5,figure1_supp,15,20,0.1291,0.129143091345987,4.309134598701192e-05,,False
figure1_supp_lam0.5,figure1_supp,15,21,0.3377,0.337694771180011,5.228819988989386e-06,,False
figure1_supp_lam0.5,figure1_supp,16,15,0.0,0.0,0.0,,False
figure1_supp_lam0.5,figure1_supp,16,16,0.0,0.0,0.0,,False
figure1_supp_lam0.5,figure1_supp,16,17,0.812,0.812017407675077,1.7407675076963613e-05,,False
figure1_supp_lam0.5,figure1_supp,16,18,0.0609,0.0609224540651611,2.245406516109688e-05,,False
figure1_supp_lam0.5,figure1_supp,16,19,0.0,0.0,0.0,,False
figure1_supp_lam0.5,figure1_supp,16,20,0.1271,0.127060138259762,3.986174023798417e-05,,False
figure1_supp_lam0.5,figure1_supp,16,21,0.3306,0.330646005824226,4.6005824225980874e-05,,False
figure1_supp_lam0.5,figure1_supp,17,15,0.0,0.0,0.0,,False
figure1_supp_lam0.5,figure1_supp,17,16,0.0,0.0,0.0,,False
figure1_supp_lam0.5,figure1_supp,17,17,0.815,0.815001258346902,1.2583469020110982e-06,,False
figure1_supp_lam0.5,figure1_supp,17,18,0.06,0.0599554309847617,4.456901523829798e-05,,False
figure1_supp_lam0.5,figure1_supp,17,19,0.0,0.0,0.0,,False
figure1_supp_lam0.5,figure1_supp,17,20,0.125,0.125043310668337,4.331066833698771e-05,,False
figure1_supp_lam0.5,figure1_supp,17,21,0.3302,0.330214110940548,1.4110940547984452e-05,,False
figure1_supp_lam0.5,figure1_supp,18,15,0.0,0.0,0.0,,False
figure1_supp_lam0.5,figure1_supp,18,16,0.0,0.0,0.0,,False
figure1_supp_lam0.5,figure1_supp,18,17,0.8179,0.817891863685231,8.136314768925068e-06,,False
figure1_supp_lam0.5,figure1_supp,18,18,0.059,0.0590186273756249,1.8627375624906406e-05,,False
figure1_supp_lam0.5,figure1_supp,18,19,0.0,0.0,0.0,,False
figure1_supp_lam0.5,figure1_supp,18,20,0.1231,0.123089508939144,1.0491060856002155e-05,,False
figure1_supp_lam0.5,figure1_supp,18,21,0.3596,0.359623370550962,2.3370550962020786e-05,,False
figure1_supp_lam0.5,figure1_supp,19,15,0.0,0.0,0.0,,False
figure1_supp_lam0.5,figure1_supp,19,16,0.0,0.0,0.0,,False
figure1_supp_lam0.5,figure1_supp,19,17,0.8207,0.820693527320843,6.472679156988015e-06,,False
figure1_supp_lam0.5,figure1_supp,19,18,0.0581,0.0581106484929229,1.0648492922898933e-05,,False
figure1_supp_lam0.5,figure1_supp,19,19,0.0,0.0,0.0,,False
figure1_supp_lam0.5,figure1_supp,19,20,0.1212,0.121195824186234,4.175813766008063e-06,,False
figure1_supp_lam0.5,figure1_supp,19,21,0.3694,0.369436304740831,3.6304740830994664e-05,,False
figure1_supp_lam0.5,figure1_supp,20,15,0.0,0.0,0.0,,False
figure1_supp_lam0.5,figure1_supp,20,16,0.0,0.0,0.0,,False
figure1_supp_lam0.5,figure1_supp,20,17,0.8234,0.823410292058406,1.0292058405969584e-05,,False
figure1_supp_lam0.5,figure1_supp,20,18,0.0572,0.057230184121818,3.0184121817995735e-05,,False
figure1_supp_lam0.5,figure1_supp,20,19,0.0,0.0,0.0,,False
figure1_supp_lam0.5,figure1_supp,20,20,0.1194,0.119359523819776,4.0476180224000013e-05,,False
figure1_supp_lam0.5,figure1_supp,20,21,0.3752,0.375249923571693,4.992357169303352e-05,,False
figure1_supp_lam0.5,figure1_supp,21,15,0.0,0.0,0.0,,False
figure1_supp_lam0.5,figure1_supp,21,16,0.0,0.0,0.0,,False
figure1_supp_lam0.5,figure1_supp,21,17,0.826,0.826045959341116,4.5959341116064145e-05,,False
figure1_supp_lam0.5,figure1_supp,21,18,0.0564,0.0563760022692536,2.3997730746398716e-05,,False
figure1_supp_lam0.5,figure1_supp,21,19,0.0,0.0,0.0,,False
figure1_supp_lam0.5,figure1_supp,21,20,0.1176,0.11757803838963,2.1961610369991558e-05,,False
figure1_supp_lam0.5,figure1_supp,21,21,0.3872,0.387184528494849,1.5471505150965736e-05,,False
figure1_supp_lam0.5,figure1_supp,22,15,0.0634,0.0633687093083904,3.12906916095923e-05,,False
figure1_supp_lam0.5,figure1_supp,22,16,0.4443,0.444298038009998,1.9619900019640646e-06,,False
figure1_supp_lam0.5,figure1_supp,22,17,0.8221,0.822070312321247,2.9687678752998714e-05,,False
figure1_supp_lam0.5,figure1_supp,22,18,0.0555,0.0555469434123528,4.694341235279842e-05,,False
figure1_supp_lam0.5,figure1_supp,22,19,0.0,0.0,0.0,,False
figure1_supp_lam0.5,figure1_supp,22,20,0.1224,0.1223827442664,1.7255733599993994e-05,,False
figure1_supp_lam0.5,figure1_supp,22,21,0.2966,0.296617110062441,1.7110062441039187e-05,,False
figure1_supp_lam0.5,figure1_supp,23,15,0.175,0.175032841282758,3.284128275801712e-05,,False
figure1_supp_lam0.5,figure1_supp,23,16,0.0,0.0,0.0,,False
figure1_supp_lam0.5,figure1_supp,23,17,0.8039,0.803929896473728,2.9896473728086015e-05,,False
figure1_supp_lam0.5,figure1_supp,23,18,0.0721,0.0720587057775504,4.1294222449597684e-05,,False
figure1_supp_lam0.5,figure1_supp,23,19,0.0,0.0,0.0,,False
figure1_supp_lam0.5,figure1_supp,23,20,0.124,0.124011397748721,1.1397748720998191e-05,,False
figure1_supp_lam0.5,figure1_supp,23,21,0.3965,0.396538427845605,3.842784560498247e-05,,False
figure1_supp_lam0.5,figure1_supp,24,15,0.0,0.0,0.0,,False
figure1_supp_lam0.5,figure1_supp,24,16,0.0,0.0,0.0,,False
figure1_supp_lam0.5,figure1_supp,24,17,0.8067,0.806665557851622,3.444214837799997e-05,,False
figure1_supp_lam0.5,figure1_supp,24,18,0.0711,0.0710593229704102,4.06770295897918e-05,,False
figure1_supp_lam0.5,figure1_supp,24,19,0.0,0.0,0.0,,False
figure1_supp_lam0.5,figure1_supp,24,20,0.1223,0.122275119177967,2.4880822033002126e-05,,False
figure1_supp_lam0.5,figure1_supp,24,21,0.3953,0.395327443791998,2.744379199803859e-05,,False
figure1_supp_lam0.5,figure1_supp,25,15,0.0,0.0,0.0,,False
figure1_supp_lam0.5,figure1_supp,25,16,0.0,0.0,0.0,,False
figure1_supp_lam0.5,figure1_supp,25,17,0.8094,0.809388578163571,1.1421836428993082e-05,,False
figure1_supp_lam0.5,figure1_supp,25,18,0.0701,0.0700584874356157,4.1512564384296735e-05,,False
figure1_supp_lam0.5,figure1_supp,25,19,0.0,0.0,0.0,,False
figure1_supp_lam0.5,figure1_supp,25,20,0.1206,0.120552934400813,4.706559918700448e-05,,False
figure1_supp_lam0.5,figure1_supp,25,21,0.3867,0.386702105060861,2.1050608610129196e-06,,False
figure1_supp_lam0.5,figure1_supp,26,15,0.0,0.0,0.0,,False
figure1_supp_lam0.5,figure1_supp,26,16,0.0,0.0,0.0,,False
figure1_supp_lam0.5,figure1_supp,26,17,0.812,0.812035959022411,3.595902241093629e-05,,False
figure1_supp_lam0.5,figure1_supp,26,18,0.0691,0.0690854528878988,1.4547112101193083e-05,,False
figure1_supp_lam0.5,figure1_supp,26,19,0.0,0.0,0.0,,False
figure1_supp_lam0.5,figure1_supp,26,20,0.1189,0.11887858808969,2.1411910310006887e-05,,False
figure1_supp_lam0.5,figure1_supp,26,21,0.3666,0.366589487626202,1.051237379795511e-05,,False
figure1_supp_lam0.5,figure1_supp,27,15,0.0,0.0,0.0,,False
figure1_supp_lam0.5,figure1_supp,27,16,0.0,0.0,0.0,,False
figure1_supp_lam0.5,figure1_supp,27,17,0.8146,0.814610808898816,1.0808898815994894e-05,,False
figure1_supp_lam0.5,figure1_supp,27,18,0.0681,0.0681390768209413,3.907682094130005e-05,,False
figure1_supp_lam0.5,figure1_supp,27,19,0.0,0.0,0.0,,False
figure1_supp_lam0.5,figure1_supp,27,20,0.1173,0.117250114280242,4.988571975800271e-05,,False
figure1_supp_lam0.5,figure1_supp,27,21,0.3609,0.360934276247745,3.427624774499094e-05,,False
figure1_supp_lam0.5,figure1_supp,28,15,0.0,0.0,0.0,,False
figure1_supp_lam0.5,figure1_supp,28,16,0.0,0.0,0.0,,False
figure1_supp_lam0.5,figure1_supp,28,17,0.8171,0.817116068238021,1.6068238020916503e-05,,False
figure1_supp_lam0.5,figure1_supp,28,18,0.0672,0.0672182784855232,1.827848552320155e-05,,False
figure1_supp_lam0.5,figure1_supp,28,19,0.0,0.0,0.0,,False
figure1_supp_lam0.5,figure1_supp,28,20,0.1157,0.115665653276455,3.434672354499235e-05,,False
figure1_supp_lam0.5,figure1_supp,28,21,0.3692,0.369152924241586,4.7075758413950286e-05,,False
figure1_supp_lam0.5,figure1_supp,29,15,0.0,0.0,0.0,,False
figure1_supp_lam0.5,figure1_supp,29,16,0.0,0.0,0.0,,False
figure1_supp_lam0.5,figure1_supp,29,17,0.8196,0.819554520661514,4.5479338485976406e-05,,False
figure1_supp_lam0.5,figure1_supp,29,18,0.0663,0.0663220347723829,2.203477238289786e-05,,False
figure1_supp_lam0.5,figure1_supp,29,19,0.0,0.0,0.0,,False
figure1_supp_lam0.5,figure1_supp,29,20,0.1141,0.114123444566103,2.3444566103009157e-05,,False
figure1_supp_lam0.5,figure1_supp,29,21,0.3718,0.371774832012074,2.516798792601138e-05,,False
figure1_supp_lam0.5,figure1_supp,30,15,0.0,0.0,0.0,,False
figure1_supp_lam0.5,figure1_supp,30,16,0.0,0.0,0.0,,False
figure1_supp_lam0.5,figure1_supp,30,17,0.8219,0.821928803284389,2.8803284389034012e-05,,False
figure1_supp_lam0.5,figure1_supp,30,18,0.0654,0.0654493764201147,4.9376420114696784e-05,,False
figure1_supp_lam0.5,figure1_supp,30,19,0.0,0.0,0.0,,False
figure1_supp_lam0.5,figure1_supp,30,20,0.1126,0.112621820295496,2.1820295495994513e-05,,False
figure1_supp_lam0.5,figure1_supp,30,21,0.3754,0.37537048209463,2.9517905370035624e-05,,False
figure1_supp_lam0.5,figure1_supp,31,15,0.0,0.0,0.0,,False
figure1_supp_lam0.5,figure1_supp,31,16,0.0,0.0,0.0,,False
figure1_supp_lam0.5,figure1_supp,31,17,0.8242,0.824241416228748,4.141622874798134e-05,,False
figure1_supp_lam0.5,figure1_supp,31,18,0.0646,0.0645993845185548,6.15481445198629e-07,,False
figure1_supp_lam0.5,figure1_supp,31,19,0.0,0.0,0.0,,False
figure1_supp_lam0.5,figure1_supp,31,20,0.1112,0.111159199252697,4.080074730299088e-05,,False
figure1_supp_lam0.5,figure1_supp,31,21,0.3812,0.381246737623077,4.67376230769978e-05,,False
figure1_supp_lam0.5,figure1_supp,32,15,0.0,0.0,0.0,,False
figure1_supp_lam0.5,figure1_supp,32,16,0.0,0.0,0.0,,False
figure1_supp_lam0.5,figure1_supp,32,17,0.8265,0.826494731405302,5.2685946979602605e-06,,False
figure1_supp_lam0.5,figure1_supp,32,18,0.0638,0.0637711872811374,2.881271886259751e-05,,False
figure1_supp_lam0.5,figure1_supp,32,19,0.0,0.0,0.0,,False
figure1_supp_lam0.5,figure1_supp,32,20,0.1097,0.10973408131356,3.408131355998878e-05,,False
figure1_supp_lam0.5,figure1_supp,32,21,0.3834,0.383386307357567,1.3692642433005275e-05,,False
figure1_supp_lam0.5,figure1_supp,33,15,0.0,0.0,0.0,,False
figure1_supp_lam0.5,figure1_supp,33,16,0.0,0.0,0.0,,False
figure1_supp_lam0.5,figure1_supp,33,17,0.8287,0.82869100062802,8.999371979956372e-06,,False
figure1_supp_lam0.5,figure1_supp,33,18,0.063,0.0629639570623888,3.6042937611197035e-05,,False
figure1_supp_lam0.5,figure1_supp,33,19,0.0,0.0,0.0,,False
figure1_supp_lam0.5,figure1_supp,33,20,0.1083,0.108345042309591,4.504230959100075e-05,,False
figure1_supp_lam0.5,figure1_supp,33,21,0.3718,0.371794583676829,5.416323171025805e-06,,False
figure1_supp_lam0.5,figure1_supp,34,15,0.0,0.0,0.0,,False
figure1_supp_lam0.5,figure1_supp,34,16,0.0,0.0,0.0,,False
figure1_supp_lam0.5,figure1_supp,34,17,0.8308,0.83083236312017,3.236312016996479e-05,,False
figure1_supp_lam0.5,figure1_supp,34,18,0.0622,0.062176907599109,2.3092400890996345e-05,,False
figure1_supp_lam0.5,figure1_supp,34,19,0.0,0.0,0.0,,False
figure1_supp_lam0.5,figure1_supp,34,20,0.107,0.106990729280721,9.270719279003137e-06,,False
figure1_supp_lam0.5,figure1_supp,34,21,0.4374,0.437403143245195,3.143245195014188e-06,,False
figure1_supp_lam0.5,figure1_supp,35,15,0.0,0.0,0.0,,False
figure1_supp_lam0.5,figure1_supp,35,16,0.0,0.0,0.0,,False
figure1_supp_lam0.5,figure1_supp,35,17,0.8329,0.832920852464365,2.085246436500654e-05,,False
figure1_supp_lam0.5,figure1_supp,35,18,0.0614,0.0614092914559101,9.291455910095947e-06,,False
figure1_supp_lam0.5,figure1_supp,35,19,0.0,0.0,0.0,,False
figure1_supp_lam0.5,figure1_supp,35,20,0.1057,0.105669856079725,3.0143920275005343e-05,,False
figure1_supp_lam0.5,figure1_supp,35,21,0.0779,0.0779073815283667,7.3815283666983644e-06,,False
figure1_supp_lam0.5,figure1_supp,36,15,0.0,0.0,0.0,,False
figure1_supp_lam0.5,figure1_supp,36,16,0.0,0.0,0.0,,False
figure1_supp_lam0.5,figure1_supp,36,17,0.835,0.834958403044068,4.159695593197732e-05,,False
figure1_supp_lam0.5,figure1_supp,36,18,0.0607,0.0606603976576673,3.9602342332696605e-05,,False
figure1_supp_lam0.5,figure1_supp,36,19,0.0,0.0,0.0,,False
figure1_supp_lam0.5,figure1_supp,36,20,0.1044,0.104381199298265,1.880070173500281e-05,,False
figure1_supp_lam0.5,figure1_supp,36,21,0.0777,0.0777235431123183,2.3543112318294424e-05,,False
figure1_supp_lam0.5,figure1_supp,37,15,0.0,0.0,0.0,,False
figure1_supp_lam0.5,figure1_supp,37,16,0.0,0.0,0.0,,False
figure1_supp_lam0.5,figure1_supp,37,17,0.8369,0.836946856019441,4.6856019440988383e-05,,False
figure1_supp_lam0.5,figure1_supp,37,18,0.0599,0.0599295494931171,2.954949311709948e-05,,False
figure1_supp_lam0.5,figure1_supp,37,19,0.0,0.0,0.0,,False
figure1_supp_lam0.5,figure1_supp,37,20,0.1031,0.103123594487442,2.3594487442005208e-05,,False
figure1_supp_lam0.5,figure1_supp,37,21,0.1035,0.103506132082221,6.132082220999813e-06,,False
figure1_supp_lam0.5,figure1_supp,38,15,0.0,0.0,0.0,,False
figure1_supp_lam0.5,figure1_supp,38,16,0.0,0.0,0.0,,False
figure1_supp_lam0.5,figure1_supp,38,17,0.8389,0.838887964876352,1.2035123648002077e-05,,False
figure1_supp_lam0.5,figure1_supp,38,18,0.0592,0.0592161024753419,1.6102475341894795e-05,,False
figure1_supp_lam0.5,figure1_supp,38,19,0.0,0.0,0.0,,False
figure1_supp_lam0.5,figure1_supp,38,20,0.1019,0.101895932648306,4.06735169400374e-06,,False
figure1_supp_lam0.5,figure1_supp,38,21,0.0644,0.0644326234768918,3.262347689179934e-05,,False
figure1_supp_lam0.5,figure1_supp,39,15,0.0,0.0,0.0,,False
figure1_supp_lam0.5,figure1_supp,39,16,0.0,0.0,0.0,,False
figure1_supp_lam0.5,figure1_supp,39,17,0.8408,0.840783400583689,1.659941631104722e-05,,False
figure1_supp_lam0.5,figure1_supp,39,18,0.0585,0.0585194424462202,1.94424462201942e-05,,False
figure1_supp_lam0.5,figure1_supp,39,19,0.0,0.0,0.0,,False
figure1_supp_lam0.5,figure1_supp,39,20,0.1007,0.100697156970091,2.843029908994321e-06,,False
figure1_supp_lam0.5,figure1_supp,39,21,0.085,0.0849646528406163,3.5347159383705695e-05,,False
figure1_supp_lam0.5,figure1_supp,40,15,0.0,0.0,0.0,,False
figure1_supp_lam0.5,figure1_supp,40,16,0.0,0.0,0.0,,False
figure1_supp_lam0.5,figure1_supp,40,17,0.8426,0.842634756390855,3.4756390855039676e-05,,False
figure1_supp_lam0.5,figure1_supp,40,18,0.0578,0.0578389838131246,3.898381312460175e-05,,False
figure1_supp_lam0.5,figure1_supp,40,19,0.0,0.0,0.0,,False
figure1_supp_lam0.5,figure1_supp,40,20,0.0995,0.0995262597960197,2.6259796019695303e-05,,False
figure1_supp_lam0.5,figure1_supp,40,21,0.0868,0.0867519519893848,4.8048010615198145e-05,,False
figure1_supp_lam0.5,figure1_supp,41,15,0.0,0.0,0.0,,False
figure1_supp_lam0.5,figure1_supp,41,16,0.0,0.0,0.0,,False
figure1_supp_lam0.5,figure1_supp,41,17,0.8444,0.844443552294409,4.355229440899944e-05,,False
figure1_supp_lam0.5,figure1_supp,41,18,0.0572,0.0571741679072266,2.583209277340348e-05,,False
figure1_supp_lam0.5,figure1_supp,41,19,0.0,0.0,0.0,,False
figure1_supp_lam0.5,figure1_supp,41,20,0.0984,0.0983822797983643,1.7720201635706978e-05,,False
figure1_supp_lam0.5,figure1_supp,41,21,0.093,0.0930294336366078,2.9433636607803515e-05,,False
figure1_supp_lam0.5,figure1_supp,42,15,0.0,0.0,0.0,,False
figure1_supp_lam0.5,figure1_supp,42,16,0.0,0.0,0.0,,False
figure1_supp_lam0.5,figure1_supp,42,17,0.8462,0.846211239200154,1.1239200154000706e-05,,False
figure1_supp_lam0.5,figure1_supp,42,18,0.0565,0.0565244614537354,2.4461453735399874e-05,,False
figure1_supp_lam0.5,figure1_supp,42,19,0.0,0.0,0.0,,False
figure1_supp_lam0.5,figure1_supp,42,20,0.0973,0.0972642993461102,3.5700653889803036e-05,,False
figure1_supp_lam0.5,figure1_supp,42,21,0.1208,0.120844572496874,4.4572496873993006e-05,,False
figure1_supp_lam0.5,figure1_supp,43,15,0.0,0.0,0.0,,False
figure1_supp_lam0.5,figure1_supp,43,16,0.0,0.0,0.0,,False
figure1_supp_lam0.5,figure1_supp,43,17,0.8479,0.847939202804647,3.920280464697612e-05,,False
figure1_supp_lam0.5,figure1_supp,43,18,0.0559,0.0558893551452665,1.0644854733496412e-05,,False
figure1_supp_lam0.5,figure1_supp,43,19,0.0,0.0,0.0,,False
figure1_supp_lam0.5,figure1_supp,43,20,0.0962,0.0961714420500865,2.8557949913493585e-05,,False
figure1_supp_lam0.5,figure1_supp,43,21,0.1289,0.128928068177818,2.8068177818002527e-05,,False
figure1_supp_lam0.5,figure1_supp,44,15,0.0,0.0,0.0,,False
figure1_supp_lam0.5,figure1_supp,44,16,0.0,0.0,0.0,,False
figure1_supp_lam0.5,figure1_supp,44,17,0.8496,0.849628767217929,2.8767217928993283e-05,,False
figure1_supp_lam0.5,figure1_supp,44,18,0.0553,0.0552683623103191,3.163768968090369e-05,,False
figure1_supp_lam0.5,figure1_supp,44,19,0.0,0.0,0.0,,False
figure1_supp_lam0.5,figure1_supp,44,20,0.0951,0.0951028704717522,2.870471752194903e-06,,False
figure1_supp_lam0.5,figure1_supp,44,21,0.135,0.135002892740634,2.8927406340029105e-06,,False
figure1_supp_lam0.5,figure1_supp,45,15,0.0,0.0,0.0,,False
figure1_supp_lam0.5,figure1_supp,45,16,0.0,0.0,0.0,,False
figure1_supp_lam0.5,figure1_supp,45,17,0.8513,0.851281198347402,1.8801652597932872e-05,,False
figure1_supp_lam0.5,figure1_supp,45,18,0.0547,0.0546610176695463,3.898233045369903e-05,,False
figure1_supp_lam0.5,figure1_supp,45,19,0.0,0.0,0.0,,False
figure1_supp_lam0.5,figure1_supp,45,20,0.0941,0.0940577839830516,4.2216016948398716e-05,,False
figure1_supp_lam0.5,figure1_supp,45,21,0.1307,0.130695838318945,4.161681055020461e-06,,False
figure1_supp_lam0.5,figure1_supp,46,15,0.05,0.0499863341547391,1.3665845260905918e-05,,False
figure1_supp_lam0.5,figure1_supp,46,16,0.5851,0.58510573452898,5.734528980005926e-06,,False
figure1_supp_lam0.5,figure1_supp,46,17,0.8465,0.846537862120485,3.7862120484954964e-05,,False
figure1_supp_lam0.5,figure1_supp,46,18,0.0541,0.0540668761731382,3.3123826861804206e-05,,False
figure1_supp_lam0.5,figure1_supp,46,19,0.0,0.0,0.0,,False
figure1_supp_lam0.5,figure1_supp,46,20,0.0994,0.0993952617063769,4.7382936231021855e-06,,False
figure1_supp_lam0.5,figure1_supp,46,21,0.405,0.405032415118376,3.241511837598354e-05,,False
figure1_supp_lam0.5,figure1_supp,47,15,0.0,0.0,0.0,,False
figure1_supp_lam0.5,figure1_supp,47,16,0.0,0.0,0.0,,False
figure1_supp_lam0.5,figure1_supp,47,17,0.848,0.847975574578363,2.442542163694217e-05,,False
figure1_supp_lam0.5,figure1_supp,47,18,0.0536,0.0535628517207102,3.714827928980036e-05,,False
figure1_supp_lam0.5,figure1_supp,47,19,0.0,0.0,0.0,,False
figure1_supp_lam0.5,figure1_supp,47,20,0.0985,0.0984615737009271,3.842629907289952e-05,,False
figure1_supp_lam0.5,figure1_supp,47,21,0.4882,0.488164609681265,3.5390318735006865e-05,,False
figure1_supp_lam0.5,figure1_supp,48,15,0.0,0.0,0.0,,False
figure1_supp_lam0.5,figure1_supp,48,16,0.0,0.0,0.0,,False
figure1_supp_lam0.5,figure1_supp,48,17,0.8496,0.84959285569987,7.14430013004641e-06,,False
figure1_supp_lam0.5,figure1_supp,48,18,0.053,0.0529930341492132,6.965850786799788e-06,,False
figure1_supp_lam0.5,figure1_supp,48,19,0.0,0.0,0.0,,False
figure1_supp_lam0.5,figure1_supp,48,20,0.0974,0.0974141101509172,1.4110150917193143e-05,,False
figure1_supp_lam0.5,figure1_supp,48,21,0.4785,0.478492965851963,7.03414803698843e-06,,False
figure1_supp_lam0.5,figure1_supp,49,15,0.0524,0.0523729550885132,2.7044911486799605e-05,,False
figure1_supp_lam0.5,figure1_supp,49,16,0.5878,0.587790572080086,9.427919913984617e-06,,False
figure1_supp_lam0.5,figure1_supp,49,17,0.845,0.844988819617975,1.118038202496674e-05,,False
figure1_supp_lam0.5,figure1_supp,49,18,0.0524,0.0524352127371163,3.52127371162983e-05,,False
figure1_supp_lam0.5,figure1_supp,49,19,0.0,0.0,0.0,,False
figure1_supp_lam0.5,figure1_supp,49,20,0.1026,0.102575967644908,2.4032355091990754e-05,,False
figure1_supp_lam0.5,figure1_supp,49,21,0.4744,0.474386035395186,1.3964604814009629e-05,,False
figure1_supp_lam0.5,figure1_supp,50,15,0.1952,0.195249490386635,4.949038663498717e-05,,False
figure1_supp_lam0.5,figure1_supp,50,16,1.0,1.0,0.0,,False
figure1_supp_lam0.5,figure1_supp,50,17,0.8298,0.829831369876392,3.136987639207334e-05,,False
figure1_supp_lam0.5,figure1_supp,50,18,0.0541,0.0541043289103123,4.328910312295653e-06,,False
figure1_supp_lam0.5,figure1_supp,50,19,0.0,0.0,0.0,,False
figure1_supp_lam0.5,figure1_supp,50,20,0.1161,0.116064301213295,3.569878670499349e-05,,False
figure1_supp_lam0.5,figure1_supp,50,21,0.5557,0.555685839834973,1.4160165026977367e-05,,False
figure1_supp_lam0.5,figure1_supp,51,15,0.0,0.0,0.0,,False
figure1_supp_lam0.5,figure1_supp,51,16,0.0,0.0,0.0,,False
figure1_supp_lam0.5,figure1_supp,51,17,0.8314,0.83137402346636,2.5976533640004185e-05,,False
figure1_supp_lam0.5,figure1_supp,51,18,0.0536,0.053628515028967,2.851502896699526e-05,,False
figure1_supp_lam0.5,figure1_supp,51,19,0.0,0.0,0.0,,False
figure1_supp_lam0.5,figure1_supp,51,20,0.115,0.114997461504673,2.5384953270118915e-06,,False
figure1_supp_lam0.5,figure1_supp,51,21,0.5245,0.524500083371605,8.337160506410868e-08,,False
figure1_supp_lam0.5,figure1_supp,52,15,0.0,0.0,0.0,,False
figure1_supp_lam0.5,figure1_supp,52,16,0.0,0.0,0.0,,False
figure1_supp_lam0.5,figure1_supp,52,17,0.8331,0.833094696696295,5.303303704962126e-06,,False
figure1_supp_lam0.5,figure1_supp,52,18,0.0531,0.0530812852837734,1.871471622660187e-05,,False
figure1_supp_lam0.5,figure1_supp,52,19,0.0,0.0,0.0,,False
figure1_supp_lam0.5,figure1_supp,52,20,0.1138,0.113824018019932,2.4018019932001144e-05,,False
figure1_supp_lam0.5,figure1_supp,52,21,0.4863,0.486270729163192,2.9270836808037437e-05,,False
figure1_supp_lam0.5,figure1_supp,53,15,0.0,0.0,0.0,,False
figure1_supp_lam0.5,figure1_supp,53,16,0.0,0.0,0.0,,False
figure1_supp_lam0.5,figure1_supp,53,17,0.8348,0.834780608850878,1.9391149121972262e-05,,False
figure1_supp_lam0.5,figure1_supp,53,18,0.0525,0.0525451106849474,4.511068494740533e-05,,False
figure1_supp_lam0.5,figure1_supp,53,19,0.0,0.0,0.0,,False
figure1_supp_lam0.5,figure1_supp,53,20,0.1127,0.112674280464175,2.571953582498898e-05,,False
figure1_supp_lam0.5,figure1_supp,53,21,0.4441,0.444071628766688,2.837123331200786e-05,,False
figure1_supp_lam0.5,figure1_supp,54,15,0.087,0.08704694315173,4.694315173001118e-05,,False
figure1_supp_lam0.5,figure1_supp,54,16,0.6509,0.650929269381168,2.92693811679845e-05,,False
figure1_supp_lam0.5,figure1_supp,54,17,0.8264,0.826432802762369,3.2802762368944194e-05,,False
figure1_supp_lam0.5,figure1_supp,54,18,0.0555,0.0555103668842863,1.036688428630167e-05,,False
figure1_supp_lam0.5,figure1_supp,54,19,0.0,0.0,0.0,,False
figure1_supp_lam0.5,figure1_supp,54,20,0.1181,0.118056830353345,4.3169646655003e-05,,False
figure1_supp_lam0.5,figure1_supp,54,21,0.3718,0.371813899011272,1.3899011271967243e-05,,False
figure1_supp_lam0.5,figure1_supp,55,15,0.2725,0.272542206383203,4.220638320295844e-05,,False
figure1_supp_lam0.5,figure1_supp,55,16,1.0,1.0,0.0,,False
figure1_supp_lam0.5,figure1_supp,55,17,0.8184,0.818365323582317,3.467641768306606e-05,,False
figure1_supp_lam0.5,figure1_supp,55,18,0.0549,0.0549440604265752,4.406042657520426e-05,,False
figure1_supp_lam0.5,figure1_supp,55,19,0.0,0.0,0.0,,False
figure1_supp_lam0.5,figure1_supp,55,20,0.1267,0.126690615991108,9.384008891999418e-06,,False
figure1_supp_lam0.5,figure1_supp,55,21,0.3524,0.352386160331762,1.383966823798044e-05,,False
figure1_supp_lam0.5,figure1_supp,56,15,0.0,0.0,0.0,,False
figure1_supp_lam0.5,figure1_supp,56,16,0.0,0.0,0.0,,False
figure1_supp_lam0.5,figure1_supp,56,17,0.8202,0.820151556868435,4.844313156504576e-05,,False
figure1_supp_lam0.5,figure1_supp,56,18,0.0544,0.0544036787874809,3.6787874808999477e-06,,False
figure1_supp_lam0.5,figure1_supp,56,19,0.0,0.0,0.0,,False
figure1_supp_lam0.5,figure1_supp,56,20,0.1254,0.125444764344084,4.476434408398622e-05,,False
figure1_supp_lam0.5,figure1_supp,56,21,0.3469,0.346922360696098,2.2360696098011612e-05,,False
figure1_supp_lam0.5,figure1_supp,57,15,0.0,0.0,0.0,,False
figure1_supp_lam0.5,figure1_supp,57,16,0.0,0.0,0.0,,False
figure1_supp_lam0.5,figure1_supp,57,17,0.8219,0.821897658258062,2.341741937916808e-06,,False
figure1_supp_lam0.5,figure1_supp,57,18,0.0539,0.0538754877312918,2.451226870820583e-05,,False
figure1_supp_lam0.5,figure1_supp,57,19,0.0,0.0,0.0,,False
figure1_supp_lam0.5,figure1_supp,57,20,0.1242,0.124226854010646,2.68540106459908e-05,,False
figure1_supp_lam0.5,figure1_supp,57,21,0.3286,0.328567960390508,3.2039609491996135e-05,,False
figure1_supp_lam0.5,figure1_supp,58,15,0.0978,0.0978349999569649,3.499995696490399e-05,,False
figure1_supp_lam0.5,figure1_supp,58,16,0.796,0.795972320262732,2.7679737268027083e-05,,False
figure1_supp_lam0.5,figure1_supp,58,17,0.814,0.813994796159427,5.203840572898244e-06,,False
figure1_supp_lam0.5,figure1_supp,58,18,0.0553,0.0553192588082723,1.925880827229748e-05,,False
figure1_supp_lam0.5,figure1_supp,58,19,0.0,0.0,0.0,,False
figure1_supp_lam0.5,figure1_supp,58,20,0.1307,0.130685945032301,1.4054967699017595e-05,,False
figure1_supp_lam0.5,figure1_supp,58,21,0.3199,0.319922161307965,2.216130796500737e-05,,False
figure1_supp_lam0.5,figure1_supp,59,15,0.0,0.0,0.0,,False
figure1_supp_lam0.5,figure1_supp,59,16,0.0,0.0,0.0,,False
figure1_supp_lam0.5,figure1_supp,59,17,0.8158,0.815765846165312,3.415383468796662e-05,,False
figure1_supp_lam0.5,figure1_supp,59,18,0.0548,0.0547554702336028,4.452976639720413e-05,,False
figure1_supp_lam0.5,figure1_supp,59,19,0.0,0.0,0.0,,False
figure1_supp_lam0.5,figure1_supp,59,20,0.1295,0.129478683601086,2.1316398914006385e-05,,False
figure1_supp_lam0.5,figure1_supp,59,21,0.3029,0.30285300770478,4.699229521998305e-05,,False
figure1_supp_lam0.5,figure1_supp,60,15,0.1015,0.101471572726414,2.842727358601249e-05,,False
figure1_supp_lam0.5,figure1_supp,60,16,0.0,0.0,0.0,,False
figure1_supp_lam0.5,figure1_supp,60,17,0.8114,0.811375666128827,2.4333871173065624e-05,,False
figure1_supp_lam0.5,figure1_supp,60,18,0.0604,0.0603671472851916,3.285271480839985e-05,,False
figure1_supp_lam0.5,figure1_supp,60,19,0.0,0.0,0.0,,False
figure1_supp_lam0.5,figure1_supp,60,20,0.1283,0.128257186585981,4.2813414018988416e-05,,False
figure1_supp_lam0.5,figure1_supp,60,21,0.2806,0.280610225353615,1.0225353615000987e-05,,False
figure1_supp_lam0.5,figure1_supp,61,15,0.0,0.0,0.0,,False
figure1_supp_lam0.5,figure1_supp,61,16,0.0,0.0,0.0,,False
figure1_supp_lam0.5,figure1_supp,61,17,0.8131,0.813123154165622,2.315416562193029e-05,,False
figure1_supp_lam0.5,figure1_supp,61,18,0.0598,0.0597770247352061,2.297526479389661e-05,,False
figure1_supp_lam0.5,figure1_supp,61,19,0.0,0.0,0.0,,False
figure1_supp_lam0.5,figure1_supp,61,20,0.1271,0.127099821099172,1.7890082798510676e-07,,False
figure1_supp_lam0.5,figure1_supp,61,21,0.3118,0.311762051126801,3.794887319902296e-05,,False
figure1_supp_lam0.5,figure1_supp,62,15,0.0,0.0,0.0,,False
figure1_supp_lam0.5,figure1_supp,62,16,0.0,0.0,0.0,,False
figure1_supp_lam0.5,figure1_supp,62,17,0.8149,0.814853495330755,4.650466924494001e-05,,False
figure1_supp_lam0.5,figure1_supp,62,18,0.0592,0.0592235337654357,2.3533765435700127e-05,,False
figure1_supp_lam0.5,figure1_supp,62,19,0.0,0.0,0.0,,False
figure1_supp_lam0.5,figure1_supp,62,20,0.1259,0.125922970903809,2.2970903808983145e-05,,False
figure1_supp_lam0.5,figure1_supp,62,21,0.2442,0.244247936014338,4.793601433800143e-05,,False
figure1_supp_lam0.5,figure1_supp,63,15,0.0,0.0,0.0,,False
figure1_supp_lam0.5,figure1_supp,63,16,0.0,0.0,0.0,,False
figure1_supp_lam0.5,figure1_supp,63,17,0.8166,0.816552087116712,4.79128832879816e-05,,False
figure1_supp_lam0.5,figure1_supp,63,18,0.0587,0.0586801985932757,1.980140672429992e-05,,False
figure1_supp_lam0.5,figure1_supp,63,19,0.0,0.0,0.0,,False
figure1_supp_lam0.5,figure1_supp,63,20,0.1248,0.124767714290012,3.228570998799196e-05,,False
figure1_supp_lam0.5,figure1_supp,63,21,0.2547,0.254687932434424,1.2067565575979433e-05,,False
figure1_supp_lam0.5,figure1_supp,64,15,0.0,0.0,0.0,,False
figure1_supp_lam0.5,figure1_supp,64,16,0.0,0.0,0.0,,False
figure1_supp_lam0.5,figure1_supp,64,17,0.8182,0.818219795415651,1.9795415651002735e-05,,False
figure1_supp_lam0.5,figure1_supp,64,18,0.0581,0.0581467422424277,4.6742242427698366e-05,,False
figure1_supp_lam0.5,figure1_supp,64,19,0.0,0.0,0.0,,False
figure1_supp_lam0.5,figure1_supp,64,20,0.1236,0.123633462341921,3.346234192100339e-05,,False
figure1_supp_lam0.5,figure1_supp,64,21,0.2453,0.245337227554436,3.72275544359979e-05,,False
figure1_supp_lam0.5,figure1_supp,65,15,0.0,0.0,0.0,,False
figure1_supp_lam0.5,figure1_supp,65,16,0.0,0.0,0.0,,False
figure1_supp_lam0.5,figure1_supp,65,17,0.8199,0.81985745491641,4.254508358991771e-05,,False
figure1_supp_lam0.5,figure1_supp,65,18,0.0576,0.0576228977177212,2.2897717721202804e-05,,False
figure1_supp_lam0.5,figure1_supp,65,19,0.0,0.0,0.0,,False
figure1_supp_lam0.5,figure1_supp,65,20,0.1225,0.122519647365868,1.96473658680002e-05,,False
figure1_supp_lam0.5,figure1_supp,65,21,0.2516,0.251612312922678,1.231292267800388e-05,,False
figure1_supp_lam0.5,figure1_supp,66,15,0.0,0.0,0.0,,False
figure1_supp_lam0.5,figure1_supp,66,16,0.0,0.0,0.0,,False
figure1_supp_lam0.5,figure1_supp,66,17,0.8215,0.821465870497514,3.4129502486046626e-05,,False
figure1_supp_lam0.5,figure1_supp,66,18,0.0571,0.0571084075595273,8.407559527301434e-06,,False
figure1_supp_lam0.5,figure1_supp,66,19,0.0,0.0,0.0,,False
figure1_supp_lam0.5,figure1_supp,66,20,0.1214,0.121425721942959,2.572194295900887e-05,,False
figure1_supp_lam0.5,figure1_supp,66,21,0.2852,0.28520250747933,2.507479330005058e-06,,False
figure1_supp_lam0.5,figure1_supp,67,15,0.0,0.0,0.0,,False
figure1_supp_lam0.5,figure1_supp,67,16,0.0,0.0,0.0,,False
figure1_supp_lam0.5,figure1_supp,67,17,0.823,0.823045818546209,4.5818546208997724e-05,,False
figure1_supp_lam0.5,figure1_supp,67,18,0.0566,0.0566030234218323,3.0234218323030304e-06,,False
figure1_supp_lam0.5,figure1_supp,67,19,0.0,0.0,0.0,,False
figure1_supp_lam0.5,figure1_supp,67,20,0.1204,0.120351158031959,4.8841968040988504e-05,,False
figure1_supp_lam0.5,figure1_supp,67,21,0.276,0.276049283236418,4.928323641795185e-05,,False
figure1_supp_lam0.5,figure1_supp,68,15,0.0,0.0,0.0,,False
figure1_supp_lam0.5,figure1_supp,68,16,0.0,0.0,0.0,,False
figure1_supp_lam0.5,figure1_supp,68,17,0.8246,0.824598048208084,1.9517919159772745e-06,,False
figure1_supp_lam0.5,figure1_supp,68,18,0.0561,0.056106505672518,6.505672518003491e-06,,False
figure1_supp_lam0.5,figure1_supp,68,19,0.0,0.0,0.0,,False
figure1_supp_lam0.5,figure1_supp,68,20,0.1193,0.119295446119398,4.553880601998461e-06,,False
figure1_supp_lam0.5,figure1_supp,68,21,0.2787,0.278659916205395,4.008379460501699e-05,,False
figure1_supp_lam0.5,figure1_supp,69,15,0.0,0.0,0.0,,False
figure1_supp_lam0.5,figure1_supp,69,16,0.0,0.0,0.0,,False
figure1_supp_lam0.5,figure1_supp,69,17,0.8261,0.826123282571492,2.3282571492089232e-05,,False
figure1_supp_lam0.5,figure1_supp,69,18,0.0556,0.0556186230144961,1.8623014496101098e-05,,False
figure1_supp_lam0.5,figure1_supp,69,19,0.0,0.0,0.0,,False
figure1_supp_lam0.5,figure1_supp,69,20,0.1183,0.118258094414012,4.190558598800298e-05,,False
figure1_supp_lam0.5,figure1_supp,69,21,0.2749,0.274857553460873,4.244653912699459e-05,,False
figure1_supp_lam0.5,figure1_supp,70,15,0.0,0.0,0.0,,False
figure1_supp_lam0.5,figure1_supp,70,16,0.0,0.0,0.0,,False
figure1_supp_lam0.5,figure1_supp,70,17,0.8276,0.827622219790703,2.221979070304858e-05,,False
figure1_supp_lam0.5,figure1_supp,70,18,0.0551,0.0551391521264401,3.9152126440095136e-05,,False
figure1_supp_lam0.5,figure1_supp,70,19,0.0,0.0,0.0,,False
figure1_supp_lam0.5,figure1_supp,70,20,0.1172,0.117238628082856,3.8628082855998724e-05,,False
figure1_supp_lam0.5,figure1_supp,70,21,0.3084,0.308423779184417,2.3779184416983234e-05,,False
figure1_supp_lam0.5,figure1_supp,71,15,0.0,0.0,0.0,,False
figure1_supp_lam0.5,figure1_supp,71,16,0.0,0.0,0.0,,False
figure1_supp_lam0.5,figure1_supp,71,17,0.8291,0.829095534151466,4.465848533974359e-06,,False
figure1_supp_lam0.5,figure1_supp,71,18,0.0547,0.0546678773219406,3.212267805939584e-05,,False
figure1_supp_lam0.5,figure1_supp,71,19,0.0,0.0,0.0,,False
figure1_supp_lam0.5,figure1_supp,71,20,0.1162,0.116236588526593,3.6588526592995496e-05,,False
figure1_supp_lam0.5,figure1_supp,71,21,0.3478,0.347819722222154,1.97222221540172e-05,,False
figure1_supp_lam0.5,figure1_supp,72,15,0.0,0.0,0.0,,False
figure1_supp_lam0.5,figure1_supp,72,16,0.0,0.0,0.0,,False
figure1_supp_lam0.5,figure1_supp,72,17,0.8305,0.830543877082386,4.387708238595689e-05,,False
figure1_supp_lam0.5,figure1_supp,72,18,0.0542,0.054204590225992,4.590225992001651e-06,,False
figure1_supp_lam0.5,figure1_supp,72,19,0.0,0.0,0.0,,False
figure1_supp_lam0.5,figure1_supp,72,20,0.1153,0.115251532691622,4.8467308378000173e-05,,False
figure1_supp_lam0.5,figure1_supp,72,21,0.0592,0.0592472034853405,4.720348534049956e-05,,False
figure1_supp_lam0.5,figure1_supp,73,15,0.0,0.0,0.0,,False
figure1_supp_lam0.5,figure1_supp,73,16,0.0,0.0,0.0,,False
figure1_supp_lam0.5,figure1_supp,73,17,0.832,0.831967878115307,3.2121884692926095e-05,,False
figure1_supp_lam0.5,figure1_supp,73,18,0.0537,0.0537490894677904,4.9089467790398855e-05,,False
figure1_supp_lam0.5,figure1_supp,73,19,0.0,0.0,0.0,,False
figure1_supp_lam0.5,figure1_supp,73,20,0.1143,0.114283032416902,1.6967583097993177e-05,,False
figure1_supp_lam0.5,figure1_supp,73,21,0.0612,0.0611626157422291,3.738425777089632e-05,,False
figure1_supp_lam0.5,figure1_supp,74,15,0.0,0.0,0.0,,False
figure1_supp_lam0.5,figure1_supp,74,16,0.0,0.0,0.0,,False
figure1_supp_lam0.5,figure1_supp,74,17,0.8334,0.83336814579768,3.185420231999192e-05,,False
figure1_supp_lam0.5,figure1_supp,74,18,0.0533,0.0533011803888921,1.1803888921024797e-06,,False
figure1_supp_lam0.5,figure1_supp,74,19,0.0,0.0,0.0,,False
figure1_supp_lam0.5,figure1_supp,74,20,0.1133,0.113330673813428,3.067381342800046e-05,,False
figure1_supp_lam0.5,figure1_supp,74,21,0.0763,0.0762745603615383,2.5439638461702274e-05,,False
figure1_supp_lam0.5,figure1_supp,75,15,0.0233,0.0232683907469767,3.1609253023302114e-05,,False
figure1_supp_lam0.5,figure1_supp,75,16,0.0,0.0,0.0,,False
figure1_supp_lam0.5,figure1_supp,75,17,0.8302,0.830210332736486,1.0332736485985095e-05,,False
figure1_supp_lam0.5,figure1_supp,75,18,0.0574,0.0573956105890401,4.389410959898532e-06,,False
figure1_supp_lam0.5,figure1_supp,75,19,0.0,0.0,0.0,,False
figure1_supp_lam0.5,figure1_supp,75,20,0.1124,0.112394056674474,5.943325526003296e-06,,False
figure1_supp_lam0.5,figure1_supp,75,21,0.1047,0.104705302474692,5.302474691992742e-06,,False
figure1_supp_lam0.5,figure1_supp,76,15,0.0,0.0,0.0,,False
figure1_supp_lam0.5,figure1_supp,76,16,0.0,0.0,0.0,,False
figure1_supp_lam0.5,figure1_supp,76,17,0.8313,0.831294534464744,5.465535256043985e-06,,False
figure1_supp_lam0.5,figure1_supp,76,18,0.0571,0.0570984637915427,1.5362084572964618e-06,,False
figure1_supp_lam0.5,figure1_supp,76,19,0.0,0.0,0.0,,False
figure1_supp_lam0.5,figure1_supp,76,20,0.1116,0.111607001743713,7.001743713000441e-06,,False
figure1_supp_lam0.5,figure1_supp,76,21,0.1276,0.127614613138052,1.4613138052010921e-05,,False
figure1_supp_lam0.5,figure1_supp,77,15,0.0331,0.0331024400957044,2.440095704402123e-06,,False
figure1_supp_lam0.5,figure1_supp,77,16,0.5518,0.551830631207991,3.0631207991071996e-05,,False
figure1_supp_lam0.5,figure1_supp,77,17,0.8282,0.828179695719437,2.0304280563099297e-05,,False
figure1_supp_lam0.5,figure1_supp,77,18,0.0566,0.056634248638766,3.424863876599904e-05,,False
figure1_supp_lam0.5,figure1_supp,77,19,0.0,0.0,0.0,,False
figure1_supp_lam0.5,figure1_supp,77,20,0.1152,0.115186055641797,1.3944358202996887e-05,,False
figure1_supp_lam0.5,figure1_supp,77,21,0.2388,0.238824294532989,2.429453298899431e-05,,False
figure1_supp_lam0.5,figure1_supp,78,15,0.0817,0.081705099376466,5.099376466005667e-06,,False
figure1_supp_lam0.5,figure1_supp,78,16,0.0,0.0,0.0,,False
figure1_supp_lam0.5,figure1_supp,78,17,0.8223,0.822331893085951,3.189308595097362e-05,,False
figure1_supp_lam0.5,figure1_supp,78,18,0.0638,0.0638334714688353,3.347146883531105e-05,,False
figure1_supp_lam0.5,figure1_supp,78,19,0.0,0.0,0.0,,False
figure1_supp_lam0.5,figure1_supp,78,20,0.1138,0.113834635445214,3.463544521399575e-05,,False
figure1_supp_lam0.5,figure1_supp,78,21,0.3248,0.324808934845135,8.934845135033509e-06,,False
figure1_supp_lam0.5,figure1_supp,79,15,0.0,0.0,0.0,,False
figure1_supp_lam0.5,figure1_supp,79,16,0.0,0.0,0.0,,False
figure1_supp_lam0.5,figure1_supp,79,17,0.8234,0.823386357595776,1.3642404223968008e-05,,False
figure1_supp_lam0.5,figure1_supp,79,18,0.0634,0.0634370551938269,3.705519382690703e-05,,False
figure1_supp_lam0.5,figure1_supp,79,19,0.0,0.0,0.0,,False
figure1_supp_lam0.5,figure1_supp,79,20,0.1132,0.113176587210397,2.3412789602994533e-05,,False
figure1_supp_lam0.5,figure1_supp,79,21,0.3137,0.31369993289647,6.710352995487057e-08,,False
figure1_supp_lam0.5,figure1_supp,80,15,0.0,0.0,0.0,,False
figure1_supp_lam0.5,figure1_supp,80,16,0.0,0.0,0.0,,False
figure1_supp_lam0.5,figure1_supp,80,17,0.8248,0.824788053170413,1.19468295869396e-05,,False
figure1_supp_lam0.5,figure1_supp,80,18,0.0629,0.0629335865018124,3.3586501812399305e-05,,False
figure1_supp_lam0.5,figure1_supp,80,19,0.0,0.0,0.0,,False
figure1_supp_lam0.5,figure1_supp,80,20,0.1123,0.112278360327775,2.1639672225001738e-05,,False
figure1_supp_lam0.5,figure1_supp,80,21,0.2771,0.277140702180497,4.07021804970098e-05,,False
figure1_supp_lam0.5,figure1_supp,81,15,0.0,0.0,0.0,,False
figure1_supp_lam0.5,figure1_supp,81,16,0.0,0.0,0.0,,False
figure1_supp_lam0.5,figure1_supp,81,17,0.8262,0.826167674798992,3.232520100804326e-05,,False
figure1_supp_lam0.5,figure1_supp,81,18,0.0624,0.062438046450617,3.804645061700196e-05,,False
figure1_supp_lam0.5,figure1_supp,81,19,0.0,0.0,0.0,,False
figure1_supp_lam0.5,figure1_supp,81,20,0.1114,0.111394278750391,5.721249609000334e-06,,False
figure1_supp_lam0.5,figure1_supp,81,21,0.2855,0.285506161974958,6.161974958007743e-06,,False
figure1_supp_lam0.5,figure1_supp,82,15,0.0,0.0,0.0,,False
figure1_supp_lam0.5,figure1_supp,82,16,0.0,0.0,0.0,,False
figure1_supp_lam0.5,figure1_supp,82,17,0.8275,0.827525739839625,2.5739839624949745e-05,,False
figure1_supp_lam0.5,figure1_supp,82,18,0.062,0.0619502492127216,4.9750787278396436e-05,,False
figure1_supp_lam0.5,figure1_supp,82,19,0.0,0.0,0.0,,False
figure1_supp_lam0.5,figure1_supp,82,20,0.1105,0.110524010947653,2.40109476530026e-05,,False
figure1_supp_lam0.5,figure1_supp,82,21,0.2551,0.255093675995148,6.324004852009679e-06,,False
figure1_supp_lam0.5,figure1_supp,83,15,0.0,0.0,0.0,,False
figure1_supp_lam0.5,figure1_supp,83,16,0.0,0.0,0.0,,False
figure1_supp_lam0.5,figure1_supp,83,17,0.8289,0.82886274960831,3.725039169000244e-05,,False
figure1_supp_lam0.5,figure1_supp,83,18,0.0615,0.0614700147227005,2.998527729949907e-05,,False
figure1_supp_lam0.5,figure1_supp,83,19,0.0,0.0,0.0,,False
figure1_supp_lam0.5,figure1_supp,83,20,0.1097,0.109667235668989,3.276433101100096e-05,,False
figure1_supp_lam0.5,figure1_supp,83,21,0.2433,0.243271223305388,2.8776694611987175e-05,,False
figure1_supp_lam0.5,figure1_supp,84,15,0.0,0.0,0.0,,False
figure1_supp_lam0.5,figure1_supp,84,16,0.0,0.0,0.0,,False
figure1_supp_lam0.5,figure1_supp,84,17,0.8302,0.830179189995939,2.0810004061067033e-05,,False
figure1_supp_lam0.5,figure1_supp,84,18,0.061,0.0609971684556028,2.83154439719574e-06,,False
figure1_supp_lam0.5,figure1_supp,84,19,0.0,0.0,0.0,,False
figure1_supp_lam0.5,figure1_supp,84,20,0.1088,0.108823641548459,2.3641548459005235e-05,,False
figure1_supp_lam0.5,figure1_supp,84,21,0.2417,0.241689372164216,1.0627835784010609e-05,,False
figure1_supp_lam0.5,figure1_supp,85,15,0.0,0.0,0.0,,False
figure1_supp_lam0.5,figure1_supp,85,16,0.0,0.0,0.0,,False
figure1_supp_lam0.5,figure1_supp,85,17,0.8315,0.831475532057039,2.4467942961070577e-05,,False
figure1_supp_lam0.5,figure1_supp,85,18,0.0605,0.0605315412154837,3.154121548370331e-05,,False
figure1_supp_lam0.5,figure1_supp,85,19,0.0,0.0,0.0,,False
figure1_supp_lam0.5,figure1_supp,85,20,0.108,0.107992926727478,7.073272522001295e-06,,False
figure1_supp_lam0.5,figure1_supp,85,21,0.2554,0.255406074432567,6.074432567004795e-06,,False
figure1_supp_lam0.5,figure1_supp,86,15,0.0,0.0,0.0,,False
figure1_supp_lam0.5,figure1_supp,86,16,0.0,0.0,0.0,,False
figure1_supp_lam0.5,figure1_supp,86,17,0.8328,0.832752232571758,4.7767428241973775e-05,,False
figure1_supp_lam0.5,figure1_supp,86,18,0.0601,0.0600729689335482,2.70310664517992e-05,,False
figure1_supp_lam0.5,figure1_supp,86,19,0.0,0.0,0.0,,False
figure1_supp_lam0.5,figure1_supp,86,20,0.1072,0.107174798494694,2.5201505306007843e-05,,False
figure1_supp_lam0.5,figure1_supp,86,21,0.2478,0.247789171950956,1.0828049043981602e-05,,False
figure1_supp_lam0.5,figure1_supp,87,15,0.0,0.0,0.0,,False
figure1_supp_lam0.5,figure1_supp,87,16,0.0,0.0,0.0,,False
figure1_supp_lam0.5,figure1_supp,87,17,0.834,0.834009734582496,9.734582496090383e-06,,False
figure1_supp_lam0.5,figure1_supp,87,18,0.0596,0.0596212924754012,2.129247540119672e-05,,False
figure1_supp_lam0.5,figure1_supp,87,19,0.0,0.0,0.0,,False
figure1_supp_lam0.5,figure1_supp,87,20,0.1064,0.106368972942102,3.102705789799487e-05,,False
figure1_supp_lam0.5,figure1_supp,87,21,0.2882,0.28821288127956,1.2881279560006398e-05,,False
figure1_supp_lam0.5,figure1_supp,88,15,0.0,0.0,0.0,,False
figure1_supp_lam0.5,figure1_supp,88,16,0.0,0.0,0.0,,False
figure1_supp_lam0.5,figure1_supp,88,17,0.8352,0.835248467906508,4.8467906507920766e-05,,False
figure1_supp_lam0.5,figure1_supp,88,18,0.0592,0.0591763574569281,2.364254307190422e-05,,False
figure1_supp_lam0.5,figure1_supp,88,19,0.0,0.0,0.0,,False
figure1_supp_lam0.5,figure1_supp,88,20,0.1056,0.105575174636564,2.482536343599573e-05,,False
figure1_supp_lam0.5,figure1_supp,88,21,0.2708,0.270805771013211,5.7710132110311285e-06,,False
figure1_supp_lam0.5,figure1_supp,89,15,0.0,0.0,0.0,,False
figure1_supp_lam0.5,figure1_supp,89,16,0.0,0.0,0.0,,False
figure1_supp_lam0.5,figure1_supp,89,17,0.8365,0.836468849625719,3.11503742810304e-05,,False
figure1_supp_lam0.5,figure1_supp,89,18,0.0587,0.0587380140683582,3.8014068358196984e-05,,False
figure1_supp_lam0.5,figure1_supp,89,19,0.0,0.0,0.0,,False
figure1_supp_lam0.5,figure1_supp,89,20,0.1048,0.104793136305923,6.863694077000049e-06,,False
figure1_supp_lam0.5,figure1_supp,89,21,0.3349,0.334938230285275,3.823028527499828e-05,,False
figure1_supp_lam0.5,figure1_supp,90,15,0.0,0.0,0.0,,False
figure1_supp_lam0.5,figure1_supp,90,16,0.0,0.0,0.0,,False
figure1_supp_lam0.5,figure1_supp,90,17,0.8377,0.837671284554941,2.8715445059002143e-05,,False
figure1_supp_lam0.5,figure1_supp,90,18,0.0583,0.0583061169060909,6.116906090904151e-06,,False
figure1_supp_lam0.5,figure1_supp,90,19,0.0,0.0,0.0,,False
figure1_supp_lam0.5,figure1_supp,90,20,0.104,0.104022598538968,2.2598538968007786e-05,,False
figure1_supp_lam0.5,figure1_supp,90,21,0.049,0.0490280019817118,2.800198171179491e-05,,False
figure1_supp_lam0.5,figure1_supp,91,15,0.0,0.0,0.0,,False
figure1_supp_lam0.5,figure1_supp,91,16,0.0,0.0,0.0,,False
figure1_supp_lam0.5,figure1_supp,91,17,0.8389,0.838856165689577,4.383431042298547e-05,,False
figure1_supp_lam0.5,figure1_supp,91,18,0.0579,0.0578805248118858,1.9475188114202735e-05,,False
figure1_supp_lam0.5,figure1_supp,91,19,0.0,0.0,0.0,,False
figure1_supp_lam0.5,figure1_supp,91,20,0.1033,0.103263309498537,3.669050146300201e-05,,False
figure1_supp_lam0.5,figure1_supp,91,21,0.0514,0.0514138731587615,1.3873158761501525e-05,,False
figure1_supp_lam0.5,figure1_supp,92,15,0.0,0.0,0.0,,False
figure1_supp_lam0.5,figure1_supp,92,16,0.0,0.0,0.0,,False
figure1_supp_lam0.5,figure1_supp,92,17,0.84,0.840023874633855,2.3874633855003324e-05,,False
figure1_supp_lam0.5,figure1_supp,92,18,0.0575,0.0574611007190461,3.8899280953900994e-05,,False
figure1_supp_lam0.5,figure1_supp,92,19,0.0,0.0,0.0,,False
figure1_supp_lam0.5,figure1_supp,92,20,0.1025,0.102515024647099,1.5024647099001753e-05,,False
figure1_supp_lam0.5,figure1_supp,92,21,0.0439,0.0438578615292695,4.213847073050031e-05,,False
figure1_supp_lam0.5,figure1_supp,93,15,0.0,0.0,0.0,,False
figure1_supp_lam0.5,figure1_supp,93,16,0.0,0.0,0.0,,False
figure1_supp_lam0.5,figure1_supp,93,17,0.8412,0.84117478201059,2.521798940990916e-05,,False
figure1_supp_lam0.5,figure1_supp,93,18,0.057,0.05704771150524,4.771150523999457e-05,,False
figure1_supp_lam0.5,figure1_supp,93,19,0.0,0.0,0.0,,False
figure1_supp_lam0.5,figure1_supp,93,20,0.1018,0.10177750648417,2.2493515830002142e-05,,False
figure1_supp_lam0.5,figure1_supp,93,21,0.0516,0.0515913064601761,8.693539823897978e-06,,False
figure1_supp_lam0.5,figure1_supp,94,15,0.0,0.0,0.0,,False
figure1_supp_lam0.5,figure1_supp,94,16,0.0,0.0,0.0,,False
figure1_supp_lam0.5,figure1_supp,94,17,0.8423,0.842309247853371,9.247853370975001e-06,,False
figure1_supp_lam0.5,figure1_supp,94,18,0.0566,0.0566402278516312,4.022785163119991e-05,,False
figure1_supp_lam0.5,figure1_supp,94,19,0.0,0.0,0.0,,False
figure1_supp_lam0.5,figure1_supp,94,20,0.1011,0.101050524294997,4.94757050029937e-05,,False
figure1_supp_lam0.5,figure1_supp,94,21,0.0001,0.0001059333793242,5.933379324199993e-06,,False
figure1_supp_lam0.5,figure1_supp,95,15,0.0,0.0,0.0,,False
figure1_supp_lam0.5,figure1_supp,95,16,0.0,0.0,0.0,,False
figure1_supp_lam0.5,figure1_supp,95,17,0.8434,0.843427621982071,2.7621982070957785e-05,,False
figure1_supp_lam0.5,figure1_supp,95,18,0.0562,0.0562385241080026,3.8524108002598034e-05,,False
figure1_supp_lam0.5,figure1_supp,95,19,0.0,0.0,0.0,,False
figure1_supp_lam0.5,figure1_supp,95,20,0.1003,0.100333853909926,3.385390992599602e-05,,False
figure1_supp_lam0.5,figure1_supp,95,21,0.0085,0.0084981487822534,1.8512177466008944e-06,,False
figure1_supp_lam0.5,figure1_supp,96,15,0.0,0.0,0.0,,False
figure1_supp_lam0.5,figure1_supp,96,16,0.0,0.0,0.0,,False
figure1_supp_lam0.5,figure1_supp,96,17,0.8445,0.844530244362479,3.024436247900386e-05,,False
figure1_supp_lam0.5,figure1_supp,96,18,0.0558,0.05584247816358,4.247816357999534e-05,,False
figure1_supp_lam0.5,figure1_supp,96,19,0.0,0.0,0.0,,False
figure1_supp_lam0.5,figure1_supp,96,20,0.0996,0.0996272774739409,2.7277473940906516e-05,,False
figure1_supp_lam0.5,figure1_supp,96,21,0.0222,0.0221523993346495,4.76006653505022e-05,,False
figure1_supp_lam0.5,figure1_supp,97,15,0.0819,0.0818942539472786,5.74605272139761e-06,,False
figure1_supp_lam0.5,figure1_supp,97,16,0.0,0.0,0.0,,False
figure1_supp_lam0.5,figure1_supp,97,17,0.8386,0.838624438457846,2.443845784594334e-05,,False
figure1_supp_lam0.5,figure1_supp,97,18,0.0624,0.0624449783162823,4.4978316282300035e-05,,False
figure1_supp_lam0.5,figure1_supp,97,19,0.0,0.0,0.0,,False
figure1_supp_lam0.5,figure1_supp,97,20,0.0989,0.0989305832258714,3.058322587139173e-05,,False
figure1_supp_lam0.5,figure1_supp,97,21,0.4222,0.422205921054985,5.921054984980856e-06,,False
figure1_supp_lam0.5,figure1_supp,98,15,0.0,0.0,0.0,,False
figure1_supp_lam0.5,figure1_supp,98,16,0.0,0.0,0.0,,False
figure1_supp_lam0.5,figure1_supp,98,17,0.8401,0.840147041649317,4.704164931701449e-05,,False
figure1_supp_lam0.5,figure1_supp,98,18,0.0618,0.061845891847234,4.589184723399753e-05,,False
figure1_supp_lam0.5,figure1_supp,98,19,0.0,0.0,0.0,,False
figure1_supp_lam0.5,figure1_supp,98,20,0.098,0.0980070665034493,7.066503449296158e-06,,False
figure1_supp_lam0.5,figure1_supp,98,21,0.4018,0.401786895922784,1.3104077215997378e-05,,False
figure1_supp_lam0.5,figure1_supp,99,15,0.0,0.0,0.0,,False
figure1_supp_lam0.5,figure1_supp,99,16,0.0,0.0,0.0,,False
figure1_supp_lam0.5,figure1_supp,99,17,0.8412,0.841249475844839,4.9475844839053096e-05,,False
figure1_supp_lam0.5,figure1_supp,99,18,0.0614,0.0614193684551842,1.9368455184194666e-05,,False
figure1_supp_lam0.5,figure1_supp,99,19,0.0,0.0,0.0,,False
figure1_supp_lam0.5,figure1_supp,99,20,0.0973,0.0973311556999773,3.1155699977303275e-05,,False
figure1_supp_lam0.5,figure1_supp,99,21,0.3903,0.390262737058014,3.7262941985971576e-05,,False
figure1_supp_lam0.5,figure1_supp,100,15,0.0,0.0,0.0,,False
figure1_supp_lam0.5,figure1_supp,100,16,0.0,0.0,0.0,,False
figure1_supp_lam0.5,figure1_supp,100,17,0.8423,0.842336808202066,3.680820206597435e-05,,False
figure1_supp_lam0.5,figure1_supp,100,18,0.061,0.0609986878493267,1.312150673296597e-06,,False
figure1_supp_lam0.5,figure1_supp,100,19,0.0,0.0,0.0,,False
figure1_supp_lam0.5,figure1_supp,100,20,0.0967,0.0966645039486076,3.5496051392400196e-05,,False
figure1_supp_lam0.5,figure1_supp,100,21,0.4187,0.418662017597875,3.798240212499193e-05,,False
figure1_supp_lam0.5,figure1_supp,101,15,0.0,0.0,0.0,,False
figure1_supp_lam0.5,figure1_supp,101,16,0.0,0.0,0.0,,False
figure1_supp_lam0.5,figure1_supp,101,17,0.8434,0.84340934692178,9.346921780006845e-06,,False
figure1_supp_lam0.5,figure1_supp,101,18,0.0606,0.0605837307891273,1.6269210872700557e-05,,False
figure1_supp_lam0.5,figure1_supp,101,19,0.0,0.0,0.0,,False
figure1_supp_lam0.5,figure1_supp,101,20,0.096,0.0960069222890932,6.922289093200251e-06,,False
figure1_supp_lam0.5,figure1_supp,101,21,0.3904,0.390353981633309,4.601836669104742e-05,,False
figure1_supp_lam0.5,figure1_supp,102,15,0.0,0.0,0.0,,False
figure1_supp_lam0.5,figure1_supp,102,16,0.0,0.0,0.0,,False
figure1_supp_lam0.5,figure1_supp,102,17,0.8445,0.844467391875011,3.260812498906418e-05,,False
figure1_supp_lam0.5,figure1_supp,102,18,0.0602,0.0601743812567683,2.5618743231696495e-05,,False
figure1_supp_lam0.5,figure1_supp,102,19,0.0,0.0,0.0,,False
figure1_supp_lam0.5,figure1_supp,102,20,0.0954,0.095358226868221,4.177313177899933e-05,,False
figure1_supp_lam0.5,figure1_supp,102,21,0.3721,0.372063803125172,3.619687482797618e-05,,False
figure1_supp_lam0.5,figure1_supp,103,15,0.0,0.0,0.0,,False
figure1_supp_lam0.5,figure1_supp,103,16,0.0,0.0,0.0,,False
figure1_supp_lam0.5,figure1_supp,103,17,0.8455,0.845511234882561,1.1234882560939852e-05,,False
figure1_supp_lam0.5,figure1_supp,103,18,0.0598,0.0597705263490048,2.947365099519733e-05,,False
figure1_supp_lam0.5,figure1_supp,103,19,0.0,0.0,0.0,,False
figure1_supp_lam0.5,figure1_supp,103,20,0.0947,0.0947182387684343,1.8238768434292174e-05,,False
figure1_supp_lam0.5,figure1_supp,103,21,0.3885,0.388511642355164,1.1642355163987705e-05,,False
figure1_supp_lam0.5,figure1_supp,104,15,0.0,0.0,0.0,,False
figure1_supp_lam0.5,figure1_supp,104,16,0.0,0.0,0.0,,False
figure1_supp_lam0.5,figure1_supp,104,17,0.8465,0.846541159983344,4.115998334397464e-05,,False
figure1_supp_lam0.5,figure1_supp,104,18,0.0594,0.0593720561733447,2.7943826655302262e-05,,False
figure1_supp_lam0.5,figure1_supp,104,19,0.0,0.0,0.0,,False
figure1_supp_lam0.5,figure1_supp,104,20,0.0941,0.0940867838433114,1.3216156688602987e-05,,False
figure1_supp_lam0.5,figure1_supp,104,21,0.3994,0.399400422514736,4.2251473603149847e-07,,False
figure1_supp_lam0.5,figure1_supp,105,15,0.0,0.0,0.0,,False
figure1_supp_lam0.5,figure1_supp,105,16,0.0,0.0,0.0,,False
figure1_supp_lam0.5,figure1_supp,105,17,0.8476,0.847557443692064,4.255630793603693e-05,,False
figure1_supp_lam0.5,figure1_supp,105,18,0.059,0.0589788637483557,2.113625164429367e-05,,False
figure1_supp_lam0.5,figure1_supp,105,19,0.0,0.0,0.0,,False
figure1_supp_lam0.5,figure1_supp,105,20,0.0935,0.0934636925595809,3.6307440419103276e-05,,False
figure1_supp_lam0.5,figure1_supp,105,21,0.409,0.409014597371035,1.4597371035041107e-05,,False
figure1_supp_lam0.5,figure1_supp,106,15,0.0935,0.0935028297966701,2.829796670100748e-06,,False
figure1_supp_lam0.5,figure1_supp,106,16,0.1913,0.19134979219343,4.979219343001495e-05,,False
figure1_supp_lam0.5,figure1_supp,106,17,0.8443,0.84430063693277,6.369327699706773e-07,,False
figure1_supp_lam0.5,figure1_supp,106,18,0.0616,0.0615916830100575,8.316989942504238e-06,,False
figure1_supp_lam0.5,figure1_supp,106,19,0.0,0.0,0.0,,False
figure1_supp_lam0.5,figure1_supp,106,20,0.0941,0.0941076800571719,7.680057171902122e-06,,False
figure1_supp_lam0.5,figure1_supp,106,21,0.4149,0.414896913134062,3.086865937973471e-06,,False
figure1_supp_lam0.5,figure1_supp,107,15,0.2635,0.263518183178336,1.8183178335962058e-05,,False
figure1_supp_lam0.5,figure1_supp,107,16,1.0,1.0,0.0,,False
figure1_supp_lam0.5,figure1_supp,107,17,0.8353,0.83526941650851,3.058349148998829e-05,,False
figure1_supp_lam0.5,figure1_supp,107,18,0.0626,0.0625851486661122,1.4851333887802576e-05,,False
figure1_supp_lam0.5,figure1_supp,107,19,0.0,0.0,0.0,,False
figure1_supp_lam0.5,figure1_supp,107,20,0.1021,0.102145434825378,4.543482537799903e-05,,False
figure1_supp_lam0.5,figure1_supp,107,21,0.4258,0.42580560729686,5.607296859999611e-06,,False
figure1_supp_lam0.5,figure1_supp,108,15,0.0,0.0,0.0,,False
figure1_supp_lam0.5,figure1_supp,108,16,0.0,0.0,0.0,,False
figure1_supp_lam0.5,figure1_supp,108,17,0.8364,0.836426863838224,2.6863838223922798e-05,,False
figure1_supp_lam0.5,figure1_supp,108,18,0.0621,0.06214203946754,4.203946754000043e-05,,False
figure1_supp_lam0.5,figure1_supp,108,19,0.0,0.0,0.0,,False
figure1_supp_lam0.5,figure1_supp,108,20,0.1014,0.101431096694236,3.109669423599637e-05,,False
figure1_supp_lam0.5,figure1_supp,108,21,0.4277,0.42769739154373,2.6084562700368075e-06,,False
figure1_supp_lam0.5,figure1_supp,109,15,0.0915,0.091537511750592,3.7511750591995296e-05,,False
figure1_supp_lam0.5,figure1_supp,109,16,0.3162,0.316161335647882,3.866435211796748e-05,,False
figure1_supp_lam0.5,figure1_supp,109,17,0.8331,0.833072465119029,2.7534880970958575e-05,,False
figure1_supp_lam0.5,figure1_supp,109,18,0.0641,0.0641110818063892,1.1081806389201532e-05,,False
figure1_supp_lam0.5,figure1_supp,109,19,0.0,0.0,0.0,,False
figure1_supp_lam0.5,figure1_supp,109,20,0.1028,0.102816453074582,1.6453074581992966e-05,,False
figure1_supp_lam0.5,figure1_supp,109,21,0.3983,0.398302924707505,2.924707505014279e-06,,False
figure1_supp_lam0.5,figure1_supp,110,15,0.2526,0.252608028435223,8.02843522301755e-06,,False
figure1_supp_lam0.5,figure1_supp,110,16,1.0,1.0,0.0,,False
figure1_supp_lam0.5,figure1_supp,110,17,0.8239,0.823869327438755,3.067256124500428e-05,,False
figure1_supp_lam0.5,figure1_supp,110,18,0.0652,0.0652104106027882,1.0410602788210599e-05,,False
figure1_supp_lam0.5,figure1_supp,110,19,0.0,0.0,0.0,,False
figure1_supp_lam0.5,figure1_supp,110,20,0.1109,0.110920261958457,2.026195845700185e-05,,False
figure1_supp_lam0.5,figure1_supp,110,21,0.3686,0.368604178288968,4.1782889680375135e-06,,False
figure1_supp_lam0.5,figure1_supp,111,15,0.0,0.0,0.0,,False
figure1_supp_lam0.5,figure1_supp,111,16,0.0,0.0,0.0,,False
figure1_supp_lam0.5,figure1_supp,111,17,0.8251,0.825066040293853,3.3959706146946544e-05,,False
figure1_supp_lam0.5,figure1_supp,111,18,0.0648,0.0647713219297764,2.867807022359503e-05,,False
figure1_supp_lam0.5,figure1_supp,111,19,0.0,0.0,0.0,,False
figure1_supp_lam0.5,figure1_supp,111,20,0.1102,0.110162637776371,3.736222362900332e-05,,False
figure1_supp_lam0.5,figure1_supp,111,21,0.354,0.354044418890609,4.441889060902149e-05,,False
figure1_supp_lam0.5,figure1_supp,112,15,0.0,0.0,0.0,,False
figure1_supp_lam0.5,figure1_supp,112,16,0.0,0.0,0.0,,False
figure1_supp_lam0.5,figure1_supp,112,17,0.8262,0.826173217254018,2.6782745982001366e-05,,False
figure1_supp_lam0.5,figure1_supp,112,18,0.0644,0.0643613768542715,3.862314572850023e-05,,False
figure1_supp_lam0.5,figure1_supp,112,19,0.0,0.0,0.0,,False
figure1_supp_lam0.5,figure1_supp,112,20,0.1095,0.10946540589171,3.459410829000087e-05,,False
figure1_supp_lam0.5,figure1_supp,112,21,0.3445,0.344516536201675,1.6536201675021456e-05,,False
figure1_supp_lam0.5,figure1_supp,113,15,0.0,0.0,0.0,,False
figure1_supp_lam0.5,figure1_supp,113,16,0.0,0.0,0.0,,False
figure1_supp_lam0.5,figure1_supp,113,17,0.8273,0.827266467459968,3.3532540032021885e-05,,False
figure1_supp_lam0.5,figure1_supp,113,18,0.064,0.0639565883205968,4.341167940320745e-05,,False
figure1_supp_lam0.5,figure1_supp,113,19,0.0,0.0,0.0,,False
figure1_supp_lam0.5,figure1_supp,113,20,0.1088,0.108776944219435,2.3055780564995576e-05,,False
figure1_supp_lam0.5,figure1_supp,113,21,0.3443,0.344285612515736,1.4387484264022365e-05,,False
figure1_supp_lam0.5,figure1_supp,114,15,0.0,0.0,0.0,,False
figure1_supp_lam0.5,figure1_supp,114,16,0.0,0.0,0.0,,False
figure1_supp_lam0.5,figure1_supp,114,17,0.8283,0.828346052038343,4.605203834295857e-05,,False
figure1_supp_lam0.5,figure1_supp,114,18,0.0636,0.0635568596435931,4.314035640690106e-05,,False
figure1_supp_lam0.5,figure1_supp,114,19,0.0,0.0,0.0,,False
figure1_supp_lam0.5,figure1_supp,114,20,0.1081,0.108097088318064,2.9116819360019974e-06,,False
figure1_supp_lam0.5,figure1_supp,114,21,0.3542,0.354181769414859,1.8230585140999178e-05,,False
figure1_supp_lam0.5,figure1_supp,115,15,0.0,0.0,0.0,,False
figure1_supp_lam0.5,figure1_supp,115,16,0.0,0.0,0.0,,False
figure1_supp_lam0.5,figure1_supp,115,17,0.8294,0.829412225628167,1.2225628166939728e-05,,False
figure1_supp_lam0.5,figure1_supp,115,18,0.0632,0.0631620965402167,3.7903459783300564e-05,,False
figure1_supp_lam0.5,figure1_supp,115,19,0.0,0.0,0.0,,False
figure1_supp_lam0.5,figure1_supp,115,20,0.1074,0.107425677831616,2.5677831616000013e-05,,False
figure1_supp_lam0.5,figure1_supp,115,21,0.3628,0.362783724684989,1.6275315011027303e-05,,False
figure1_supp_lam0.5,figure1_supp,116,15,0.0,0.0,0.0,,False
figure1_supp_lam0.5,figure1_supp,116,16,0.0,0.0,0.0,,False
figure1_supp_lam0.5,figure1_supp,116,17,0.8305,0.830465236581079,3.476341892105772e-05,,False
figure1_supp_lam0.5,figure1_supp,116,18,0.0628,0.0627722070554006,2.7792944599397407e-05,,False
figure1_supp_lam0.5,figure1_supp,116,19,0.0,0.0,0.0,,False
figure1_supp_lam0.5,figure1_supp,116,20,0.1068,0.10676255636352,3.7443636480005704e-05,,False
figure1_supp_lam0.5,figure1_supp,116,21,0.346,0.346037723800639,3.772380063904457e-05,,False
figure1_supp_lam0.5,figure1_supp,117,15,0.0,0.0,0.0,,False
figure1_supp_lam0.5,figure1_supp,117,16,0.0,0.0,0.0,,False
figure1_supp_lam0.5,figure1_supp,117,17,0.8315,0.831505327154202,5.32715420198393e-06,,False
figure1_supp_lam0.5,figure1_supp,117,18,0.0624,0.0623871014906435,1.2898509356498722e-05,,False
figure1_supp_lam0.5,figure1_supp,117,19,0.0,0.0,0.0,,False
figure1_supp_lam0.5,figure1_supp,117,20,0.1061,0.106107571355155,7.571355155000514e-06,,False
figure1_supp_lam0.5,figure1_supp,117,21,0.3469,0.346928103015962,2.8103015962011035e-05,,False
figure1_supp_lam0.5,figure1_supp,118,15,0.0,0.0,0.0,,False
figure1_supp_lam0.5,figure1_supp,118,16,0.0,0.0,0.0,,False
figure1_supp_lam0.5,figure1_supp,118,17,0.8325,0.832532733695944,3.273369594403164e-05,,False
figure1_supp_lam0.5,figure1_supp,118,18,0.062,0.0620066923352128,6.6923352127976066e-06,,False
figure1_supp_lam0.5,figure1_supp,118,19,0.0,0.0,0.0,,False
figure1_supp_lam0.5,figure1_supp,118,20,0.1055,0.105460573968843,3.942603115700272e-05,,False
figure1_supp_lam0.5,figure1_supp,118,21,0.3602,0.360206459256208,6.459256207957953e-06,,False
figure1_supp_lam0.5,figure1_supp,119,15,0.0,0.0,0.0,,False
figure1_supp_lam0.5,figure1_supp,119,16,0.0,0.0,0.0,,False
figure1_supp_lam0.5,figure1_supp,119,17,0.8335,0.83354768682506,4.768682505995603e-05,,False
figure1_supp_lam0.5,figure1_supp,119,18,0.0616,0.0616308941998478,3.089419984779462e-05,,False
figure1_supp_lam0.5,figure1_supp,119,19,0.0,0.0,0.0,,False
figure1_supp_lam0.5,figure1_supp,119,20,0.1048,0.104821418975092,2.1418975092002412e-05,,False
figure1_supp_lam0.5,figure1_supp,119,21,0.2562,0.256226130137847,2.613013784702467e-05,,False
figure1_supp_lam0.5,figure1_supp,120,15,0.0,0.0,0.0,,False
figure1_supp_lam0.5,figure1_supp,120,16,0.0,0.0,0.0,,False
figure1_supp_lam0.5,figure1_supp,120,17,0.8346,0.834550411603222,4.9588396778044164e-05,,False
figure1_supp_lam0.5,figure1_supp,120,18,0.0613,0.0612596237528608,4.0376247139199684e-05,,False
figure1_supp_lam0.5,figure1_supp,120,19,0.0,0.0,0.0,,False
figure1_supp_lam0.5,figure1_supp,120,20,0.1042,0.104189964643917,1.0035356083001878e-05,,False
figure1_supp_lam0.5,figure1_supp,120,21,0.2604,0.260358596498368,4.140350163200912e-05,,False
figure1_supp_lam0.5,figure1_supp,121,15,0.0,0.0,0.0,,False
figure1_supp_lam0.5,figure1_supp,121,16,0.0,0.0,0.0,,False
figure1_supp_lam0.5,figure1_supp,121,17,0.8355,0.835541127701407,4.11277014069622e-05,,False
figure1_supp_lam0.5,figure1_supp,121,18,0.0609,0.0608927996585323,7.200341467700211e-06,,False
figure1_supp_lam0.5,figure1_supp,121,19,0.0,0.0,0.0,,False
figure1_supp_lam0.5,figure1_supp,121,20,0.1036,0.103566072640061,3.3927359938998314e-05,,False
figure1_supp_lam0.5,figure1_supp,121,21,0.2633,0.263259765559167,4.023444083295358e-05,,False
figure1_supp_lam0.5,figure1_supp,122,15,0.0359,0.0358940982467326,5.901753267402443e-06,,False
figure1_supp_lam0.5,figure1_supp,122,16,0.6107,0.610666717251092,3.3282748908014526e-05,,False
figure1_supp_lam0.5,figure1_supp,122,17,0.8329,0.832885128624308,1.4871375692004918e-05,,False
figure1_supp_lam0.5,figure1_supp,122,18,0.0605,0.0605303425177077,3.0342517707698802e-05,,False
figure1_supp_lam0.5,figure1_supp,122,19,0.0,0.0,0.0,,False
figure1_supp_lam0.5,figure1_supp,122,20,0.1066,0.106584528857984,1.5471142015999195e-05,,False
figure1_supp_lam0.5,figure1_supp,122,21,0.1002,0.100209646781515,9.64678151500753e-06,,False
figure1_supp_lam0.5,figure1_supp,123,15,0.1085,0.108512703333847,1.2703333846994513e-05,,False
figure1_supp_lam0.5,figure1_supp,123,16,1.0,1.0,0.0,,False
figure1_supp_lam0.5,figure1_supp,123,17,0.832,0.832013519609975,1.3519609975087832e-05,,False
figure1_supp_lam0.5,figure1_supp,123,18,0.0584,0.0583919411655605,8.058834439501894e-06,,False
figure1_supp_lam0.5,figure1_supp,123,19,0.0,0.0,0.0,,False
figure1_supp_lam0.5,figure1_supp,123,20,0.1096,0.109594539224464,5.46077553600921e-06,,False
figure1_supp_lam0.5,figure1_supp,123,21,0.3291,0.329105016353544,5.01635354399621e-06,,False
figure1_supp_lam0.5,figure1_supp,124,15,0.1289,0.128934953415312,3.495341531201124e-05,,False
figure1_supp_lam0.5,figure1_supp,124,16,1.0,1.0,0.0,,False
figure1_supp_lam0.5,figure1_supp,124,17,0.8272,0.827151341343629,4.8658656371047826e-05,,False
figure1_supp_lam0.5,figure1_supp,124,18,0.058,0.0580381524819963,3.815248199629667e-05,,False
figure1_supp_lam0.5,figure1_supp,124,19,0.0,0.0,0.0,,False
figure1_supp_lam0.5,figure1_supp,124,20,0.1148,0.114810506174374,1.0506174373994814e-05,,False
figure1_supp_lam0.5,figure1_supp,124,21,0.2857,0.285679863657584,2.0136342415988384e-05,,False
figure1_supp_lam0.5,figure1_supp,125,15,0.1037,0.103718330659757,1.8330659756995993e-05,,False
figure1_supp_lam0.5,figure1_supp,125,16,1.0,1.0,0.0,,False
figure1_supp_lam0.5,figure1_supp,125,17,0.8311,0.831079528140343,2.0471859656923108e-05,,False
figure1_supp_lam0.5,figure1_supp,125,18,0.0545,0.0544910165610266,8.98343897339643e-06,,False
figure1_supp_lam0.5,figure1_supp,125,19,0.0,0.0,0.0,,False
figure1_supp_lam0.5,figure1_supp,125,20,0.1144,0.11442945529863,2.945529862999341e-05,,False
figure1_supp_lam0.5,figure1_supp,125,21,0.3938,0.39380283300309,2.8330030900081127e-06,,False
figure1_supp_lam0.5,figure1_supp,126,15,0.1335,0.133464402051977,3.559794802301952e-05,,False
figure1_supp_lam0.5,figure1_supp,126,16,0.4603,0.460348331706656,4.833170665602404e-05,,False
figure1_supp_lam0.5,figure1_supp,126,17,0.8271,0.827134937950112,3.493795011200174e-05,,False
figure1_supp_lam0.5,figure1_supp,126,18,0.057,0.0569658794829271,3.412051707290392e-05,,False
figure1_supp_lam0.5,figure1_supp,126,19,0.0,0.0,0.0,,False
figure1_supp_lam0.5,figure1_supp,126,20,0.1159,0.115899182566961,8.17433039007609e-07,,False
figure1_supp_lam0.5,figure1_supp,126,21,0.3553,0.355339100738948,3.91007389479725e-05,,False
figure1_supp_lam0.5,figure1_supp,127,15,0.1395,0.139485971519883,1.4028480117000974e-05,,False
figure1_supp_lam0.5,figure1_supp,127,16,1.0,1.0,0.0,,False
figure1_supp_lam0.5,figure1_supp,127,17,0.821,0.821013099887665,1.3099887665068977e-05,,False
figure1_supp_lam0.5,figure1_supp,127,18,0.0571,0.0570766267309952,2.3373269004797748e-05,,False
figure1_supp_lam0.5,figure1_supp,127,19,0.0,0.0,0.0,,False
figure1_supp_lam0.5,figure1_supp,127,20,0.1219,0.12191027338134,1.0273381340006327e-05,,False
figure1_supp_lam0.5,figure1_supp,127,21,0.3188,0.318818285392584,1.8285392584027615e-05,,False
figure1_supp_lam0.5,figure1_supp,128,15,0.0891,0.0891314417206427,3.144172064270534e-05,,False
figure1_supp_lam0.5,figure1_supp,128,16,0.0,0.0,0.0,,False
figure1_supp_lam0.5,figure1_supp,128,17,0.8233,0.823276874834565,2.3125165435011752e-05,,False
figure1_supp_lam0.5,figure1_supp,128,18,0.0602,0.0602453726752476,4.5372675247602745e-05,,False
figure1_supp_lam0.5,figure1_supp,128,19,0.0,0.0,0.0,,False
figure1_supp_lam0.5,figure1_supp,128,20,0.1165,0.116477752490187,2.2247509813000388e-05,,False
figure1_supp_lam0.5,figure1_supp,128,21,0.2908,0.290771444640479,2.8555359521009738e-05,,False
figure1_supp_lam0.5,figure1_supp,129,15,0.1302,0.130187887498829,1.2112501171002155e-05,,False
figure1_supp_lam0.5,figure1_supp,129,16,1.0,1.0,0.0,,False
figure1_supp_lam0.5,figure1_supp,129,17,0.8188,0.818818789809022,1.8789809022035087e-05,,False
figure1_supp_lam0.5,figure1_supp,129,18,0.0598,0.0598046107142459,4.610714245900649e-06,,False
figure1_supp_lam0.5,figure1_supp,129,19,0.0,0.0,0.0,,False
figure1_supp_lam0.5,figure1_supp,129,20,0.1214,0.121376599476732,2.3400523267991247e-05,,False
figure1_supp_lam0.5,figure1_supp,129,21,0.2376,0.237582286347187,1.7713652813000635e-05,,False
figure1_supp_lam0.5,figure1_supp,130,15,0.0,0.0,0.0,,False
figure1_supp_lam0.5,figure1_supp,130,16,0.0,0.0,0.0,,False
figure1_supp_lam0.5,figure1_supp,130,17,0.8191,0.819127777375773,2.77773757729749e-05,,False
figure1_supp_lam0.5,figure1_supp,130,18,0.0597,0.0597130164819033,1.3016481903299626e-05,,False
figure1_supp_lam0.5,figure1_supp,130,19,0.0,0.0,0.0,,False
figure1_supp_lam0.5,figure1_supp,130,20,0.1212,0.121159206142323,4.079385767699617e-05,,False
figure1_supp_lam0.5,figure1_supp,130,21,0.2134,0.213360126265024,3.987373497599256e-05,,False
figure1_supp_lam0.5,figure1_supp,131,15,0.0277,0.0277388959628624,3.889596286240152e-05,,False
figure1_supp_lam0.5,figure1_supp,131,16,0.3337,0.333670925156248,2.9074843751975e-05,,False
figure1_supp_lam0.5,figure1_supp,131,17,0.8169,0.816933650430491,3.3650430491083405e-05,,False
figure1_supp_lam0.5,figure1_supp,131,18,0.0607,0.060706512246316,6.512246316002501e-06,,False
figure1_supp_lam0.5,figure1_supp,131,19,0.0,0.0,0.0,,False
figure1_supp_lam0.5,figure1_supp,131,20,0.1224,0.122359837323193,4.01626768069957e-05,,False
figure1_supp_lam0.5,figure1_supp,131,21,0.1974,0.197375780706206,2.4219293793981134e-05,,False
figure1_supp_lam0.5,figure1_supp,132,15,0.0,0.0,0.0,,False
figure1_supp_lam0.5,figure1_supp,132,16,0.0,0.0,0.0,,False
figure1_supp_lam0.5,figure1_supp,132,17,0.8164,0.816351696438369,4.8303561630991254e-05,,False
figure1_supp_lam0.5,figure1_supp,132,18,0.0609,0.0608960314926203,3.968507379700781e-06,,False
figure1_supp_lam0.5,figure1_supp,132,19,0.0,0.0,0.0,,False
figure1_supp_lam0.5,figure1_supp,132,20,0.1228,0.122752272069011,4.772793098900552e-05,,False
figure1_supp_lam0.5,figure1_supp,132,21,0.1897,0.189724302117811,2.4302117810987012e-05,,False
figure1_supp_lam0.5,figure1_supp,133,15,0.0,0.0,0.0,,False
figure1_supp_lam0.5,figure1_supp,133,16,0.0,0.0,0.0,,False
figure1_supp_lam0.5,figure1_supp,133,17,0.8174,0.817377664614691,2.2335385309046885e-05,,False
figure1_supp_lam0.5,figure1_supp,133,18,0.0606,0.0605558301993654,4.4169800634603906e-05,,False
figure1_supp_lam0.5,figure1_supp,133,19,0.0,0.0,0.0,,False
figure1_supp_lam0.5,figure1_supp,133,20,0.1221,0.122066505185944,3.349481405599819e-05,,False
figure1_supp_lam0.5,figure1_supp,133,21,0.1488,0.148785140184549,1.4859815450990466e-05,,False
figure1_supp_lam0.5,figure1_supp,134,15,0.0,0.0,0.0,,False
figure1_supp_lam0.5,figure1_supp,134,16,0.0,0.0,0.0,,False
figure1_supp_lam0.5,figure1_supp,134,17,0.8184,0.818392233144609,7.766855391055927e-06,,False
figure1_supp_lam0.5,figure1_supp,134,18,0.0602,0.0602194089204801,1.94089204801004e-05,,False
figure1_supp_lam0.5,figure1_supp,134,19,0.0,0.0,0.0,,False
figure1_supp_lam0.5,figure1_supp,134,20,0.1214,0.121388357934911,1.1642065088995901e-05,,False
figure1_supp_lam0.5,figure1_supp,134,21,0.163,0.163024561433192,2.4561433191988558e-05,,False
figure1_supp_lam0.5,figure1_supp,135,15,0.0,0.0,0.0,,False
figure1_supp_lam0.5,figure1_supp,135,16,0.0,0.0,0.0,,False
figure1_supp_lam0.5,figure1_supp,135,17,0.8194,0.81939559097254,4.409027460017256e-06,,False
figure1_supp_lam0.5,figure1_supp,135,18,0.0599,0.0598867050037923,1.3294996207703635e-05,,False
figure1_supp_lam0.5,figure1_supp,135,19,0.0,0.0,0.0,,False
figure1_supp_lam0.5,figure1_supp,135,20,0.1207,0.120717704023668,1.770402366799151e-05,,False
figure1_supp_lam0.5,figure1_supp,135,21,0.1715,0.171525193555981,2.5193555980990157e-05,,False
figure1_supp_lam0.5,figure1_supp,136,15,0.0,0.0,0.0,,False
figure1_supp_lam0.5,figure1_supp,136,16,0.0,0.0,0.0,,False
figure1_supp_lam0.5,figure1_supp,136,17,0.8204,0.820387922890273,1.2077109727059998e-05,,False
figure1_supp_lam0.5,figure1_supp,136,18,0.0596,0.0595576571741012,4.2342825898801506e-05,,False
figure1_supp_lam0.5,figure1_supp,136,19,0.0,0.0,0.0,,False
figure1_supp_lam0.5,figure1_supp,136,20,0.1201,0.120054419935626,4.5580064373995643e-05,,False
figure1_supp_lam0.5,figure1_supp,136,21,0.2051,0.205081265129696,1.873487030401577e-05,,False
figure1_supp_lam0.5,figure1_supp,137,15,0.0,0.0,0.0,,False
figure1_supp_lam0.5,figure1_supp,137,16,0.0,0.0,0.0,,False
figure1_supp_lam0.5,figure1_supp,137,17,0.8214,0.821369409650435,3.0590349564985075e-05,,False
figure1_supp_lam0.5,figure1_supp,137,18,0.0592,0.0592322054955542,3.220549555419533e-05,,False
figure1_supp_lam0.5,figure1_supp,137,19,0.0,0.0,0.0,,False
figure1_supp_lam0.5,figure1_supp,137,20,0.1194,0.119398384854011,1.6151459890090258e-06,,False
figure1_supp_lam0.5,figure1_supp,137,21,0.1282,0.128182696399421,1.730360057899949e-05,,False
figure1_supp_lam0.5,figure1_supp,138,15,0.0,0.0,0.0,,False
figure1_supp_lam0.5,figure1_supp,138,16,0.0,0.0,0.0,,False
figure1_supp_lam0.5,figure1_supp,138,17,0.8223,0.822340228076248,4.02280762479279e-05,,False
figure1_supp_lam0.5,figure1_supp,138,18,0.0589,0.0589102913352522,1.029133525219661e-05,,False
figure1_supp_lam0.5,figure1_supp,138,19,0.0,0.0,0.0,,False
figure1_supp_lam0.5,figure1_supp,138,20,0.1187,0.1187494805885,4.948058850000325e-05,,False
figure1_supp_lam0.5,figure1_supp,138,21,0.112,0.111985983856601,1.4016143399006586e-05,,False
figure1_supp_lam0.5,figure1_supp,139,15,0.0,0.0,0.0,,False
figure1_supp_lam0.5,figure1_supp,139,16,0.0,0.0,0.0,,False
figure1_supp_lam0.5,figure1_supp,139,17,0.8233,0.823300551167728,5.511677280134464e-07,,False
figure1_supp_lam0.5,figure1_supp,139,18,0.0586,0.0585918573280347,8.142671965298554e-06,,False
figure1_supp_lam0.5,figure1_supp,139,19,0.0,0.0,0.0,,False
figure1_supp_lam0.5,figure1_supp,139,20,0.1181,0.118107591504237,7.5915042370006125e-06,,False
figure1_supp_lam0.5,figure1_supp,139,21,0.1017,0.101688161103885,1.1838896115001774e-05,,False
figure1_supp_lam0.5,figure1_supp,140,15,0.0,0.0,0.0,,False
figure1_supp_lam0.5,figure1_supp,140,16,0.0,0.0,0.0,,False
figure1_supp_lam0.5,figure1_supp,140,17,0.8243,0.824250548204461,4.945179553905721e-05,,False
figure1_supp_lam0.5,figure1_supp,140,18,0.0583,0.0582768473424001,2.3152657599896653e-05,,False
figure1_supp_lam0.5,figure1_supp,140,19,0.0,0.0,0.0,,False
figure1_supp_lam0.5,figure1_supp,140,20,0.1175,0.117472604453139,2.7395546860986553e-05,,False
figure1_supp_lam0.5,figure1_supp,140,21,0.0855,0.085496611837703,3.3881622970022285e-06,,False
figure1_supp_lam0.5,figure1_supp,141,15,0.0,0.0,0.0,,False
figure1_supp_lam0.5,figure1_supp,141,16,0.0,0.0,0.0,,False
figure1_supp_lam0.5,figure1_supp,141,17,0.8252,0.825190384845078,9.615154922038016e-06,,False
figure1_supp_lam0.5,figure1_supp,141,18,0.058,0.0579652064475209,3.4793552479102374e-05,,False
figure1_supp_lam0.5,figure1_supp,141,19,0.0,0.0,0.0,,False
figure1_supp_lam0.5,figure1_supp,141,20,0.1168,0.116844408707401,4.4408707400994674e-05,,False
figure1_supp_lam0.5,figure1_supp,141,21,0.102,0.10198297993752,1.7020062479999876e-05,,False
figure1_supp_lam0.5,figure1_supp,142,15,0.0,0.0,0.0,,False
figure1_supp_lam0.5,figure1_supp,142,16,0.0,0.0,0.0,,False
figure1_supp_lam0.5,figure1_supp,142,17,0.8261,0.826120223223562,2.0223223562099157e-05,,False
figure1_supp_lam0.5,figure1_supp,142,18,0.0577,0.0576568808813107,4.311911868930263e-05,,False
figure1_supp_lam0.5,figure1_supp,142,19,0.0,0.0,0.0,,False
figure1_supp_lam0.5,figure1_supp,142,20,0.1162,0.116222895895127,2.289589512700918e-05,,False
figure1_supp_lam0.5,figure1_supp,142,21,0.1082,0.108179935839792,2.0064160207999837e-05,,False
figure1_supp_lam0.5,figure1_supp,143,15,0.0,0.0,0.0,,False
figure1_supp_lam0.5,figure1_supp,143,16,0.0,0.0,0.0,,False
figure1_supp_lam0.5,figure1_supp,143,17,0.827,0.827040222042485,4.022204248499417e-05,,False
figure1_supp_lam0.5,figure1_supp,143,18,0.0574,0.0573518180195048,4.818198049520023e-05,,False
figure1_supp_lam0.5,figure1_supp,143,19,0.0,0.0,0.0,,False
figure1_supp_lam0.5,figure1_supp,143,20,0.1156,0.11560795993801,7.95993801000483e-06,,False
figure1_supp_lam0.5,figure1_supp,143,21,0.0155,0.0155182127216925,1.8212721692499254e-05,,False
figure1_supp_lam0.5,figure1_supp,144,15,0.0,0.0,0.0,,False
figure1_supp_lam0.5,figure1_supp,144,16,0.0,0.0,0.0,,False
figure1_supp_lam0.5,figure1_supp,144,17,0.828,0.827950536663314,4.946333668598424e-05,,False
figure1_supp_lam0.5,figure1_supp,144,18,0.057,0.0570499663457179,4.9966345717897265e-05,,False
figure1_supp_lam0.5,figure1_supp,144,19,0.0,0.0,0.0,,False
figure1_supp_lam0.5,figure1_supp,144,20,0.115,0.114999496990968,5.03009032010171e-07,,False
figure1_supp_lam0.5,figure1_supp,144,21,0.0224,0.0223689778282645,3.1022171735499426e-05,,False
figure1_supp_lam0.5,figure1_supp,145,15,0.0,0.0,0.0,,False
figure1_supp_lam0.5,figure1_supp,145,16,0.0,0.0,0.0,,False
figure1_supp_lam0.5,figure1_supp,145,17,0.8289,0.828851319193873,4.8680806126966125e-05,,False
figure1_supp_lam0.5,figure1_supp,145,18,0.0568,0.0567512754224419,4.87245775581055e-05,,False
figure1_supp_lam0.5,figure1_supp,145,19,0.0,0.0,0.0,,False
figure1_supp_lam0.5,figure1_supp,145,20,0.1144,0.114397405383685,2.5946163150075696e-06,,False
figure1_supp_lam0.5,figure1_supp,145,21,0.0213,0.0212584106569104,4.1589343089599995e-05,,False
figure1_supp_lam0.5,figure1_supp,146,15,0.0,0.0,0.0,,False
figure1_supp_lam0.5,figure1_supp,146,16,0.0,0.0,0.0,,False
figure1_supp_lam0.5,figure1_supp,146,17,0.8297,0.829742718573071,4.271857307103222e-05,,False
figure1_supp_lam0.5,figure1_supp,146,18,0.0565,0.0564556958629501,4.430413704990116e-05,,False
figure1_supp_lam0.5,figure1_supp,146,19,0.0,0.0,0.0,,False
figure1_supp_lam0.5,figure1_supp,146,20,0.1138,0.113801585563979,1.5855639790007814e-06,,False
figure1_supp_lam0.5,figure1_supp,146,21,0.0271,0.0271078971731648,7.897173164801707e-06,,False
figure1_supp_lam0.5,figure1_supp,147,15,0.0,0.0,0.0,,False
figure1_supp_lam0.5,figure1_supp,147,16,0.0,0.0,0.0,,False
figure1_supp_lam0.5,figure1_supp,147,17,0.8306,0.830624880653004,2.4880653003989117e-05,,False
figure1_supp_lam0.5,figure1_supp,147,18,0.0562,0.0561631793040747,3.6820695925303404e-05,,False
figure1_supp_lam0.5,figure1_supp,147,19,0.0,0.0,0.0,,False
figure1_supp_lam0.5,figure1_supp,147,20,0.1132,0.113211940042922,1.1940042922001237e-05,,False
figure1_supp_lam0.5,figure1_supp,147,21,0.0289,0.0289086507464332,8.650746433202378e-06,,False
figure1_supp_lam0.5,figure1_supp,148,15,0.0,0.0,0.0,,False
figure1_supp_lam0.5,figure1_supp,148,16,0.0,0.0,0.0,,False
figure1_supp_lam0.5,figure1_supp,148,17,0.8315,0.831497948278504,2.051721496032499e-06,,False
figure1_supp_lam0.5,figure1_supp,148,18,0.0559,0.0558736783798269,2.6321620173096194e-05,,False
figure1_supp_lam0.5,figure1_supp,148,19,0.0,0.0,0.0,,False
figure1_supp_lam0.5,figure1_supp,148,20,0.1126,0.11262837334167,2.8373341669996055e-05,,False
figure1_supp_lam0.5,figure1_supp,148,21,0.0528,0.0527789612191429,2.10387808571022e-05,,False
figure1_supp_lam0.5,figure1_supp,149,15,0.0,0.0,0.0,,False
figure1_supp_lam0.5,figure1_supp,149,16,0.0,0.0,0.0,,False
figure1_supp_lam0.5,figure1_supp,149,17,0.8324,0.832362061364255,3.793863574508283e-05,,False
figure1_supp_lam0.5,figure1_supp,149,18,0.0556,0.0555871466958277,1.285330417229863e-05,,False
figure1_supp_lam0.5,figure1_supp,149,19,0.0,0.0,0.0,,False
figure1_supp_lam0.5,figure1_supp,149,20,0.1121,0.112050791939918,4.9208060082003846e-05,,False
figure1_supp_lam0.5,figure1_supp,149,21,0.0627,0.0627471998291295,4.719982912949894e-05,,False
figure1_supp_lam0.5,figure1_supp,150,15,0.0,0.0,0.0,,False
figure1_supp_lam0.5,figure1_supp,150,16,0.0,0.0,0.0,,False
figure1_supp_lam0.5,figure1_supp,150,17,0.8332,0.833217356969539,1.7356969538973033e-05,,False
figure1_supp_lam0.5,figure1_supp,150,18,0.0553,0.0553035388045225,3.5388045224946096e-06,,False
figure1_supp_lam0.5,figure1_supp,150,19,0.0,0.0,0.0,,False
figure1_supp_lam0.5,figure1_supp,150,20,0.1115,0.111479104225938,2.0895774062001937e-05,,False
figure1_supp_lam0.5,figure1_supp,150,21,0.0648,0.0648453576521667,4.53576521667054e-05,,False
figure1_supp_lam0.5,figure1_supp,151,15,0.0,0.0,0.0,,False
figure1_supp_lam0.5,figure1_supp,151,16,0.0,0.0,0.0,,False
figure1_supp_lam0.5,figure1_supp,151,17,0.8341,0.834063969370709,3.603062929091738e-05,,False
figure1_supp_lam0.5,figure1_supp,151,18,0.055,0.0550228101811493,2.2810181149302e-05,,False
figure1_supp_lam0.5,figure1_supp,151,19,0.0,0.0,0.0,,False
figure1_supp_lam0.5,figure1_supp,151,20,0.1109,0.110913220448142,1.322044814200396e-05,,False
figure1_supp_lam0.5,figure1_supp,151,21,0.0746,0.0746169614603909,1.696146039090185e-05,,False
figure1_supp_lam0.5,figure1_supp,152,15,0.0,0.0,0.0,,False
figure1_supp_lam0.5,figure1_supp,152,16,0.0,0.0,0.0,,False
figure1_supp_lam0.5,figure1_supp,152,17,0.8349,0.834902030131463,2.0301314630488676e-06,,False
figure1_supp_lam0.5,figure1_supp,152,18,0.0547,0.0547449172004364,4.491720043640207e-05,,False
figure1_supp_lam0.5,figure1_supp,152,19,0.0,0.0,0.0,,False
figure1_supp_lam0.5,figure1_supp,152,20,0.1104,0.110353052668101,4.694733189899991e-05,,False
figure1_supp_lam0.5,figure1_supp,152,21,0.0735,0.0735319584645405,3.1958464540501885e-05,,False
figure1_supp_lam0.5,figure1_supp,153,15,0.0,0.0,0.0,,False
figure1_supp_lam0.5,figure1_supp,153,16,0.0,0.0,0.0,,False
figure1_supp_lam0.5,figure1_supp,153,17,0.8357,0.835731668171004,3.1668171003973455e-05,,False
figure1_supp_lam0.5,figure1_supp,153,18,0.0545,0.0544698171140021,3.0182885997896702e-05,,False
figure1_supp_lam0.5,figure1_supp,153,19,0.0,0.0,0.0,,False
figure1_supp_lam0.5,figure1_supp,153,20,0.1098,0.109798514714995,1.4852850050012245e-06,,False
figure1_supp_lam0.5,figure1_supp,153,21,0.057,0.0569508804138428,4.911958615719941e-05,,False
figure1_supp_lam0.5,figure1_supp,154,15,0.0,0.0,0.0,,False
figure1_supp_lam0.5,figure1_supp,154,16,0.0,0.0,0.0,,False
figure1_supp_lam0.5,figure1_supp,154,17,0.8366,0.836553009830148,4.699016985199034e-05,,False
figure1_supp_lam0.5,figure1_supp,154,18,0.0542,0.054197468028432,2.5319715679997246e-06,,False
figure1_supp_lam0.5,figure1_supp,154,19,0.0,0.0,0.0,,False
figure1_supp_lam0.5,figure1_supp,154,20,0.1092,0.10924952214142,4.9522141419997e-05,,False
figure1_supp_lam0.5,figure1_supp,154,21,0.0604,0.0604482972625198,4.8297262519800266e-05,,False
figure1_supp_lam0.5,figure1_supp,155,15,0.0,0.0,0.0,,False
figure1_supp_lam0.5,figure1_supp,155,16,0.0,0.0,0.0,,False
figure1_supp_lam0.5,figure1_supp,155,17,0.8374,0.837366178935471,3.38210645289827e-05,,False
figure1_supp_lam0.5,figure1_supp,155,18,0.0539,0.053927828884012,2.7828884011996124e-05,,False
figure1_supp_lam0.5,figure1_supp,155,19,0.0,0.0,0.0,,False
figure1_supp_lam0.5,figure1_supp,155,20,0.1087,0.108705992180517,5.992180517000456e-06,,False
figure1_supp_lam0.5,figure1_supp,155,21,0.0634,0.0634182946283336,1.829462833359552e-05,,False
figure1_supp_lam0.5,figure1_supp,156,15,0.0,0.0,0.0,,False
figure1_supp_lam0.5,figure1_supp,156,16,0.0,0.0,0.0,,False
figure1_supp_lam0.5,figure1_supp,156,17,0.8382,0.838171296861533,2.8703138466923406e-05,,False
figure1_supp_lam0.5,figure1_supp,156,18,0.0537,0.0536608594340912,3.9140565908798997e-05,,False
figure1_supp_lam0.5,figure1_supp,156,19,0.0,0.0,0.0,,False
figure1_supp_lam0.5,figure1_supp,156,20,0.1082,0.108167843704376,3.2156295624002906e-05,,False
figure1_supp_lam0.5,figure1_supp,156,21,0.0672,0.0671850799048936,1.492009510639658e-05,,False
figure1_supp_lam0.5,figure1_supp,157,15,0.0,0.0,0.0,,False
figure1_supp_lam0.5,figure1_supp,157,16,0.0,0.0,0.0,,False
figure1_supp_lam0.5,figure1_supp,157,17,0.839,0.838968482591279,3.151740872098241e-05,,False
figure1_supp_lam0.5,figure1_supp,157,18,0.0534,0.0533965202250562,3.479774943804248e-06,,False
figure1_supp_lam0.5,figure1_supp,157,19,0.0,0.0,0.0,,False
figure1_supp_lam0.5,figure1_supp,157,20,0.1076,0.107634997183665,3.4997183664994824e-05,,False
figure1_supp_lam0.5,figure1_supp,157,21,0.0787,0.0787059928777317,5.992877731689217e-06,,False
figure1_supp_lam0.5,figure1_supp,158,15,0.0,0.0,0.0,,False
figure1_supp_lam0.5,figure1_supp,158,16,0.0,0.0,0.0,,False
figure1_supp_lam0.5,figure1_supp,158,17,0.8398,0.839757852774655,4.2147225345012806e-05,,False
figure1_supp_lam0.5,figure1_supp,158,18,0.0531,0.0531347725768942,3.4772576894201435e-05,,False
figure1_supp_lam0.5,figure1_supp,158,19,0.0,0.0,0.0,,False
figure1_supp_lam0.5,figure1_supp,158,20,0.1071,0.107107374648451,7.374648451005661e-06,,False
figure1_supp_lam0.5,figure1_supp,158,21,0.073,0.0729916207985622,8.3792014377998e-06,,False
figure1_supp_lam0.5,figure1_supp,159,15,0.0,0.0,0.0,,False
figure1_supp_lam0.5,figure1_supp,159,16,0.0,0.0,0.0,,False
figure1_supp_lam0.5,figure1_supp,159,17,0.8405,0.840539521785511,3.952178551092089e-05,,False
figure1_supp_lam0.5,figure1_supp,159,18,0.0529,0.052875578564324,2.4421435676005854e-05,,False
figure1_supp_lam0.5,figure1_supp,159,19,0.0,0.0,0.0,,False
figure1_supp_lam0.5,figure1_supp,159,20,0.1066,0.106584899650165,1.5100349834998306e-05,,False
figure1_supp_lam0.5,figure1_supp,159,21,0.0772,0.0772260408184584,2.6040818458389348e-05,,False
figure1_supp_lam0.5,figure1_supp,160,15,0.0301,0.0301094258960284,9.425896028401187e-06,,False
figure1_supp_lam0.5,figure1_supp,160,16,0.0,0.0,0.0,,False
figure1_supp_lam0.5,figure1_supp,160,17,0.8393,0.839292841929057,7.158070943091843e-06,,False
figure1_supp_lam0.5,figure1_supp,160,18,0.0546,0.0546396608462643,3.966084626429861e-05,,False
figure1_supp_lam0.5,figure1_supp,160,19,0.0,0.0,0.0,,False
figure1_supp_lam0.5,figure1_supp,160,20,0.1061,0.106067497224679,3.250277532100554e-05,,False
figure1_supp_lam0.5,figure1_supp,160,21,0.1572,0.157156753787358,4.3246212642011894e-05,,False
figure1_supp_lam0.5,figure1_supp,161,15,0.1325,0.132532067261154,3.206726115398406e-05,,False
figure1_supp_lam0.5,figure1_supp,161,16,0.0,0.0,0.0,,False
figure1_supp_lam0.5,figure1_supp,161,17,0.8324,0.832425627610865,2.5627610864997763e-05,,False
figure1_supp_lam0.5,figure1_supp,161,18,0.0603,0.0602709910919059,2.9008908094096952e-05,,False
figure1_supp_lam0.5,figure1_supp,161,19,0.0,0.0,0.0,,False
figure1_supp_lam0.5,figure1_supp,161,20,0.1073,0.107303381297229,3.381297228988167e-06,,False
figure1_supp_lam0.5,figure1_supp,161,21,0.2072,0.207204229653465,4.229653464998817e-06,,False
figure1_supp_lam0.5,figure1_supp,162,15,0.157,0.15697187545293,2.8124547069990902e-05,,False
figure1_supp_lam0.5,figure1_supp,162,16,1.0,1.0,0.0,,False
figure1_supp_lam0.5,figure1_supp,162,17,0.8286,0.828598355638279,1.6443617210093464e-06,,False
figure1_supp_lam0.5,figure1_supp,162,18,0.0599,0.0599150882760056,1.5088276005596757e-05,,False
figure1_supp_lam0.5,figure1_supp,162,19,0.0,0.0,0.0,,False
figure1_supp_lam0.5,figure1_supp,162,20,0.1115,0.111486556085715,1.3443914284996805e-05,,False
figure1_supp_lam0.5,figure1_supp,162,21,0.2639,0.263851501491253,4.8498508746996905e-05,,False
figure1_supp_lam0.5,figure1_supp,163,15,0.2137,0.213663251651598,3.6748348402004805e-05,,False
figure1_supp_lam0.5,figure1_supp,163,16,0.3734,0.373433977888434,3.3977888434011394e-05,,False
figure1_supp_lam0.5,figure1_supp,163,17,0.8246,0.824588856897092,1.1143102907951175e-05,,False
figure1_supp_lam0.5,figure1_supp,163,18,0.0626,0.062643332944393,4.3332944393001394e-05,,False
figure1_supp_lam0.5,figure1_supp,163,19,0.0,0.0,0.0,,False
figure1_supp_lam0.5,figure1_supp,163,20,0.1128,0.112767810158515,3.218984148499471e-05,,False
figure1_supp_lam0.5,figure1_supp,163,21,0.3284,0.328408672631804,8.672631803985364e-06,,False
figure1_supp_lam0.5,figure1_supp,164,15,0.0,0.0,0.0,,False
figure1_supp_lam0.5,figure1_supp,164,16,0.0,0.0,0.0,,False
figure1_supp_lam0.5,figure1_supp,164,17,0.8254,0.825436807044662,3.680704466202389e-05,,False
figure1_supp_lam0.5,figure1_supp,164,18,0.0623,0.0623402030082667,4.020300826669543e-05,,False
figure1_supp_lam0.5,figure1_supp,164,19,0.0,0.0,0.0,,False
figure1_supp_lam0.5,figure1_supp,164,20,0.1122,0.112222989947072,2.298994707200519e-05,,False
figure1_supp_lam0.5,figure1_supp,164,21,0.3456,0.345629217446261,2.9217446260998425e-05,,False
figure1_supp_lam0.5,figure1_supp,165,15,0.0,0.0,0.0,,False
figure1_supp_lam0.5,figure1_supp,165,16,0.0,0.0,0.0,,False
figure1_supp_lam0.5,figure1_supp,165,17,0.8263,0.82626412075535,3.587924464998338e-05,,False
figure1_supp_lam0.5,figure1_supp,165,18,0.062,0.0620447518091753,4.475180917529881e-05,,False
figure1_supp_lam0.5,figure1_supp,165,19,0.0,0.0,0.0,,False
figure1_supp_lam0.5,figure1_supp,165,20,0.1117,0.111691127435474,8.872564525988502e-06,,False
figure1_supp_lam0.5,figure1_supp,165,21,0.3485,0.348537395529824,3.739552982401362e-05,,False
figure1_supp_lam0.5,figure1_supp,166,15,0.0,0.0,0.0,,False
figure1_supp_lam0.5,figure1_supp,166,16,0.0,0.0,0.0,,False
figure1_supp_lam0.5,figure1_supp,166,17,0.8271,0.827083629619712,1.6370380287900055e-05,,False
figure1_supp_lam0.5,figure1_supp,166,18,0.0618,0.0617520878855471,4.7912114452902665e-05,,False
figure1_supp_lam0.5,figure1_supp,166,19,0.0,0.0,0.0,,False
figure1_supp_lam0.5,figure1_supp,166,20,0.1112,0.111164282494741,3.571750525899198e-05,,False
figure1_supp_lam0.5,figure1_supp,166,21,0.3565,0.356480884523876,1.9115476123987563e-05,,False
figure1_supp_lam0.5,figure1_supp,167,15,0.0,0.0,0.0,,False
figure1_supp_lam0.5,figure1_supp,167,16,0.0,0.0,0.0,,False
figure1_supp_lam0.5,figure1_supp,167,17,0.8279,0.827895443565159,4.556434840985446e-06,,False
figure1_supp_lam0.5,figure1_supp,167,18,0.0615,0.0614621719799812,3.7828020018795816e-05,,False
figure1_supp_lam0.5,figure1_supp,167,19,0.0,0.0,0.0,,False
figure1_supp_lam0.5,figure1_supp,167,20,0.1106,0.110642384454859,4.238445485899023e-05,,False
figure1_supp_lam0.5,figure1_supp,167,21,0.3655,0.365507498066394,7.4980663939960834e-06,,False
figure1_supp_lam0.5,figure1_supp,168,15,0.0,0.0,0.0,,False
figure1_supp_lam0.5,figure1_supp,168,16,0.0,0.0,0.0,,False
figure1_supp_lam0.5,figure1_supp,168,17,0.8287,0.828699670464388,3.2953561202031523e-07,,False
figure1_supp_lam0.5,figure1_supp,168,18,0.0612,0.0611749655688598,2.5034431140200097e-05,,False
figure1_supp_lam0.5,figure1_supp,168,19,0.0,0.0,0.0,,False
figure1_supp_lam0.5,figure1_supp,168,20,0.1101,0.110125363966752,2.5363966751998368e-05,,False
figure1_supp_lam0.5,figure1_supp,168,21,0.3652,0.365242795363234,4.279536323398281e-05,,False
figure1_supp_lam0.5,figure1_supp,169,15,0.0,0.0,0.0,,False
figure1_supp_lam0.5,figure1_supp,169,16,0.0,0.0,0.0,,False
figure1_supp_lam0.5,figure1_supp,169,17,0.8295,0.829496416183158,3.5838168420676553e-06,,False
figure1_supp_lam0.5,figure1_supp,169,18,0.0609,0.0608904308452837,9.569154716303208e-06,,False
figure1_supp_lam0.5,figure1_supp,169,19,0.0,0.0,0.0,,False
figure1_supp_lam0.5,figure1_supp,169,20,0.1096,0.109613152971558,1.3152971558003101e-05,,False
figure1_supp_lam0.5,figure1_supp,169,21,0.3594,0.359445790923967,4.5790923967004016e-05,,False
figure1_supp_lam0.5,figure1_supp,170,15,0.0,0.0,0.0,,False
figure1_supp_lam0.5,figure1_supp,170,16,0.0,0.0,0.0,,False
figure1_supp_lam0.5,figure1_supp,170,17,0.8303,0.830285784626755,1.4215373245085594e-05,,False
figure1_supp_lam0.5,figure1_supp,170,18,0.0606,0.0606085307024815,8.530702481496233e-06,,False
figure1_supp_lam0.5,figure1_supp,170,19,0.0,0.0,0.0,,False
figure1_supp_lam0.5,figure1_supp,170,20,0.1091,0.109105684670764,5.684670763991817e-06,,False
figure1_supp_lam0.5,figure1_supp,170,21,0.3492,0.349208391735786,8.391735785984178e-06,,False
figure1_supp_lam0.5,figure1_supp,171,15,0.0,0.0,0.0,,False
figure1_supp_lam0.5,figure1_supp,171,16,0.0,0.0,0.0,,False
figure1_supp_lam0.5,figure1_supp,171,17,0.8311,0.831067877785156,3.212221484394373e-05,,False
figure1_supp_lam0.5,figure1_supp,171,18,0.0603,0.0603292287176774,2.9228717677402816e-05,,False
figure1_supp_lam0.5,figure1_supp,171,19,0.0,0.0,0.0,,False
figure1_supp_lam0.5,figure1_supp,171,20,0.1086,0.108602893497166,2.893497165992742e-06,,False
figure1_supp_lam0.5,figure1_supp,171,21,0.3185,0.318517136285132,1.713628513200227e-05,,False
figure1_supp_lam0.5,figure1_supp,172,15,0.0,0.0,0.0,,False
figure1_supp_lam0.5,figure1_supp,172,16,0.0,0.0,0.0,,False
figure1_supp_lam0.5,figure1_supp,172,17,0.8318,0.831842795776968,4.279577696797432e-05,,False
figure1_supp_lam0.5,figure1_supp,172,18,0.0601,0.0600524891364037,4.7510863596299246e-05,,False
figure1_supp_lam0.5,figure1_supp,172,19,0.0,0.0,0.0,,False
figure1_supp_lam0.5,figure1_supp,172,20,0.1081,0.108104715086629,4.715086628998e-06,,False
figure1_supp_lam0.5,figure1_supp,172,21,0.3469,0.346861089110182,3.891088981800017e-05,,False
figure1_supp_lam0.5,figure1_supp,173,15,0.0,0.0,0.0,,False
figure1_supp_lam0.5,figure1_supp,173,16,0.0,0.0,0.0,,False
figure1_supp_lam0.5,figure1_supp,173,17,0.8326,0.832610636892141,1.0636892140980514e-05,,False
figure1_supp_lam0.5,figure1_supp,173,18,0.0598,0.059778276857242,2.1723142758001135e-05,,False
figure1_supp_lam0.5,figure1_supp,173,19,0.0,0.0,0.0,,False
figure1_supp_lam0.5,figure1_supp,173,20,0.1076,0.107611086250617,1.1086250616992865e-05,,False
figure1_supp_lam0.5,figure1_supp,173,21,0.368,0.368040798052963,4.0798052963031406e-05,,False
figure1_supp_lam0.5,figure1_supp,174,15,0.0,0.0,0.0,,False
figure1_supp_lam0.5,figure1_supp,174,16,0.0,0.0,0.0,,False
figure1_supp_lam0.5,figure1_supp,174,17,0.8334,0.833371497633541,2.8502366459015605e-05,,False
figure1_supp_lam0.5,figure1_supp,174,18,0.0595,0.0595065574169818,6.557416981800568e-06,,False
figure1_supp_lam0.5,figure1_supp,174,19,0.0,0.0,0.0,,False
figure1_supp_lam0.5,figure1_supp,174,20,0.1071,0.107121944949477,2.1944949476992992e-05,,False
figure1_supp_lam0.5,figure1_supp,174,21,0.344,0.344047454315167,4.7454315167005934e-05,,False
figure1_supp_lam0.5,figure1_supp,175,15,0.0,0.0,0.0,,False
figure1_supp_lam0.5,figure1_supp,175,16,0.0,0.0,0.0,,False
figure1_supp_lam0.5,figure1_supp,175,17,0.8341,0.834125472757371,2.5472757371081123e-05,,False
figure1_supp_lam0.5,figure1_supp,175,18,0.0592,0.059237296976181,3.729697618099631e-05,,False
figure1_supp_lam0.5,figure1_supp,175,19,0.0,0.0,0.0,,False
figure1_supp_lam0.5,figure1_supp,175,20,0.1066,0.106637230266448,3.723026644800176e-05,,False
figure1_supp_lam0.5,figure1_supp,175,21,0.1013,0.101283907419221,1.609258077900355e-05,,False
figure1_supp_lam0.5,figure1_supp,176,15,0.0,0.0,0.0,,False
figure1_supp_lam0.5,figure1_supp,176,16,0.0,0.0,0.0,,False
figure1_supp_lam0.5,figure1_supp,176,17,0.8349,0.834872655312518,2.7344687482000474e-05,,False
figure1_supp_lam0.5,figure1_supp,176,18,0.059,0.0589704623051171,2.953769488289737e-05,,False
figure1_supp_lam0.5,figure1_supp,176,19,0.0,0.0,0.0,,False
figure1_supp_lam0.5,figure1_supp,176,20,0.1062,0.106156882382365,4.3117617635007877e-05,,False
figure1_supp_lam0.5,figure1_supp,176,21,0.1019,0.10192846450848,2.846450848000004e-05,,False
figure1_supp_lam0.5,figure1_supp,177,15,0.0,0.0,0.0,,False
figure1_supp_lam0.5,figure1_supp,177,16,0.0,0.0,0.0,,False
figure1_supp_lam0.5,figure1_supp,177,17,0.8356,0.835613136678829,1.313667882896219e-05,,False
figure1_supp_lam0.5,figure1_supp,177,18,0.0587,0.0587060207701166,6.020770116597907e-06,,False
figure1_supp_lam0.5,figure1_supp,177,19,0.0,0.0,0.0,,False
figure1_supp_lam0.5,figure1_supp,177,20,0.1057,0.105680842551054,1.9157448945997246e-05,,False
figure1_supp_lam0.5,figure1_supp,177,21,0.1233,0.123257028647277,4.297135272300634e-05,,False
figure1_supp_lam0.5,figure1_supp,178,15,0.0,0.0,0.0,,False
figure1_supp_lam0.5,figure1_supp,178,16,0.0,0.0,0.0,,False
figure1_supp_lam0.5,figure1_supp,178,17,0.8363,0.83634700660437,4.700660436995907e-05,,False
figure1_supp_lam0.5,figure1_supp,178,18,0.0584,0.05844394032025,4.394032024999939e-05,,False
figure1_supp_lam0.5,figure1_supp,178,19,0.0,0.0,0.0,,False
figure1_supp_lam0.5,figure1_supp,178,20,0.1052,0.10520905307538,9.053075380002773e-06,,False
figure1_supp_lam0.5,figure1_supp,178,21,0.1419,0.141898408394746,1.59160525400881e-06,,False
figure1_supp_lam0.5,figure1_supp,179,15,0.0,0.0,0.0,,False
figure1_supp_lam0.5,figure1_supp,179,16,0.0,0.0,0.0,,False
figure1_supp_lam0.5,figure1_supp,179,17,0.8371,0.837074353241685,2.5646758314956664e-05,,False
figure1_supp_lam0.5,figure1_supp,179,18,0.0582,0.0581841894743822,1.5810525617804272e-05,,False
figure1_supp_lam0.5,figure1_supp,179,19,0.0,0.0,0.0,,False
figure1_supp_lam0.5,figure1_supp,179,20,0.1047,0.104741457283933,4.145728393299686e-05,,False
figure1_supp_lam0.5,figure1_supp,179,21,0.144,0.143963990367784,3.600963221597753e-05,,False
figure1_supp_lam0.5,figure1_supp,180,15,0.0,0.0,0.0,,False
figure1_supp_lam0.5,figure1_supp,180,16,0.0,0.0,0.0,,False
figure1_supp_lam0.5,figure1_supp,180,17,0.8378,0.837795263183093,4.73681690693617e-06,,False
figure1_supp_lam0.5,figure1_supp,180,18,0.0579,0.0579267373085664,2.6737308566400497e-05,,False
figure1_supp_lam0.5,figure1_supp,180,19,0.0,0.0,0.0,,False
figure1_supp_lam0.5,figure1_supp,180,20,0.1043,0.104277999508341,2.200049165899942e-05,,False
figure1_supp_lam0.5,figure1_supp,180,21,0.1582,0.158177216540698,2.2783459302011533e-05,,False
figure1_supp_lam0.5,figure1_supp,181,15,0.0,0.0,0.0,,False
figure1_supp_lam0.5,figure1_supp,181,16,0.0,0.0,0.0,,False
figure1_supp_lam0.5,figure1_supp,181,17,0.8385,0.838509821495062,9.821495062012353e-06,,False
figure1_supp_lam0.5,figure1_supp,181,18,0.0577,0.0576715534437709,2.8446556229098918e-05,,False
figure1_supp_lam0.5,figure1_supp,181,19,0.0,0.0,0.0,,False
figure1_supp_lam0.5,figure1_supp,181,20,0.1038,0.103818625061168,1.862506116799556e-05,,False
figure1_supp_lam0.5,figure1_supp,181,21,0.1821,0.182149668004941,4.966800494099477e-05,,False
figure1_supp_lam0.5,figure1_supp,182,15,0.0,0.0,0.0,,False
figure1_supp_lam0.5,figure1_supp,182,16,0.0,0.0,0.0,,False
figure1_supp_lam0.5,figure1_supp,182,17,0.8392,0.839218111751662,1.8111751662108766e-05,,False
figure1_supp_lam0.5,figure1_supp,182,18,0.0574,0.0574186080339298,1.860803392979976e-05,,False
figure1_supp_lam0.5,figure1_supp,182,19,0.0,0.0,0.0,,False
figure1_supp_lam0.5,figure1_supp,182,20,0.1034,0.103363280214408,3.671978559201261e-05,,False
figure1_supp_lam0.5,figure1_supp,182,21,0.2118,0.211785804889675,1.4195110324993765e-05,,False
figure1_supp_lam0.5,figure1_supp,183,15,0.0,0.0,0.0,,False
figure1_supp_lam0.5,figure1_supp,183,16,0.0,0.0,0.0,,False
figure1_supp_lam0.5,figure1_supp,183,17,0.8399,0.839920216067157,2.0216067157075024e-05,,False
figure1_supp_lam0.5,figure1_supp,183,18,0.0572,0.0571678717543057,3.2128245694297564e-05,,False
figure1_supp_lam0.5,figure1_supp,183,19,0.0,0.0,0.0,,False
figure1_supp_lam0.5,figure1_supp,183,20,0.1029,0.102911912178537,1.1912178536993556e-05,,False
figure1_supp_lam0.5,figure1_supp,183,21,0.0057,0.0056748228262809,2.5177173719100228e-05,,False
figure1_supp_lam0.5,figure1_supp,184,15,0.0,0.0,0.0,,False
figure1_supp_lam0.5,figure1_supp,184,16,0.0,0.0,0.0,,False
figure1_supp_lam0.5,figure1_supp,184,17,0.8406,0.840616215127735,1.6215127734975354e-05,,False
figure1_supp_lam0.5,figure1_supp,184,18,0.0569,0.0569193157901565,1.9315790156501644e-05,,False
figure1_supp_lam0.5,figure1_supp,184,19,0.0,0.0,0.0,,False
figure1_supp_lam0.5,figure1_supp,184,20,0.1025,0.102464469082109,3.5530917890991276e-05,,False
figure1_supp_lam0.5,figure1_supp,184,21,0.1123,0.11229464411152,5.355888479996462e-06,,False
figure1_supp_lam0.5,figure1_supp,185,15,0.0,0.0,0.0,,False
figure1_supp_lam0.5,figure1_supp,185,16,0.0,0.0,0.0,,False
figure1_supp_lam0.5,figure1_supp,185,17,0.8413,0.84130618822242,6.1882224199338864e-06,,False
figure1_supp_lam0.5,figure1_supp,185,18,0.0567,0.056672911825697,2.7088174302997148e-05,,False
figure1_supp_lam0.5,figure1_supp,185,19,0.0,0.0,0.0,,False
figure1_supp_lam0.5,figure1_supp,185,20,0.102,0.102020899951883,2.089995188300775e-05,,False
figure1_supp_lam0.5,figure1_supp,185,21,0.1008,0.100823364376669,2.3364376668999487e-05,,False
figure1_supp_lam0.5,figure1_supp,186,15,0.0,0.0,0.0,,False
figure1_supp_lam0.5,figure1_supp,186,16,0.0,0.0,0.0,,False
figure1_supp_lam0.5,figure1_supp,186,17,0.842,0.841990213273185,9.786726814953184e-06,,False
figure1_supp_lam0.5,figure1_supp,186,18,0.0564,0.0564286320333448,2.86320333447998e-05,,False
figure1_supp_lam0.5,figure1_supp,186,19,0.0,0.0,0.0,,False
figure1_supp_lam0.5,figure1_supp,186,20,0.1016,0.10158115469347,1.8845306529999273e-05,,False
figure1_supp_lam0.5,figure1_supp,186,21,0.1053,0.105274560859103,2.5439140897004497e-05,,False
figure1_supp_lam0.5,figure1_supp,187,15,0.0,0.0,0.0,,False
figure1_supp_lam0.5,figure1_supp,187,16,0.0,0.0,0.0,,False
figure1_supp_lam0.5,figure1_supp,187,17,0.8427,0.842668366864287,3.163313571297177e-05,,False
figure1_supp_lam0.5,figure1_supp,187,18,0.0562,0.0561864490632446,1.3550936755396537e-05,,False
figure1_supp_lam0.5,figure1_supp,187,19,0.0,0.0,0.0,,False
figure1_supp_lam0.5,figure1_supp,187,20,0.1011,0.101145184072468,4.5184072468007486e-05,,False
figure1_supp_lam0.5,figure1_supp,187,21,0.1043,0.10427211656935,2.788343065000809e-05,,False
figure1_supp_lam0.5,figure1_supp,188,15,0.0,0.0,0.0,,False
figure1_supp_lam0.5,figure1_supp,188,16,0.0,0.0,0.0,,False
figure1_supp_lam0.5,figure1_supp,188,17,0.8433,0.843340724270851,4.072427085100028e-05,,False
figure1_supp_lam0.5,figure1_supp,188,18,0.0559,0.0559463360330598,4.633603305979894e-05,,False
figure1_supp_lam0.5,figure1_supp,188,19,0.0,0.0,0.0,,False
figure1_supp_lam0.5,figure1_supp,188,20,0.1007,0.10071293969609,1.2939696090008557e-05,,False
figure1_supp_lam0.5,figure1_supp,188,21,0.1081,0.108059534131525,4.0465868475003663e-05,,False
figure1_supp_lam0.5,figure1_supp,189,15,0.0,0.0,0.0,,False
figure1_supp_lam0.5,figure1_supp,189,16,0.0,0.0,0.0,,False
figure1_supp_lam0.5,figure1_supp,189,17,0.844,0.844007359486719,7.359486719038522e-06,,False
figure1_supp_lam0.5,figure1_supp,189,18,0.0557,0.0557082665180255,8.266518025497327e-06,,False
figure1_supp_lam0.5,figure1_supp,189,19,0.0,0.0,0.0,,False
figure1_supp_lam0.5,figure1_supp,189,20,0.1003,0.100284373995255,1.5626004745000754e-05,,False
figure1_supp_lam0.5,figure1_supp,189,21,0.0944,0.0944126956065441,1.2695606544099736e-05,,False
figure1_supp_lam0.5,figure1_supp,190,15,0.0,0.0,0.0,,False
figure1_supp_lam0.5,figure1_supp,190,16,0.0,0.0,0.0,,False
figure1_supp_lam0.5,figure1_supp,190,17,0.8447,0.844668345251606,3.1654748394061016e-05,,False
figure1_supp_lam0.5,figure1_supp,190,18,0.0555,0.0554722145412542,2.7785458745800684e-05,,False
figure1_supp_lam0.5,figure1_supp,190,19,0.0,0.0,0.0,,False
figure1_supp_lam0.5,figure1_supp,190,20,0.0999,0.09985944020714,4.0559792860009325e-05,,False
figure1_supp_lam0.5,figure1_supp,190,21,0.0799,0.0798701972754918,2.9802724508198875e-05,,False
figure1_supp_lam0.5,figure1_supp,191,15,0.0,0.0,0.0,,False
figure1_supp_lam0.5,figure1_supp,191,16,0.0,0.0,0.0,,False
figure1_supp_lam0.5,figure1_supp,191,17,0.8453,0.845323753077549,2.3753077548982482e-05,,False
figure1_supp_lam0.5,figure1_supp,191,18,0.0552,0.0552381545642869,3.8154564286900505e-05,,False
figure1_supp_lam0.5,figure1_supp,191,19,0.0,0.0,0.0,,False
figure1_supp_lam0.5,figure1_supp,191,20,0.0994,0.0994380923581647,3.8092358164695805e-05,,False
figure1_supp_lam0.5,figure1_supp,191,21,0.095,0.0950365080174717,3.65080174716953e-05,,False
figure1_supp_lam0.5,figure1_supp,192,15,0.0,0.0,0.0,,False
figure1_supp_lam0.5,figure1_supp,192,16,0.0,0.0,0.0,,False
figure1_supp_lam0.5,figure1_supp,192,17,0.846,0.845973653274702,2.6346725297998752e-05,,False
figure1_supp_lam0.5,figure1_supp,192,18,0.055,0.0550060614778824,6.061477882401967e-06,,False
figure1_supp_lam0.5,figure1_supp,192,19,0.0,0.0,0.0,,False
figure1_supp_lam0.5,figure1_supp,192,20,0.099,0.0990202852474161,2.0285247416096386e-05,,False
figure1_supp_lam0.5,figure1_supp,192,21,0.108,0.108026852742847,2.685274284700001e-05,,False
figure1_supp_lam0.5,figure1_supp,193,15,0.0,0.0,0.0,,False
figure1_supp_lam0.5,figure1_supp,193,16,0.0,0.0,0.0,,False
figure1_supp_lam0.5,figure1_supp,193,17,0.8466,0.846618114976481,1.811497648096516e-05,,False
figure1_supp_lam0.5,figure1_supp,193,18,0.0548,0.0547759105930377,2.4089406962302107e-05,,False
figure1_supp_lam0.5,figure1_supp,193,19,0.0,0.0,0.0,,False
figure1_supp_lam0.5,figure1_supp,193,20,0.0986,0.0986059744304813,5.97443048130919e-06,,False
figure1_supp_lam0.5,figure1_supp,193,21,0.0785,0.0784673577671191,3.264223288089452e-05,,False
figure1_supp_lam0.5,figure1_supp,194,15,0.0,0.0,0.0,,False
figure1_supp_lam0.5,figure1_supp,194,16,0.0,0.0,0.0,,False
figure1_supp_lam0.5,figure1_supp,194,17,0.8473,0.847257206164079,4.2793835921095535e-05,,False
figure1_supp_lam0.5,figure1_supp,194,18,0.0545,0.0545476776322333,4.7677632233303346e-05,,False
figure1_supp_lam0.5,figure1_supp,194,19,0.0,0.0,0.0,,False
figure1_supp_lam0.5,figure1_supp,194,20,0.0982,0.0981951162036876,4.8837963124021e-06,,False
figure1_supp_lam0.5,figure1_supp,194,21,0.0795,0.0795189251491129,1.8925149112905548e-05,,False
figure1_supp_lam0.5,figure1_supp,195,15,0.0,0.0,0.0,,False
figure1_supp_lam0.5,figure1_supp,195,16,0.0,0.0,0.0,,False
figure1_supp_lam0.5,figure1_supp,195,17,0.8479,0.847890993690369,9.006309630965603e-06,,False
figure1_supp_lam0.5,figure1_supp,195,18,0.0543,0.0543213387208963,2.1338720896296737e-05,,False
figure1_supp_lam0.5,figure1_supp,195,19,0.0,0.0,0.0,,False
figure1_supp_lam0.5,figure1_supp,195,20,0.0978,0.0977876675887346,1.2332411265400522e-05,,False
figure1_supp_lam0.5,figure1_supp,195,21,0.0855,0.0855496507273141,4.9650727314096144e-05,,False
figure1_supp_lam0.5,figure1_supp,196,15,0.0,0.0,0.0,,False
figure1_supp_lam0.5,figure1_supp,196,16,0.0,0.0,0.0,,False
figure1_supp_lam0.5,figure1_supp,196,17,0.8485,0.848519543303219,1.9543303218960695e-05,,False
figure1_supp_lam0.5,figure1_supp,196,18,0.0541,0.0540968703790744,3.1296209256001517e-06,,False
figure1_supp_lam0.5,figure1_supp,196,19,0.0,0.0,0.0,,False
figure1_supp_lam0.5,figure1_supp,196,20,0.0974,0.0973835863177068,1.641368229320095e-05,,False
figure1_supp_lam0.5,figure1_supp,196,21,0.051,0.0510497687855677,4.9768785567699814e-05,,False
figure1_supp_lam0.5,figure1_supp,197,15,0.0246,0.0246232926766233,2.32926766233002e-05,,False
figure1_supp_lam0.5,figure1_supp,197,16,0.3734,0.373441939218789,4.193921878897777e-05,,False
figure1_supp_lam0.5,figure1_supp,197,17,0.8473,0.847295687735775,4.312264225037055e-06,,False
figure1_supp_lam0.5,figure1_supp,197,18,0.0542,0.0541846833419868,1.5316658013200812e-05,,False
figure1_supp_lam0.5,figure1_supp,197,19,0.0,0.0,0.0,,False
figure1_supp_lam0.5,figure1_supp,197,20,0.0985,0.098519628922238,1.9628922238001945e-05,,False
figure1_supp_lam0.5,figure1_supp,197,21,0.1892,0.189194544949462,5.455050538005768e-06,,False
figure1_supp_lam0.5,figure1_supp,198,15,0.0,0.0,0.0,,False
figure1_supp_lam0.5,figure1_supp,198,16,0.0,0.0,0.0,,False
figure1_supp_lam0.5,figure1_supp,198,17,0.8469,0.846897293989609,2.7060103909848365e-06,,False
figure1_supp_lam0.5,figure1_supp,198,18,0.0543,0.0542630722641395,3.6927735860503574e-05,,False
figure1_supp_lam0.5,figure1_supp,198,19,0.0,0.0,0.0,,False
figure1_supp_lam0.5,figure1_supp,198,20,0.0988,0.0988396337462517,3.963374625169658e-05,,False
figure1_supp_lam0.5,figure1_supp,198,21,0.1963,0.196341606681169,4.1606681169009674e-05,,False
figure1_supp_lam0.5,figure1_supp,199,15,0.0328,0.0327968916900587,3.1083099413034554e-06,,False
figure1_supp_lam0.5,figure1_supp,199,16,0.0,0.0,0.0,,False
figure1_supp_lam0.5,figure1_supp,199,17,0.8456,0.845633224329596,3.322432959596e-05,,False
figure1_supp_lam0.5,figure1_supp,199,18,0.0559,0.0559305690006678,3.056900066780027e-05,,False
figure1_supp_lam0.5,figure1_supp,199,19,0.0,0.0,0.0,,False
figure1_supp_lam0.5,figure1_supp,199,20,0.0984,0.0984362066697363,3.620666973630504e-05,,False
figure1_supp_lam0.5,figure1_supp,199,21,0.2169,0.216915432302082,1.543230208198021e-05,,False
figure1_supp_lam0.5,figure1_supp,200,15,0.1283,0.128292294531998,7.705468001995008e-06,,False
figure1_supp_lam0.5,figure1_supp,200,16,0.0726,0.0725544657225165,4.553427748349437e-05,,False
figure1_supp_lam0.5,figure1_supp,200,17,0.8434,0.843448164934051,4.816493405090938e-05,,False
figure1_supp_lam0.5,figure1_supp,200,18,0.059,0.0590343620795094,3.436207950940212e-05,,False
figure1_supp_lam0.5,figure1_supp,200,19,0.0,0.0,0.0,,False
figure1_supp_lam0.5,figure1_supp,200,20,0.0975,0.0975174729864395,1.7472986439490135e-05,,False
figure1_supp_lam0.5,figure1_supp,200,21,0.242,0.241959214799512,4.0785200488002715e-05,,False
figure1_supp_lam0.5,figure1_supp,201,15,0.1555,0.155470914451903,2.9085548096996483e-05,,False
figure1_supp_lam0.5,figure1_supp,201,16,0.0,0.0,0.0,,False
figure1_supp_lam0.5,figure1_supp,201,17,0.84,0.839985741637648,1.4258362351915466e-05,,False
figure1_supp_lam0.5,figure1_supp,201,18,0.0629,0.0628609214705587,3.907852944129431e-05,,False
figure1_supp_lam0.5,figure1_supp,201,19,0.0,0.0,0.0,,False
figure1_supp_lam0.5,figure1_supp,201,20,0.0972,0.0971533368917931,4.6663108206890236e-05,,False
figure1_supp_lam0.5,figure1_supp,201,21,0.2947,0.294669467021464,3.053297853600201e-05,,False
figure1_supp_lam0.5,figure1_supp,202,15,0.0,0.0,0.0,,False
figure1_supp_lam0.5,figure1_supp,202,16,0.0,0.0,0.0,,False
figure1_supp_lam0.5,figure1_supp,202,17,0.8406,0.840616697325151,1.6697325150971665e-05,,False
figure1_supp_lam0.5,figure1_supp,202,18,0.0626,0.0626137893876584,1.378938765839166e-05,,False
figure1_supp_lam0.5,figure1_supp,202,19,0.0,0.0,0.0,,False
figure1_supp_lam0.5,figure1_supp,202,20,0.0968,0.0967695132871906,3.048671280939108e-05,,False
figure1_supp_lam0.5,figure1_supp,202,21,0.2974,0.297375386469984,2.461353001598221e-05,,False
figure1_supp_lam0.5,figure1_supp,203,15,0.0,0.0,0.0,,False
figure1_supp_lam0.5,figure1_supp,203,16,0.0,0.0,0.0,,False
figure1_supp_lam0.5,figure1_supp,203,17,0.8413,0.841256790910191,4.320908980903759e-05,,False
figure1_supp_lam0.5,figure1_supp,203,18,0.0624,0.0623623283861016,3.76716138984004e-05,,False
figure1_supp_lam0.5,figure1_supp,203,19,0.0,0.0,0.0,,False
figure1_supp_lam0.5,figure1_supp,203,20,0.0964,0.0963808807037079,1.9119296292099963e-05,,False
figure1_supp_lam0.5,figure1_supp,203,21,0.2767,0.276746642546337,4.664254633701681e-05,,False
figure1_supp_lam0.5,figure1_supp,204,15,0.0,0.0,0.0,,False
figure1_supp_lam0.5,figure1_supp,204,16,0.0,0.0,0.0,,False
figure1_supp_lam0.5,figure1_supp,204,17,0.8419,0.84189176374655,8.236253450033537e-06,,False
figure1_supp_lam0.5,figure1_supp,204,18,0.0621,0.0621128790725571,1.287907255709958e-05,,False
figure1_supp_lam0.5,figure1_supp,204,19,0.0,0.0,0.0,,False
figure1_supp_lam0.5,figure1_supp,204,20,0.096,0.0959953571808931,4.642819106906448e-06,,False
figure1_supp_lam0.5,figure1_supp,204,21,0.2499,0.249887412077278,1.2587922722018252e-05,,False
figure1_supp_lam0.5,figure1_supp,205,15,0.0,0.0,0.0,,False
figure1_supp_lam0.5,figure1_supp,205,16,0.0,0.0,0.0,,False
figure1_supp_lam0.5,figure1_supp,205,17,0.8425,0.842521677038396,2.167703839595081e-05,,False
figure1_supp_lam0.5,figure1_supp,205,18,0.0619,0.0618654174029454,3.4582597054598485e-05,,False
figure1_supp_lam0.5,figure1_supp,205,19,0.0,0.0,0.0,,False
figure1_supp_lam0.5,figure1_supp,205,20,0.0956,0.0956129055586584,1.2905558658390937e-05,,False
figure1_supp_lam0.5,figure1_supp,205,21,0.2671,0.267065332841475,3.4667158525014674e-05,,False
figure1_supp_lam0.5,figure1_supp,206,15,0.0,0.0,0.0,,False
figure1_supp_lam0.5,figure1_supp,206,16,0.0,0.0,0.0,,False
figure1_supp_lam0.5,figure1_supp,206,17,0.8431,0.843146591018403,4.659101840298607e-05,,False
figure1_supp_lam0.5,figure1_supp,206,18,0.0616,0.0616199197148384,1.9919714838396996e-05,,False
figure1_supp_lam0.5,figure1_supp,206,19,0.0,0.0,0.0,,False
figure1_supp_lam0.5,figure1_supp,206,20,0.0952,0.095233489266759,3.348926675898756e-05,,False
figure1_supp_lam0.5,figure1_supp,206,21,0.2659,0.265949563533119,4.9563533118968106e-05,,False
figure1_supp_lam0.5,figure1_supp,207,15,0.0,0.0,0.0,,False
figure1_supp_lam0.5,figure1_supp,207,16,0.0,0.0,0.0,,False
figure1_supp_lam0.5,figure1_supp,207,17,0.8438,0.843766564966946,3.343503305397455e-05,,False
figure1_supp_lam0.5,figure1_supp,207,18,0.0614,0.0613763627199181,2.363728008190208e-05,,False
figure1_supp_lam0.5,figure1_supp,207,19,0.0,0.0,0.0,,False
figure1_supp_lam0.5,figure1_supp,207,20,0.0949,0.0948570723131354,4.292768686460502e-05,,False
figure1_supp_lam0.5,figure1_supp,207,21,0.2522,0.252201208039854,1.2080398540392778e-06,,False
figure1_supp_lam0.5,figure1_supp,208,15,0.0,0.0,0.0,,False
figure1_supp_lam0.5,figure1_supp,208,16,0.0,0.0,0.0,,False
figure1_supp_lam0.5,figure1_supp,208,17,0.8444,0.844381657230856,1.8342769144030768e-05,,False
figure1_supp_lam0.5,figure1_supp,208,18,0.0611,0.0611347234966114,3.472349661139823e-05,,False
figure1_supp_lam0.5,figure1_supp,208,19,0.0,0.0,0.0,,False
figure1_supp_lam0.5,figure1_supp,208,20,0.0945,0.0944836192725326,1.6380727467402156e-05,,False
figure1_supp_lam0.5,figure1_supp,208,21,0.2317,0.231684422444827,1.5577555172979762e-05,,False
figure1_supp_lam0.5,figure1_supp,209,15,0.0,0.0,0.0,,False
figure1_supp_lam0.5,figure1_supp,209,16,0.0,0.0,0.0,,False
figure1_supp_lam0.5,figure1_supp,209,17,0.845,0.844991925241716,8.074758284015715e-06,,False
figure1_supp_lam0.5,figure1_supp,209,18,0.0609,0.0608949794828992,5.020517100801092e-06,,False
figure1_supp_lam0.5,figure1_supp,209,19,0.0,0.0,0.0,,False
figure1_supp_lam0.5,figure1_supp,209,20,0.0941,0.0941130952753854,1.3095275385399674e-05,,False
figure1_supp_lam0.5,figure1_supp,209,21,0.2674,0.267421921449626,2.1921449625983414e-05,,False
figure1_supp_lam0.5,figure1_supp,210,15,0.0,0.0,0.0,,False
figure1_supp_lam0.5,figure1_supp,210,16,0.0,0.0,0.0,,False
figure1_supp_lam0.5,figure1_supp,210,17,0.8456,0.84559742553374,2.5744662600635237e-06,,False
figure1_supp_lam0.5,figure1_supp,210,18,0.0607,0.0606571084692941,4.289153070589913e-05,,False
figure1_supp_lam0.5,figure1_supp,210,19,0.0,0.0,0.0,,False
figure1_supp_lam0.5,figure1_supp,210,20,0.0937,0.0937454659969659,4.546599696589326e-05,,False
figure1_supp_lam0.5,figure1_supp,210,21,0.2592,0.259152437532566,4.7562467433981404e-05,,False
figure1_supp_lam0.5,figure1_supp,211,15,0.0,0.0,0.0,,False
figure1_supp_lam0.5,figure1_supp,211,16,0.0,0.0,0.0,,False
figure1_supp_lam0.5,figure1_supp,211,17,0.8462,0.846198213761235,1.7862387649003608e-06,,False
figure1_supp_lam0.5,figure1_supp,211,18,0.0604,0.0604210885919817,2.108859198169527e-05,,False
figure1_supp_lam0.5,figure1_supp,211,19,0.0,0.0,0.0,,False
figure1_supp_lam0.5,figure1_supp,211,20,0.0934,0.0933806976467832,1.930235321680185e-05,,False
figure1_supp_lam0.5,figure1_supp,211,21,0.2775,0.277478702339929,2.1297660071029068e-05,,False
figure1_supp_lam0.5,figure1_supp,212,15,0.0,0.0,0.0,,False
figure1_supp_lam0.5,figure1_supp,212,16,0.0,0.0,0.0,,False
figure1_supp_lam0.5,figure1_supp,212,17,0.8468,0.846794344715649,5.655284351036016e-06,,False
figure1_supp_lam0.5,figure1_supp,212,18,0.0602,0.0601868983261213,1.3101673878697373e-05,,False
figure1_supp_lam0.5,figure1_supp,212,19,0.0,0.0,0.0,,False
figure1_supp_lam0.5,figure1_supp,212,20,0.093,0.0930187569582297,1.8756958229698695e-05,,False
figure1_supp_lam0.5,figure1_supp,212,21,0.3292,0.32915337888619,4.6621113809985903e-05,,False
figure1_supp_lam0.5,figure1_supp,213,15,0.0,0.0,0.0,,False
figure1_supp_lam0.5,figure1_supp,213,16,0.0,0.0,0.0,,False
figure1_supp_lam0.5,figure1_supp,213,17,0.8474,0.847385872342229,1.4127657771090263e-05,,False
figure1_supp_lam0.5,figure1_supp,213,18,0.06,0.0599545164793023,4.5483520697699176e-05,,False
figure1_supp_lam0.5,figure1_supp,213,19,0.0,0.0,0.0,,False
figure1_supp_lam0.5,figure1_supp,213,20,0.0927,0.0926596111784682,4.038882153180323e-05,,False
figure1_supp_lam0.5,figure1_supp,213,21,0.0332,0.0332254069910546,2.540699105459815e-05,,False
figure1_supp_lam0.5,figure1_supp,214,15,0.0,0.0,0.0,,False
figure1_supp_lam0.5,figure1_supp,214,16,0.0,0.0,0.0,,False
figure1_supp_lam0.5,figure1_supp,214,17,0.848,0.847972849756298,2.7150243701923316e-05,,False
figure1_supp_lam0.5,figure1_supp,214,18,0.0597,0.0597239221851511,2.3922185151098452e-05,,False
figure1_supp_lam0.5,figure1_supp,214,19,0.0,0.0,0.0,,False
figure1_supp_lam0.5,figure1_supp,214,20,0.0923,0.092303228058551,3.228058551005275e-06,,False
figure1_supp_lam0.5,figure1_supp,214,21,0.042,0.0420403565380347,4.0356538034698464e-05,,False
figure1_supp_lam0.5,figure1_supp,215,15,0.0,0.0,0.0,,False
figure1_supp_lam0.5,figure1_supp,215,16,0.0,0.0,0.0,,False
figure1_supp_lam0.5,figure1_supp,215,17,0.8486,0.848555329259147,4.467074085301448e-05,,False
figure1_supp_lam0.5,figure1_supp,215,18,0.0595,0.0594950948970854,4.905102914599946e-06,,False
figure1_supp_lam0.5,figure1_supp,215,19,0.0,0.0,0.0,,False
figure1_supp_lam0.5,figure1_supp,215,20,0.0919,0.0919495758437673,4.9575843767302175e-05,,False
figure1_supp_lam0.5,figure1_supp,215,21,0.0426,0.0426276880632615,2.768806326149814e-05,,False
figure1_supp_lam0.5,figure1_supp,216,15,0.0,0.0,0.0,,False
figure1_supp_lam0.5,figure1_supp,216,16,0.0,0.0,0.0,,False
figure1_supp_lam0.5,figure1_supp,216,17,0.8491,0.849133362353578,3.336235357798145e-05,,False
figure1_supp_lam0.5,figure1_supp,216,18,0.0593,0.059268014382211,3.198561778899878e-05,,False
figure1_supp_lam0.5,figure1_supp,216,19,0.0,0.0,0.0,,False
figure1_supp_lam0.5,figure1_supp,216,20,0.0916,0.0915986232642109,1.3767357891075749e-06,,False
figure1_supp_lam0.5,figure1_supp,216,21,0.0622,0.0621865295924286,1.3470407571401777e-05,,False
figure1_supp_lam0.5,figure1_supp,217,15,0.0,0.0,0.0,,False
figure1_supp_lam0.5,figure1_supp,217,16,0.0,0.0,0.0,,False
figure1_supp_lam0.5,figure1_supp,217,17,0.8497,0.849706999759077,6.999759077030987e-06,,False
figure1_supp_lam0.5,figure1_supp,217,18,0.059,0.0590426607153585,4.266071535850152e-05,,False
figure1_supp_lam0.5,figure1_supp,217,19,0.0,0.0,0.0,,False
figure1_supp_lam0.5,figure1_supp,217,20,0.0913,0.0912503395255638,4.966047443620558e-05,,False
figure1_supp_lam0.5,figure1_supp,217,21,0.0486,0.0486439396703816,4.393967038160418e-05,,False
figure1_supp_lam0.5,figure1_supp,218,15,0.0,0.0,0.0,,False
figure1_supp_lam0.5,figure1_supp,218,16,0.0,0.0,0.0,,False
figure1_supp_lam0.5,figure1_supp,218,17,0.8503,0.850276291426657,2.3708573342995365e-05,,False
figure1_supp_lam0.5,figure1_supp,218,18,0.0588,0.0588190142732549,1.901427325490257e-05,,False
figure1_supp_lam0.5,figure1_supp,218,19,0.0,0.0,0.0,,False
figure1_supp_lam0.5,figure1_supp,218,20,0.0909,0.0909046943000881,4.694300088106673e-06,,False
figure1_supp_lam0.5,figure1_supp,218,21,0.0432,0.0431689264218967,3.107357810330086e-05,,False
figure1_supp_lam0.5,figure1_supp,219,15,0.0,0.0,0.0,,False
figure1_supp_lam0.5,figure1_supp,219,16,0.0,0.0,0.0,,False
figure1_supp_lam0.5,figure1_supp,219,17,0.8508,0.850841286553349,4.1286553349006994e-05,,False
figure1_supp_lam0.5,figure1_supp,219,18,0.0586,0.0585970557288275,2.9442711724989024e-06,,False
figure1_supp_lam0.5,figure1_supp,219,19,0.0,0.0,0.0,,False
figure1_supp_lam0.5,figure1_supp,219,20,0.0906,0.0905616577178237,3.834228217630686e-05,,False
figure1_supp_lam0.5,figure1_supp,219,21,0.0412,0.041213811774355,1.3811774354999251e-05,,False
figure1_supp_lam0.5,figure1_supp,220,15,0.0422,0.0421581371984873,4.186280151270011e-05,,False
figure1_supp_lam0.5,figure1_supp,220,16,0.162,0.162045038155517,4.503815551698542e-05,,False
figure1_supp_lam0.5,figure1_supp,220,17,0.8491,0.849111362347269,1.1362347269061601e-05,,False
figure1_supp_lam0.5,figure1_supp,220,18,0.0601,0.0600582454219833,4.175457801670196e-05,,False
figure1_supp_lam0.5,figure1_supp,220,19,0.0,0.0,0.0,,False
figure1_supp_lam0.5,figure1_supp,220,20,0.0908,0.0908303922307473,3.0392230747300353e-05,,False
figure1_supp_lam0.5,figure1_supp,220,21,0.3662,0.36615820514884,4.1794851160015245e-05,,False
figure1_supp_lam0.5,figure1_supp,221,15,0.1534,0.153393551548649,6.448451351004358e-06,,False
figure1_supp_lam0.5,figure1_supp,221,16,1.0,1.0,0.0,,False
figure1_supp_lam0.5,figure1_supp,221,17,0.8497,0.849682147202814,1.7852797186024283e-05,,False
figure1_supp_lam0.5,figure1_supp,221,18,0.0587,0.0587013529044031,1.3529044030971549e-06,,False
figure1_supp_lam0.5,figure1_supp,221,19,0.0,0.0,0.0,,False
figure1_supp_lam0.5,figure1_supp,221,20,0.0916,0.0916164998927827,1.6499892782698145e-05,,False
figure1_supp_lam0.5,figure1_supp,221,21,0.4245,0.424536635936152,3.663593615199634e-05,,False
figure1_supp_lam0.5,figure1_supp,222,15,0.1757,0.175678665860211,2.1334139788997675e-05,,False
figure1_supp_lam0.5,figure1_supp,222,16,1.0,1.0,0.0,,False
figure1_supp_lam0.5,figure1_supp,222,17,0.8468,0.846765288305085,3.4711694914979496e-05,,False
figure1_supp_lam0.5,figure1_supp,222,18,0.0584,0.0583906814723865,9.318527613502714e-06,,False
figure1_supp_lam0.5,figure1_supp,222,19,0.0,0.0,0.0,,False
figure1_supp_lam0.5,figure1_supp,222,20,0.0948,0.0948440302225279,4.403022252789934e-05,,False
figure1_supp_lam0.5,figure1_supp,222,21,0.3776,0.377634421616577,3.4421616577018366e-05,,False
figure1_supp_lam0.5,figure1_supp,223,15,0.1443,0.144349417456039,4.94174560389804e-05,,False
figure1_supp_lam0.5,figure1_supp,223,16,0.0,0.0,0.0,,False
figure1_supp_lam0.5,figure1_supp,223,17,0.8442,0.844218100408401,1.810040840100058e-05,,False
figure1_supp_lam0.5,figure1_supp,223,18,0.0617,0.0616656893954656,3.431060453439744e-05,,False
figure1_supp_lam0.5,figure1_supp,223,19,0.0,0.0,0.0,,False
figure1_supp_lam0.5,figure1_supp,223,20,0.0941,0.0941162101961339,1.62101961339034e-05,,False
figure1_supp_lam0.5,figure1_supp,223,21,0.3562,0.356238790626817,3.8790626816997964e-05,,False
figure1_supp_lam0.5,figure1_supp,224,15,0.0,0.0,0.0,,False
figure1_supp_lam0.5,figure1_supp,224,16,0.0,0.0,0.0,,False
figure1_supp_lam0.5,figure1_supp,224,17,0.8447,0.844714023567403,1.4023567402987602e-05,,False
figure1_supp_lam0.5,figure1_supp,224,18,0.0615,0.0614691197085736,3.088029142640086e-05,,False
figure1_supp_lam0.5,figure1_supp,224,19,0.0,0.0,0.0,,False
figure1_supp_lam0.5,figure1_supp,224,20,0.0938,0.0938168567240238,1.6856724023808778e-05,,False
figure1_supp_lam0.5,figure1_supp,224,21,0.3435,0.343461899314331,3.810068566900693e-05,,False
figure1_supp_lam0.5,figure1_supp,225,15,0.0,0.0,0.0,,False
figure1_supp_lam0.5,figure1_supp,225,16,0.0,0.0,0.0,,False
figure1_supp_lam0.5,figure1_supp,225,17,0.8453,0.845287034550549,1.2965449451063371e-05,,False
figure1_supp_lam0.5,figure1_supp,225,18,0.0612,0.0612422963886158,4.2296388615803426e-05,,False
figure1_supp_lam0.5,figure1_supp,225,19,0.0,0.0,0.0,,False
figure1_supp_lam0.5,figure1_supp,225,20,0.0935,0.0934706690608355,2.9330939164504133e-05,,False
figure1_supp_lam0.5,figure1_supp,225,21,0.3333,0.333341645674998,4.164567499803651e-05,,False
figure1_supp_lam0.5,figure1_supp,226,15,0.0,0.0,0.0,,False
figure1_supp_lam0.5,figure1_supp,226,16,0.0,0.0,0.0,,False
figure1_supp_lam0.5,figure1_supp,226,17,0.8459,0.845855832217642,4.4167782357940055e-05,,False
figure1_supp_lam0.5,figure1_supp,226,18,0.061,0.061017140887187,1.714088718700324e-05,,False
figure1_supp_lam0.5,figure1_supp,226,19,0.0,0.0,0.0,,False
figure1_supp_lam0.5,figure1_supp,226,20,0.0931,0.0931270268951707,2.7026895170700893e-05,,False
figure1_supp_lam0.5,figure1_supp,226,21,0.3215,0.321461128075044,3.887192495599656e-05,,False
figure1_supp_lam0.5,figure1_supp,227,15,0.0,0.0,0.0,,False
figure1_supp_lam0.5,figure1_supp,227,16,0.0,0.0,0.0,,False
figure1_supp_lam0.5,figure1_supp,227,17,0.8464,0.84642046286886,2.046286885992732e-05,,False
figure1_supp_lam0.5,figure1_supp,227,18,0.0608,0.0607936348766112,6.365123388800409e-06,,False
figure1_supp_lam0.5,figure1_supp,227,19,0.0,0.0,0.0,,False
figure1_supp_lam0.5,figure1_supp,227,20,0.0928,0.092785902254529,1.4097745470995071e-05,,False
figure1_supp_lam0.5,figure1_supp,227,21,0.3202,0.320241529255171,4.152925517103556e-05,,False
figure1_supp_lam0.5,figure1_supp,228,15,0.0,0.0,0.0,,False
figure1_supp_lam0.5,figure1_supp,228,16,0.0,0.0,0.0,,False
figure1_supp_lam0.5,figure1_supp,228,17,0.847,0.846980972128462,1.9027871537957708e-05,,False
figure1_supp_lam0.5,figure1_supp,228,18,0.0606,0.0605717602967696,2.8239703230403812e-05,,False
figure1_supp_lam0.5,figure1_supp,228,19,0.0,0.0,0.0,,False
figure1_supp_lam0.5,figure1_supp,228,20,0.0924,0.092447267574768,4.72675747680007e-05,,False
figure1_supp_lam0.5,figure1_supp,228,21,0.3067,0.306715205385924,1.5205385924033088e-05,,False
figure1_supp_lam0.5,figure1_supp,229,15,0.0,0.0,0.0,,False
figure1_supp_lam0.5,figure1_supp,229,16,0.0,0.0,0.0,,False
figure1_supp_lam0.5,figure1_supp,229,17,0.8475,0.847537404957086,3.740495708592917e-05,,False
figure1_supp_lam0.5,figure1_supp,229,18,0.0604,0.0603514993502359,4.8500649764103565e-05,,False
figure1_supp_lam0.5,figure1_supp,229,19,0.0,0.0,0.0,,False
figure1_supp_lam0.5,figure1_supp,229,20,0.0921,0.0921110956926779,1.1095692677903779e-05,,False
figure1_supp_lam0.5,figure1_supp,229,21,0.2978,0.297750850737403,4.914926259702579e-05,,False
figure1_supp_lam0.5,figure1_supp,230,15,0.0,0.0,0.0,,False
figure1_supp_lam0.5,figure1_supp,230,16,0.0,0.0,0.0,,False
figure1_supp_lam0.5,figure1_supp,230,17,0.8481,0.848089805663764,1.01943362359469e-05,,False
figure1_supp_lam0.5,figure1_supp,230,18,0.0601,0.0601328344975176,3.283449751759898e-05,,False
figure1_supp_lam0.5,figure1_supp,230,19,0.0,0.0,0.0,,False
figure1_supp_lam0.5,figure1_supp,230,20,0.0918,0.0917773598387189,2.264016128110391e-05,,False
figure1_supp_lam0.5,figure1_supp,230,21,0.2934,0.293384799692712,1.5200307288021353e-05,,False
figure1_supp_lam0.5,figure1_supp,231,15,0.0,0.0,0.0,,False
figure1_supp_lam0.5,figure1_supp,231,16,0.0,0.0,0.0,,False
figure1_supp_lam0.5,figure1_supp,231,17,0.8486,0.848638217917685,3.821791768499061e-05,,False
figure1_supp_lam0.5,figure1_supp,231,18,0.0599,0.0599157484524002,1.5748452400196622e-05,,False
figure1_supp_lam0.5,figure1_supp,231,19,0.0,0.0,0.0,,False
figure1_supp_lam0.5,figure1_supp,231,20,0.0914,0.0914460336299149,4.60336299148989e-05,,False
figure1_supp_lam0.5,figure1_supp,231,21,0.2952,0.295213812922838,1.381292283797464e-05,,False
figure1_supp_lam0.5,figure1_supp,232,15,0.0,0.0,0.0,,False
figure1_supp_lam0.5,figure1_supp,232,16,0.0,0.0,0.0,,False
figure1_supp_lam0.5,figure1_supp,232,17,0.8492,0.849182684759708,1.7315240291915224e-05,,False
figure1_supp_lam0.5,figure1_supp,232,18,0.0597,0.0597002241773916,2.2417739159452665e-07,,False
figure1_supp_lam0.5,figure1_supp,232,19,0.0,0.0,0.0,,False
figure1_supp_lam0.5,figure1_supp,232,20,0.0911,0.0911170910629008,1.709106290080642e-05,,False
figure1_supp_lam0.5,figure1_supp,232,21,0.3308,0.330807952143393,7.952143392997435e-06,,False
figure1_supp_lam0.5,figure1_supp,233,15,0.0,0.0,0.0,,False
figure1_supp_lam0.5,figure1_supp,233,16,0.0,0.0,0.0,,False
figure1_supp_lam0.5,figure1_supp,233,17,0.8497,0.849723248613615,2.3248613615023395e-05,,False
figure1_supp_lam0.5,figure1_supp,233,18,0.0595,0.0594862448792648,1.3755120735196857e-05,,False
figure1_supp_lam0.5,figure1_supp,233,19,0.0,0.0,0.0,,False
figure1_supp_lam0.5,figure1_supp,233,20,0.0908,0.0907905065071198,9.493492880208176e-06,,False
figure1_supp_lam0.5,figure1_supp,233,21,0.2659,0.265868220665508,3.177933449199921e-05,,False
figure1_supp_lam0.5,figure1_supp,234,15,0.0,0.0,0.0,,False
figure1_supp_lam0.5,figure1_supp,234,16,0.0,0.0,0.0,,False
figure1_supp_lam0.5,figure1_supp,234,17,0.8503,0.850259951297138,4.004870286189455e-05,,False
figure1_supp_lam0.5,figure1_supp,234,18,0.0593,0.059273794004696,2.6205995304000307e-05,,False
figure1_supp_lam0.5,figure1_supp,234,19,0.0,0.0,0.0,,False
figure1_supp_lam0.5,figure1_supp,234,20,0.0905,0.0904662546981658,3.3745301834198216e-05,,False
figure1_supp_lam0.5,figure1_supp,234,21,0.2282,0.228200148068356,1.480683560206586e-07,,False
figure1_supp_lam0.5,figure1_supp,235,15,0.0,0.0,0.0,,False
figure1_supp_lam0.5,figure1_supp,235,16,0.0,0.0,0.0,,False
figure1_supp_lam0.5,figure1_supp,235,17,0.8508,0.850792834032736,7.165967264022299e-06,,False
figure1_supp_lam0.5,figure1_supp,235,18,0.0591,0.059062855235996,3.7144764004001796e-05,,False
figure1_supp_lam0.5,figure1_supp,235,19,0.0,0.0,0.0,,False
figure1_supp_lam0.5,figure1_supp,235,20,0.0901,0.0901443107312684,4.4310731268398795e-05,,False
figure1_supp_lam0.5,figure1_supp,235,21,0.0199,0.0199124633197024,1.2463319702397252e-05,,False
figure1_supp_lam0.5,figure1_supp,236,15,0.0,0.0,0.0,,False
figure1_supp_lam0.5,figure1_supp,236,16,0.0,0.0,0.0,,False
figure1_supp_lam0.5,figure1_supp,236,17,0.8513,0.851321937458152,2.1937458152043732e-05,,False
figure1_supp_lam0.5,figure1_supp,236,18,0.0589,0.0588534124869322,4.658751306780423e-05,,False
figure1_supp_lam0.5,figure1_supp,236,19,0.0,0.0,0.0,,False
figure1_supp_lam0.5,figure1_supp,236,20,0.0898,0.0898246500549164,2.465005491639194e-05,,False
figure1_supp_lam0.5,figure1_supp,236,21,0.0363,0.0363061080100793,6.108010079303172e-06,,False
figure1_supp_lam0.5,figure1_supp,237,15,0.0,0.0,0.0,,False
figure1_supp_lam0.5,figure1_supp,237,16,0.0,0.0,0.0,,False
figure1_supp_lam0.5,figure1_supp,237,17,0.8518,0.851847301636744,4.730163674404597e-05,,False
figure1_supp_lam0.5,figure1_supp,237,18,0.0586,0.0586454498986391,4.544989863910359e-05,,False
figure1_supp_lam0.5,figure1_supp,237,19,0.0,0.0,0.0,,False
figure1_supp_lam0.5,figure1_supp,237,20,0.0895,0.0895072484646164,7.2484646164022726e-06,,False
figure1_supp_lam0.5,figure1_supp,237,21,0.0452,0.045239143943808,3.91439438080024e-05,,False
figure1_supp_lam0.5,figure1_supp,238,15,0.0,0.0,0.0,,False
figure1_supp_lam0.5,figure1_supp,238,16,0.0,0.0,0.0,,False
figure1_supp_lam0.5,figure1_supp,238,17,0.8524,0.852368966067601,3.103393239900498e-05,,False
figure1_supp_lam0.5,figure1_supp,238,18,0.0584,0.0584389518356157,3.895183561569704e-05,,False
figure1_supp_lam0.5,figure1_supp,238,19,0.0,0.0,0.0,,False
figure1_supp_lam0.5,figure1_supp,238,20,0.0892,0.0891920820967832,7.91790321680308e-06,,False
figure1_supp_lam0.5,figure1_supp,238,21,0.0579,0.0579483053421644,4.830534216439947e-05,,False
figure1_supp_lam0.5,figure1_supp,239,15,0.0,0.0,0.0,,False
figure1_supp_lam0.5,figure1_supp,239,16,0.0,0.0,0.0,,False
figure1_supp_lam0.5,figure1_supp,239,17,0.8529,0.852886969695434,1.303030456600851e-05,,False
figure1_supp_lam0.5,figure1_supp,239,18,0.0582,0.0582339028818066,3.390288180659534e-05,,False
figure1_supp_lam0.5,figure1_supp,239,19,0.0,0.0,0.0,,False
figure1_supp_lam0.5,figure1_supp,239,20,0.0889,0.0888791274227594,2.0872577240607648e-05,,False
figure1_supp_lam0.5,figure1_supp,239,21,0.0669,0.0669329171773421,3.291717734209276e-05,,False
figure1_supp_lam0.5,figure1_supp,240,15,0.0,0.0,0.0,,False
figure1_supp_lam0.5,figure1_supp,240,16,0.0,0.0,0.0,,False
figure1_supp_lam0.5,figure1_supp,240,17,0.8534,0.853401350920275,1.3509202749784066e-06,,False
figure1_supp_lam0.5,figure1_supp,240,18,0.058,0.0580302878367653,3.028783676529978e-05,,False
figure1_supp_lam0.5,figure1_supp,240,19,0.0,0.0,0.0,,False
figure1_supp_lam0.5,figure1_supp,240,20,0.0886,0.0885683612429596,3.163875704040309e-05,,False
figure1_supp_lam0.5,figure1_supp,240,21,0.084,0.0840012715084768,1.2715084767994655e-06,,False
figure1_supp_lam0.5,figure1_supp,241,15,0.0,0.0,0.0,,False
figure1_supp_lam0.5,figure1_supp,241,16,0.0,0.0,0.0,,False
figure1_supp_lam0.5,figure1_supp,241,17,0.8539,0.853912147606964,1.214760696399697e-05,,False
figure1_supp_lam0.5,figure1_supp,241,18,0.0578,0.0578280917118985,2.8091711898499405e-05,,False
figure1_supp_lam0.5,figure1_supp,241,19,0.0,0.0,0.0,,False
figure1_supp_lam0.5,figure1_supp,241,20,0.0883,0.0882597606811374,4.023931886260046e-05,,False
figure1_supp_lam0.5,figure1_supp,241,21,0.0899,0.0899070804172732,7.080417273208628e-06,,False
figure1_supp_lam0.5,figure1_supp,242,15,0.0,0.0,0.0,,False
figure1_supp_lam0.5,figure1_supp,242,16,0.0,0.0,0.0,,False
figure1_supp_lam0.5,figure1_supp,242,17,0.8544,0.85441939709444,1.939709443998794e-05,,False
figure1_supp_lam0.5,figure1_supp,242,18,0.0576,0.0576272997267878,2.7299726787805012e-05,,False
figure1_supp_lam0.5,figure1_supp,242,19,0.0,0.0,0.0,,False
figure1_supp_lam0.5,figure1_supp,242,20,0.088,0.0879533031787723,4.6696821227695806e-05,,False
figure1_supp_lam0.5,figure1_supp,242,21,0.1108,0.110794518010115,5.481989884995042e-06,,False
figure1_supp_lam0.5,figure1_supp,243,15,0.0,0.0,0.0,,False
figure1_supp_lam0.5,figure1_supp,243,16,0.0,0.0,0.0,,False
figure1_supp_lam0.5,figure1_supp,243,17,0.8549,0.85492313620484,2.3136204839957486e-05,,False
figure1_supp_lam0.5,figure1_supp,243,18,0.0574,0.0574278973055878,2.7897305587797072e-05,,False
figure1_supp_lam0.5,figure1_supp,243,19,0.0,0.0,0.0,,False
figure1_supp_lam0.5,figure1_supp,243,20,0.0876,0.0876489664895724,4.89664895724079e-05,,False
figure1_supp_lam0.5,figure1_supp,243,21,0.1336,0.133636922790417,3.6922790417004414e-05,,False
figure1_supp_lam0.5,figure1_supp,244,15,0.0,0.0,0.0,,False
figure1_supp_lam0.5,figure1_supp,244,16,0.0,0.0,0.0,,False
figure1_supp_lam0.5,figure1_supp,244,17,0.8554,0.855423401252409,2.340125240896107e-05,,False
figure1_supp_lam0.5,figure1_supp,244,18,0.0572,0.0572298700734995,2.987007349949944e-05,,False
figure1_supp_lam0.5,figure1_supp,244,19,0.0,0.0,0.0,,False
figure1_supp_lam0.5,figure1_supp,244,20,0.0873,0.0873467286740911,4.6728674091098266e-05,,False
figure1_supp_lam0.5,figure1_supp,244,21,0.1443,0.144274594723559,2.540527644101509e-05,,False
figure1_supp_lam0.5,figure1_supp,245,15,0.0,0.0,0.0,,False
figure1_supp_lam0.5,figure1_supp,245,16,0.0,0.0,0.0,,False
figure1_supp_lam0.5,figure1_supp,245,17,0.8559,0.855920228052229,2.022805222900992e-05,,False
figure1_supp_lam0.5,figure1_supp,245,18,0.057,0.0570332038533157,3.320385331569836e-05,,False
figure1_supp_lam0.5,figure1_supp,245,19,0.0,0.0,0.0,,False
figure1_supp_lam0.5,figure1_supp,245,20,0.087,0.0870465680944551,4.6568094455107234e-05,,False
figure1_supp_lam0.5,figure1_supp,245,21,0.1516,0.151576396600851,2.3603399149002557e-05,,False
figure1_supp_lam0.5,figure1_supp,246,15,0.0,0.0,0.0,,False
figure1_supp_lam0.5,figure1_supp,246,16,0.0,0.0,0.0,,False
figure1_supp_lam0.5,figure1_supp,246,17,0.8564,0.856413651928763,1.3651928762903331e-05,,False
figure1_supp_lam0.5,figure1_supp,246,18,0.0568,0.0568378846620372,3.7884662037197814e-05,,False
figure1_supp_lam0.5,figure1_supp,246,19,0.0,0.0,0.0,,False
figure1_supp_lam0.5,figure1_supp,246,20,0.0867,0.0867484634092001,4.846340920010295e-05,,False
figure1_supp_lam0.5,figure1_supp,246,21,0.1615,0.16150729314052,7.293140520003849e-06,,False
figure1_supp_lam0.5,figure1_supp,247,15,0.0,0.0,0.0,,False
figure1_supp_lam0.5,figure1_supp,247,16,0.0,0.0,0.0,,False
figure1_supp_lam0.5,figure1_supp,247,17,0.8569,0.856903707724228,3.707724227974829e-06,,False
figure1_supp_lam0.5,figure1_supp,247,18,0.0566,0.0566438987075593,4.389870755930336e-05,,False
figure1_supp_lam0.5,figure1_supp,247,19,0.0,0.0,0.0,,False
figure1_supp_lam0.5,figure1_supp,247,20,0.0865,0.086452393568213,4.760643178698676e-05,,False
figure1_supp_lam0.5,figure1_supp,247,21,0.1743,0.174259213405475,4.0786594524999664e-05,,False
figure1_supp_lam0.5,figure1_supp,248,15,0.0,0.0,0.0,,False
figure1_supp_lam0.5,figure1_supp,248,16,0.0,0.0,0.0,,False
figure1_supp_lam0.5,figure1_supp,248,17,0.8574,0.857390429806798,9.570193202024235e-06,,False
figure1_supp_lam0.5,figure1_supp,248,18,0.0565,0.0564512323854247,4.8767614575298546e-05,,False
figure1_supp_lam0.5,figure1_supp,248,19,0.0,0.0,0.0,,False
figure1_supp_lam0.5,figure1_supp,248,20,0.0862,0.086158337807777,4.166219222299927e-05,,False
figure1_supp_lam0.5,figure1_supp,248,21,0.2149,0.214924700612275,2.470061227499709e-05,,False
figure1_supp_lam0.5,figure1_supp,249,15,0.0,0.0,0.0,,False
figure1_supp_lam0.5,figure1_supp,249,16,0.0,0.0,0.0,,False
figure1_supp_lam0.5,figure1_supp,249,17,0.8579,0.85787385207864,2.61479213600202e-05,,False
figure1_supp_lam0.5,figure1_supp,249,18,0.0563,0.0562598722756436,4.012772435640216e-05,,False
figure1_supp_lam0.5,figure1_supp,249,19,0.0,0.0,0.0,,False
figure1_supp_lam0.5,figure1_supp,249,20,0.0859,0.0858662756457167,3.372435428330989e-05,,False
figure1_supp_lam0.5,figure1_supp,249,21,0.212,0.212032070522084,3.207052208401007e-05,,False
figure1_supp_lam0.5,figure1_supp,250,15,0.0,0.0,0.0,,False
figure1_supp_lam0.5,figure1_supp,250,16,0.0,0.0,0.0,,False
figure1_supp_lam0.5,figure1_supp,250,17,0.8584,0.85835400798378,4.599201622002003e-05,,False
figure1_supp_lam0.5,figure1_supp,250,18,0.0561,0.0560698051395773,3.0194860422695646e-05,,False
figure1_supp_lam0.5,figure1_supp,250,19,0.0,0.0,0.0,,False
figure1_supp_lam0.5,figure1_supp,250,20,0.0856,0.0855761868766434,2.381312335660024e-05,,False
figure1_supp_lam0.5,figure1_supp,250,21,0.204,0.203968153052176,3.1846947823988e-05,,False
figure1_supp_lam0.5,figure1_supp,251,15,0.03,0.0300432795963084,4.3279596308402196e-05,,False
figure1_supp_lam0.5,figure1_supp,251,16,0.0763,0.0762846062654729,1.5393734527108238e-05,,False
figure1_supp_lam0.5,figure1_supp,251,17,0.8574,0.85743217724195,3.217724194992666e-05,,False
figure1_supp_lam0.5,figure1_supp,251,18,0.057,0.0570229206646095,2.29206646094951e-05,,False
figure1_supp_lam0.5,figure1_supp,251,19,0.0,0.0,0.0,,False
figure1_supp_lam0.5,figure1_supp,251,20,0.0855,0.0855449020934408,4.490209344079621e-05,,False
figure1_supp_lam0.5,figure1_supp,251,21,0.3208,0.320842686417627,4.268641762700254e-05,,False
figure1_supp_lam0.5,figure1_supp,252,15,0.1176,0.117594659036792,5.340963207992044e-06,,False
figure1_supp_lam0.5,figure1_supp,252,16,1.0,1.0,0.0,,False
figure1_supp_lam0.5,figure1_supp,252,17,0.853,0.852984259164893,1.5740835107025397e-05,,False
figure1_supp_lam0.5,figure1_supp,252,18,0.0575,0.0574599752371622,4.002476283779949e-05,,False
figure1_supp_lam0.5,figure1_supp,252,19,0.0,0.0,0.0,,False
figure1_supp_lam0.5,figure1_supp,252,20,0.0896,0.0895557655979447,4.423440205529594e-05,,False
figure1_supp_lam0.5,figure1_supp,252,21,0.3746,0.374630996797158,3.0996797158011624e-05,,False
figure1_supp_lam0.5,figure1_supp,253,15,0.0,0.0,0.0,,False
figure1_supp_lam0.5,figure1_supp,253,16,0.0,0.0,0.0,,False
figure1_supp_lam0.5,figure1_supp,253,17,0.8534,0.85344644917914,4.6449179139984587e-05,,False
figure1_supp_lam0.5,figure1_supp,253,18,0.0573,0.0572796048908551,2.0395109144893953e-05,,False
figure1_supp_lam0.5,figure1_supp,253,19,0.0,0.0,0.0,,False
figure1_supp_lam0.5,figure1_supp,253,20,0.0893,0.0892739459300056,2.6054069994410622e-05,,False
figure1_supp_lam0.5,figure1_supp,253,21,0.384,0.384035580493615,3.558049361501725e-05,,False
figure1_supp_lam0.5,figure1_supp,254,15,0.038,0.0380378496515344,3.784965153440234e-05,,False
figure1_supp_lam0.5,figure1_supp,254,16,0.4375,0.437453519540409,4.6480459590991785e-05,,False
figure1_supp_lam0.5,figure1_supp,254,17,0.8525,0.852476782616741,2.3217383259055424e-05,,False
figure1_supp_lam0.5,figure1_supp,254,18,0.0571,0.0570886728745522,1.132712544779646e-05,,False
figure1_supp_lam0.5,figure1_supp,254,19,0.0,0.0,0.0,,False
figure1_supp_lam0.5,figure1_supp,254,20,0.0904,0.0904345445087069,3.4544508706907395e-05,,False
figure1_supp_lam0.5,figure1_supp,254,21,0.3468,0.346840789598738,4.078959873798915e-05,,False
figure1_supp_lam0.5,figure1_supp,255,15,0.1573,0.157282625345112,1.7374654887991614e-05,,False
figure1_supp_lam0.5,figure1_supp,255,16,0.0,0.0,0.0,,False
figure1_supp_lam0.5,figure1_supp,255,17,0.8424,0.842362228004733,3.77719952669997e-05,,False
figure1_supp_lam0.5,figure1_supp,255,18,0.063,0.0630063244523423,6.3244523423044985e-06,,False
figure1_supp_lam0.5,figure1_supp,255,19,0.0,0.0,0.0,,False
figure1_supp_lam0.5,figure1_supp,255,20,0.0946,0.094631447542925,3.1447542925000516e-05,,False
figure1_supp_lam0.5,figure1_supp,255,21,0.3155,0.315543580857874,4.358085787398158e-05,,False
figure1_supp_lam0.5,figure1_supp,256,15,0.0,0.0,0.0,,False
figure1_supp_lam0.5,figure1_supp,256,16,0.0,0.0,0.0,,False
figure1_supp_lam0.5,figure1_supp,256,17,0.8429,0.842893917427474,6.082572525989427e-06,,False
figure1_supp_lam0.5,figure1_supp,256,18,0.0628,0.0627939807658503,6.019234149695629e-06,,False
figure1_supp_lam0.5,figure1_supp,256,19,0.0,0.0,0.0,,False
figure1_supp_lam0.5,figure1_supp,256,20,0.0943,0.094312101806676,1.2101806676004245e-05,,False
figure1_supp_lam0.5,figure1_supp,256,21,0.287,0.286953145559917,4.685444008295514e-05,,False
figure1_supp_lam0.5,figure1_supp,257,15,0.0,0.0,0.0,,False
figure1_supp_lam0.5,figure1_supp,257,16,0.0,0.0,0.0,,False
figure1_supp_lam0.5,figure1_supp,257,17,0.8434,0.843412419350156,1.241935015594553e-05,,False
figure1_supp_lam0.5,figure1_supp,257,18,0.0626,0.0625867399052369,1.3260094763101193e-05,,False
figure1_supp_lam0.5,figure1_supp,257,19,0.0,0.0,0.0,,False
figure1_supp_lam0.5,figure1_supp,257,20,0.094,0.0940008407446078,8.407446077940417e-07,,False
figure1_supp_lam0.5,figure1_supp,257,21,0.2783,0.278300874069165,8.740691649911092e-07,,False
figure1_supp_lam0.5,figure1_supp,258,15,0.0,0.0,0.0,,False
figure1_supp_lam0.5,figure1_supp,258,16,0.0,0.0,0.0,,False
figure1_supp_lam0.5,figure1_supp,258,17,0.8439,0.843927510075978,2.751007597801003e-05,,False
figure1_supp_lam0.5,figure1_supp,258,18,0.0624,0.0623808624713381,1.9137528661894443e-05,,False
figure1_supp_lam0.5,figure1_supp,258,19,0.0,0.0,0.0,,False
figure1_supp_lam0.5,figure1_supp,258,20,0.0937,0.0936916274526847,8.372547315310674e-06,,False
figure1_supp_lam0.5,figure1_supp,258,21,0.2856,0.285552283093335,4.7716906664996284e-05,,False
figure1_supp_lam0.5,figure1_supp,259,15,0.0,0.0,0.0,,False
figure1_supp_lam0.5,figure1_supp,259,16,0.0,0.0,0.0,,False
figure1_supp_lam0.5,figure1_supp,259,17,0.8444,0.844439223157695,3.922315769500084e-05,,False
figure1_supp_lam0.5,figure1_supp,259,18,0.0622,0.0621763350533993,2.3664946600700232e-05,,False
figure1_supp_lam0.5,figure1_supp,259,19,0.0,0.0,0.0,,False
figure1_supp_lam0.5,figure1_supp,259,20,0.0934,0.0933844417889055,1.555821109450184e-05,,False
figure1_supp_lam0.5,figure1_supp,259,21,0.2652,0.26518990456815,1.0095431849987957e-05,,False
figure1_supp_lam0.5,figure1_supp,260,15,0.0,0.0,0.0,,False
figure1_supp_lam0.5,figure1_supp,260,16,0.0,0.0,0.0,,False
figure1_supp_lam0.5,figure1_supp,260,17,0.8449,0.844947591709468,4.7591709467997845e-05,,False
figure1_supp_lam0.5,figure1_supp,260,18,0.062,0.0619731444159699,2.6855584030101298e-05,,False
figure1_supp_lam0.5,figure1_supp,260,19,0.0,0.0,0.0,,False
figure1_supp_lam0.5,figure1_supp,260,20,0.0931,0.0930792638745626,2.0736125437403885e-05,,False
figure1_supp_lam0.5,figure1_supp,260,21,0.2412,0.241239085958252,3.9085958251999786e-05,,False
figure1_supp_lam0.5,figure1_supp,261,15,0.0,0.0,0.0,,False
figure1_supp_lam0.5,figure1_supp,261,16,0.0,0.0,0.0,,False
figure1_supp_lam0.5,figure1_supp,261,17,0.8455,0.845452648413997,4.735158600299716e-05,,False
figure1_supp_lam0.5,figure1_supp,261,18,0.0618,0.0617712774960482,2.8722503951798817e-05,,False
figure1_supp_lam0.5,figure1_supp,261,19,0.0,0.0,0.0,,False
figure1_supp_lam0.5,figure1_supp,261,20,0.0928,0.0927760740899549,2.3925910045088927e-05,,False
figure1_supp_lam0.5,figure1_supp,261,21,0.2259,0.225943434395674,4.3434395674002424e-05,,False
figure1_supp_lam0.5,figure1_supp,262,15,0.0,0.0,0.0,,False
figure1_supp_lam0.5,figure1_supp,262,16,0.0,0.0,0.0,,False
figure1_supp_lam0.5,figure1_supp,262,17,0.846,0.845954425529536,4.5574470463938255e-05,,False
figure1_supp_lam0.5,figure1_supp,262,18,0.0616,0.0615707214002818,2.927859971819935e-05,,False
figure1_supp_lam0.5,figure1_supp,262,19,0.0,0.0,0.0,,False
figure1_supp_lam0.5,figure1_supp,262,20,0.0925,0.0924748530701823,2.5146929817698727e-05,,False
figure1_supp_lam0.5,figure1_supp,262,21,0.2106,0.210638813079663,3.8813079662997074e-05,,False
figure1_supp_lam0.5,figure1_supp,263,15,0.0,0.0,0.0,,False
figure1_supp_lam0.5,figure1_supp,263,16,0.0,0.0,0.0,,False
figure1_supp_lam0.5,figure1_supp,263,17,0.8465,0.846452954896754,4.704510324604616e-05,,False
figure1_supp_lam0.5,figure1_supp,263,18,0.0614,0.0613714634022226,2.853659777740658e-05,,False
figure1_supp_lam0.5,figure1_supp,263,19,0.0,0.0,0.0,,False
figure1_supp_lam0.5,figure1_supp,263,20,0.0922,0.0921755817010232,2.4418298976799924e-05,,False
figure1_supp_lam0.5,figure1_supp,263,21,0.2335,0.233524464124614,2.4464124613987615e-05,,False
figure1_supp_lam0.5,figure1_supp,264,15,0.0,0.0,0.0,,False
figure1_supp_lam0.5,figure1_supp,264,16,0.0,0.0,0.0,,False
figure1_supp_lam0.5,figure1_supp,264,17,0.8469,0.846948267945475,4.826794547496682e-05,,False
figure1_supp_lam0.5,figure1_supp,264,18,0.0612,0.0611734909396348,2.65090603651999e-05,,False
figure1_supp_lam0.5,figure1_supp,264,19,0.0,0.0,0.0,,False
figure1_supp_lam0.5,figure1_supp,264,20,0.0919,0.0918782411148908,2.1758885109190995e-05,,False
figure1_supp_lam0.5,figure1_supp,264,21,0.2432,0.243202710752607,2.710752606993605e-06,,False
figure1_supp_lam0.5,figure1_supp,265,15,0.0,0.0,0.0,,False
figure1_supp_lam0.5,figure1_supp,265,16,0.0,0.0,0.0,,False
figure1_supp_lam0.5,figure1_supp,265,17,0.8474,0.847440395701277,4.039570127700731e-05,,False
figure1_supp_lam0.5,figure1_supp,265,18,0.061,0.0609767916118546,2.3208388145401493e-05,,False
figure1_supp_lam0.5,figure1_supp,265,19,0.0,0.0,0.0,,False
figure1_supp_lam0.5,figure1_supp,265,20,0.0916,0.0915828126868687,1.7187313131300508e-05,,False
figure1_supp_lam0.5,figure1_supp,265,21,0.2307,0.230663643747962,3.635625203798898e-05,,False
figure1_supp_lam0.5,figure1_supp,266,15,0.0,0.0,0.0,,False
figure1_supp_lam0.5,figure1_supp,266,16,0.0,0.0,0.0,,False
figure1_supp_lam0.5,figure1_supp,266,17,0.8479,0.847929368791978,2.9368791978012787e-05,,False
figure1_supp_lam0.5,figure1_supp,266,18,0.0608,0.0607813531772012,1.864682279879848e-05,,False
figure1_supp_lam0.5,figure1_supp,266,19,0.0,0.0,0.0,,False
figure1_supp_lam0.5,figure1_supp,266,20,0.0913,0.0912892780308211,1.0721969178908997e-05,,False
figure1_supp_lam0.5,figure1_supp,266,21,0.2043,0.204347655466246,4.7655466245993816e-05,,False
figure1_supp_lam0.5,figure1_supp,267,15,0.0494,0.0493915829748363,8.41702516370113e-06,,False
figure1_supp_lam0.5,figure1_supp,267,16,0.5341,0.534090985687018,9.01431298205857e-06,,False
figure1_supp_lam0.5,figure1_supp,267,17,0.8467,0.846708856477348,8.856477347940483e-06,,False
figure1_supp_lam0.5,figure1_supp,267,18,0.0606,0.060587163550437,1.2836449563000119e-05,,False
figure1_supp_lam0.5,figure1_supp,267,19,0.0,0.0,0.0,,False
figure1_supp_lam0.5,figure1_supp,267,20,0.0927,0.0927039799722146,3.979972214601668e-06,,False
figure1_supp_lam0.5,figure1_supp,267,21,0.2436,0.243638217765688,3.821776568799229e-05,,False
figure1_supp_lam0.5,figure1_supp,268,15,0.0,0.0,0.0,,False
figure1_supp_lam0.5,figure1_supp,268,16,0.0,0.0,0.0,,False
figure1_supp_lam0.5,figure1_supp,268,17,0.8467,0.846681891257723,1.8108742277034295e-05,,False
figure1_supp_lam0.5,figure1_supp,268,18,0.0606,0.0605828946632282,1.7105336771801316e-05,,False
figure1_supp_lam0.5,figure1_supp,268,19,0.0,0.0,0.0,,False
figure1_supp_lam0.5,figure1_supp,268,20,0.0927,0.0927352140790485,3.5214079048495606e-05,,False
figure1_supp_lam0.5,figure1_supp,268,21,0.212,0.212049139054228,4.913905422801457e-05,,False
figure1_supp_lam0.5,figure1_supp,269,15,0.0,0.0,0.0,,False
figure1_supp_lam0.5,figure1_supp,269,16,0.0,0.0,0.0,,False
figure1_supp_lam0.5,figure1_supp,269,17,0.8472,0.847168615412461,3.138458753892959e-05,,False
figure1_supp_lam0.5,figure1_supp,269,18,0.0604,0.0603905680135037,9.4319864963055e-06,,False
figure1_supp_lam0.5,figure1_supp,269,19,0.0,0.0,0.0,,False
figure1_supp_lam0.5,figure1_supp,269,20,0.0924,0.0924408165740356,4.081657403560979e-05,,False
figure1_supp_lam0.5,figure1_supp,269,21,0.1975,0.19751292830175,1.2928301749981497e-05,,False
figure1_supp_lam0.5,figure1_supp,270,15,0.0,0.0,0.0,,False
figure1_supp_lam0.5,figure1_supp,270,16,0.0,0.0,0.0,,False
figure1_supp_lam0.5,figure1_supp,270,17,0.8477,0.847652259034573,4.774096542703443e-05,,False
figure1_supp_lam0.5,figure1_supp,270,18,0.0602,0.0601994586210559,5.413789440980588e-07,,False
figure1_supp_lam0.5,figure1_supp,270,19,0.0,0.0,0.0,,False
figure1_supp_lam0.5,figure1_supp,270,20,0.0921,0.0921482823443709,4.828234437090351e-05,,False
figure1_supp_lam0.5,figure1_supp,270,21,0.1928,0.192818753509927,1.8753509926999756e-05,,False
figure1_supp_lam0.5,figure1_supp,271,15,0.0,0.0,0.0,,False
figure1_supp_lam0.5,figure1_supp,271,16,0.0,0.0,0.0,,False
figure1_supp_lam0.5,figure1_supp,271,17,0.8481,0.848132851277366,3.285127736607496e-05,,False
figure1_supp_lam0.5,figure1_supp,271,18,0.06,0.0600095549660999,9.554966099903361e-06,,False
figure1_supp_lam0.5,figure1_supp,271,19,0.0,0.0,0.0,,False
figure1_supp_lam0.5,figure1_supp,271,20,0.0919,0.0918575937565338,4.2406243466200366e-05,,False
figure1_supp_lam0.5,figure1_supp,271,21,0.1926,0.192572777883711,2.722211628899962e-05,,False
figure1_supp_lam0.5,figure1_supp,272,15,0.05,0.0500460776202458,4.60776202457977e-05,,False
figure1_supp_lam0.5,figure1_supp,272,16,0.0,0.0,0.0,,False
figure1_supp_lam0.5,figure1_supp,272,17,0.8469,0.846909383319679,9.38331967903494e-06,,False
figure1_supp_lam0.5,figure1_supp,272,18,0.0615,0.0615218832815123,2.18832815122999e-05,,False
figure1_supp_lam0.5,figure1_supp,272,19,0.0,0.0,0.0,,False
figure1_supp_lam0.5,figure1_supp,272,20,0.0916,0.0915687333988088,3.1266601191196064e-05,,False
figure1_supp_lam0.5,figure1_supp,272,21,0.2411,0.241075893435863,2.4106564137010844e-05,,False
figure1_supp_lam0.5,figure1_supp,273,15,0.148,0.147979214443387,2.0785556613001077e-05,,False
figure1_supp_lam0.5,figure1_supp,273,16,1.0,1.0,0.0,,False
figure1_supp_lam0.5,figure1_supp,273,17,0.8476,0.847551646779111,4.835322088903027e-05,,False
figure1_supp_lam0.5,figure1_supp,273,18,0.06,0.0600366271411703,3.6627141170302024e-05,,False
figure1_supp_lam0.5,figure1_supp,273,19,0.0,0.0,0.0,,False
figure1_supp_lam0.5,figure1_supp,273,20,0.0924,0.0924117260797187,1.1726079718707427e-05,,False
figure1_supp_lam0.5,figure1_supp,273,21,0.2514,0.251354550844363,4.5449155637034e-05,,False
figure1_supp_lam0.5,figure1_supp,274,15,0.0,0.0,0.0,,False
figure1_supp_lam0.5,figure1_supp,274,16,0.0,0.0,0.0,,False
figure1_supp_lam0.5,figure1_supp,274,17,0.848,0.848032947384078,3.294738407799702e-05,,False
figure1_supp_lam0.5,figure1_supp,274,18,0.0598,0.059847092204603,4.709220460299979e-05,,False
figure1_supp_lam0.5,figure1_supp,274,19,0.0,0.0,0.0,,False
figure1_supp_lam0.5,figure1_supp,274,20,0.0921,0.092119960411319,1.9960411318992177e-05,,False
figure1_supp_lam0.5,figure1_supp,274,21,0.2668,0.266760610426951,3.938957304899793e-05,,False
figure1_supp_lam0.5,figure1_supp,275,15,0.0391,0.0391370228286197,3.70228286196983e-05,,False
figure1_supp_lam0.5,figure1_supp,275,16,0.4982,0.498201513199775,1.5131997750383874e-06,,False
figure1_supp_lam0.5,figure1_supp,275,17,0.847,0.846954335357337,4.5664642662979205e-05,,False
figure1_supp_lam0.5,figure1_supp,275,18,0.0597,0.0596606526650248,3.934733497520243e-05,,False
figure1_supp_lam0.5,figure1_supp,275,19,0.0,0.0,0.0,,False
figure1_supp_lam0.5,figure1_supp,275,20,0.0934,0.0933850119776382,1.4988022361800413e-05,,False
figure1_supp_lam0.5,figure1_supp,275,21,0.241,0.240962633827955,3.7366172045000257e-05,,False
figure1_supp_lam0.5,figure1_supp,276,15,0.0,0.0,0.0,,False
figure1_supp_lam0.5,figure1_supp,276,16,0.0,0.0,0.0,,False
figure1_supp_lam0.5,figure1_supp,276,17,0.8473,0.84734955893692,4.9558936919935626e-05,,False
figure1_supp_lam0.5,figure1_supp,276,18,0.0595,0.0595055343269185,5.534326918500698e-06,,False
figure1_supp_lam0.5,figure1_supp,276,19,0.0,0.0,0.0,,False
figure1_supp_lam0.5,figure1_supp,276,20,0.0931,0.0931449067361614,4.490673616139307e-05,,False
figure1_supp_lam0.5,figure1_supp,276,21,0.2388,0.238775324220758,2.4675779242006035e-05,,False
figure1_supp_lam0.5,figure1_supp,277,15,0.0,0.0,0.0,,False
figure1_supp_lam0.5,figure1_supp,277,16,0.0,0.0,0.0,,False
figure1_supp_lam0.5,figure1_supp,277,17,0.8478,0.847822160921636,2.2160921635983044e-05,,False
figure1_supp_lam0.5,figure1_supp,277,18,0.0593,0.0593213066664637,2.1306666463702384e-05,,False
figure1_supp_lam0.5,figure1_supp,277,19,0.0,0.0,0.0,,False
figure1_supp_lam0.5,figure1_supp,277,20,0.0929,0.0928565324119008,4.3467588099199705e-05,,False
figure1_supp_lam0.5,figure1_supp,277,21,0.2525,0.252522675370073,2.26753700729998e-05,,False
figure1_supp_lam0.5,figure1_supp,278,15,0.0,0.0,0.0,,False
figure1_supp_lam0.5,figure1_supp,278,16,0.0,0.0,0.0,,False
figure1_supp_lam0.5,figure1_supp,278,17,0.8483,0.848291845610149,8.154389851022792e-06,,False
figure1_supp_lam0.5,figure1_supp,278,18,0.0591,0.0591382162137894,3.8216213789403486e-05,,False
figure1_supp_lam0.5,figure1_supp,278,19,0.0,0.0,0.0,,False
figure1_supp_lam0.5,figure1_supp,278,20,0.0926,0.0925699381760616,3.006182393840151e-05,,False
figure1_supp_lam0.5,figure1_supp,278,21,0.2412,0.24116691160753,3.3088392469987626e-05,,False
figure1_supp_lam0.5,figure1_supp,279,15,0.0,0.0,0.0,,False
figure1_supp_lam0.5,figure1_supp,279,16,0.0,0.0,0.0,,False
figure1_supp_lam0.5,figure1_supp,279,17,0.8488,0.848758639931349,4.136006865096409e-05,,False
figure1_supp_lam0.5,figure1_supp,279,18,0.059,0.0589562524715931,4.374752840689833e-05,,False
figure1_supp_lam0.5,figure1_supp,279,19,0.0,0.0,0.0,,False
figure1_supp_lam0.5,figure1_supp,279,20,0.0923,0.0922851075970584,1.4892402941599214e-05,,False
figure1_supp_lam0.5,figure1_supp,279,21,0.2537,0.253720691026512,2.0691026512031918e-05,,False
figure1_supp_lam0.5,figure1_supp,280,15,0.0,0.0,0.0,,False
figure1_supp_lam0.5,figure1_supp,280,16,0.0,0.0,0.0,,False
figure1_supp_lam0.5,figure1_supp,280,17,0.8492,0.849222570483707,2.257048370701842e-05,,False
figure1_supp_lam0.5,figure1_supp,280,18,0.0588,0.0587754050713735,2.4594928626497925e-05,,False
figure1_supp_lam0.5,figure1_supp,280,19,0.0,0.0,0.0,,False
figure1_supp_lam0.5,figure1_supp,280,20,0.092,0.0920020244449201,2.024444920104007e-06,,False
figure1_supp_lam0.5,figure1_supp,280,21,0.2752,0.275241107857469,4.11078574690249e-05,,False
figure1_supp_lam0.5,figure1_supp,281,15,0.0,0.0,0.0,,False
figure1_supp_lam0.5,figure1_supp,281,16,0.0,0.0,0.0,,False
figure1_supp_lam0.5,figure1_supp,281,17,0.8497,0.849683663540331,1.6336459669030745e-05,,False
figure1_supp_lam0.5,figure1_supp,281,18,0.0586,0.0585956637714611,4.336228538896758e-06,,False
figure1_supp_lam0.5,figure1_supp,281,19,0.0,0.0,0.0,,False
figure1_supp_lam0.5,figure1_supp,281,20,0.0917,0.0917206726882078,2.0672688207795664e-05,,False
figure1_supp_lam0.5,figure1_supp,281,21,0.2789,0.278851594627084,4.8405372916004996e-05,,False
figure1_supp_lam0.5,figure1_supp,282,15,0.0,0.0,0.0,,False
figure1_supp_lam0.5,figure1_supp,282,16,0.0,0.0,0.0,,False
figure1_supp_lam0.5,figure1_supp,282,17,0.8501,0.850141945053928,4.194505392807191e-05,,False
figure1_supp_lam0.5,figure1_supp,282,18,0.0584,0.0584170184550846,1.7018455084602535e-05,,False
figure1_supp_lam0.5,figure1_supp,282,19,0.0,0.0,0.0,,False
figure1_supp_lam0.5,figure1_supp,282,20,0.0914,0.0914410364909877,4.103649098770312e-05,,False
figure1_supp_lam0.5,figure1_supp,282,21,0.2841,0.28405735489767,4.264510233004115e-05,,False
figure1_supp_lam0.5,figure1_supp,283,15,0.0463,0.0462713915832121,2.8608416787902213e-05,,False
figure1_supp_lam0.5,figure1_supp,283,16,0.4992,0.49920663005841,6.630058410006523e-06,,False
figure1_supp_lam0.5,figure1_supp,283,17,0.8491,0.84908009528155,1.9904718449925696e-05,,False
figure1_supp_lam0.5,figure1_supp,283,18,0.0582,0.0582394591284734,3.945912847339722e-05,,False
figure1_supp_lam0.5,figure1_supp,283,19,0.0,0.0,0.0,,False
figure1_supp_lam0.5,figure1_supp,283,20,0.0927,0.0926804455899768,1.9554410023200908e-05,,False
figure1_supp_lam0.5,figure1_supp,283,21,0.2915,0.291542184020691,4.218402069100513e-05,,False
figure1_supp_lam0.5,figure1_supp,284,15,0.0,0.0,0.0,,False
figure1_supp_lam0.5,figure1_supp,284,16,0.0,0.0,0.0,,False
figure1_supp_lam0.5,figure1_supp,284,17,0.8498,0.849773232749942,2.6767250058012948e-05,,False
figure1_supp_lam0.5,figure1_supp,284,18,0.058,0.0579774826274921,2.251737250790614e-05,,False
figure1_supp_lam0.5,figure1_supp,284,19,0.0,0.0,0.0,,False
figure1_supp_lam0.5,figure1_supp,284,20,0.0922,0.0922492846225653,4.928462256530153e-05,,False
figure1_supp_lam0.5,figure1_supp,284,21,0.2968,0.296793953244575,6.04675542498212e-06,,False
figure1_supp_lam0.5,figure1_supp,285,15,0.0,0.0,0.0,,False
figure1_supp_lam0.5,figure1_supp,285,16,0.0,0.0,0.0,,False
figure1_supp_lam0.5,figure1_supp,285,17,0.8502,0.850227090052813,2.7090052813094623e-05,,False
figure1_supp_lam0.5,figure1_supp,285,18,0.0578,0.0578023240697051,2.3240697051007952e-06,,False
figure1_supp_lam0.5,figure1_supp,285,19,0.0,0.0,0.0,,False
figure1_supp_lam0.5,figure1_supp,285,20,0.092,0.091970585877482,2.941412251800113e-05,,False
figure1_supp_lam0.5,figure1_supp,285,21,0.2895,0.28954823089016,4.823089016003923e-05,,False
figure1_supp_lam0.5,figure1_supp,286,15,0.0462,0.0461731014912397,2.6898508760295203e-05,,False
figure1_supp_lam0.5,figure1_supp,286,16,0.0,0.0,0.0,,False
figure1_supp_lam0.5,figure1_supp,286,17,0.8492,0.849183372945282,1.662705471794368e-05,,False
figure1_supp_lam0.5,figure1_supp,286,18,0.0591,0.0591230610142167,2.3061014216702036e-05,,False
figure1_supp_lam0.5,figure1_supp,286,19,0.0,0.0,0.0,,False
figure1_supp_lam0.5,figure1_supp,286,20,0.0917,0.0916935660405017,6.43395949830039e-06,,False
figure1_supp_lam0.5,figure1_supp,286,21,0.2774,0.277369786489566,3.0213510433974022e-05,,False
figure1_supp_lam0.5,figure1_supp,287,15,0.0894,0.0893712158856347,2.878411436529893e-05,,False
figure1_supp_lam0.5,figure1_supp,287,16,1.0,1.0,0.0,,False
figure1_supp_lam0.5,figure1_supp,287,17,0.8571,0.857080785801634,1.9214198365924418e-05,,False
figure1_supp_lam0.5,figure1_supp,287,18,0.0549,0.0549168274681529,1.682746815290237e-05,,False
figure1_supp_lam0.5,figure1_supp,287,19,0.0,0.0,0.0,,False
figure1_supp_lam0.5,figure1_supp,287,20,0.088,0.0880023867302126,2.3867302126057144e-06,,False
figure1_supp_lam0.5,figure1_supp,287,21,0.2838,0.283768969391023,3.103060897702292e-05,,False
figure1_supp_lam0.5,figure1_supp,288,15,0.0,0.0,0.0,,False
figure1_supp_lam0.5,figure1_supp,288,16,0.0,0.0,0.0,,False
figure1_supp_lam0.5,figure1_supp,288,17,0.8576,0.857584026782239,1.5973217761033887e-05,,False
figure1_supp_lam0.5,figure1_supp,288,18,0.0547,0.0547233541490073,2.335414900730276e-05,,False
figure1_supp_lam0.5,figure1_supp,288,19,0.0,0.0,0.0,,False
figure1_supp_lam0.5,figure1_supp,288,20,0.0877,0.0876926190687538,7.380931246206424e-06,,False
figure1_supp_lam0.5,figure1_supp,288,21,0.2761,0.276093080905395,6.9190946049846325e-06,,False
figure1_supp_lam0.5,figure1_supp,289,15,0.0,0.0,0.0,,False
figure1_supp_lam0.5,figure1_supp,289,16,0.0,0.0,0.0,,False
figure1_supp_lam0.5,figure1_supp,289,17,0.858,0.858009149090352,9.149090351989742e-06,,False
figure1_supp_lam0.5,figure1_supp,289,18,0.0546,0.0545600008530401,3.999914695990148e-05,,False
figure1_supp_lam0.5,figure1_supp,289,19,0.0,0.0,0.0,,False
figure1_supp_lam0.5,figure1_supp,289,20,0.0874,0.0874308500566083,3.0850056608300314e-05,,False
figure1_supp_lam0.5,figure1_supp,289,21,0.2771,0.27714395516323,4.395516322996951e-05,,False
figure1_supp_lam0.5,figure1_supp,290,15,0.0,0.0,0.0,,False
figure1_supp_lam0.5,figure1_supp,290,16,0.0,0.0,0.0,,False
figure1_supp_lam0.5,figure1_supp,290,17,0.8584,0.858431740908535,3.17409085349718e-05,,False
figure1_supp_lam0.5,figure1_supp,290,18,0.0544,0.0543976198981203,2.3801018796953954e-06,,False
figure1_supp_lam0.5,figure1_supp,290,19,0.0,0.0,0.0,,False
figure1_supp_lam0.5,figure1_supp,290,20,0.0872,0.0871706391933446,2.9360806655401306e-05,,False
figure1_supp_lam0.5,figure1_supp,290,21,0.2749,0.274896056889066,3.943110933990468e-06,,False
figure1_supp_lam0.5,figure1_supp,291,15,0.0,0.0,0.0,,False
figure1_supp_lam0.5,figure1_supp,291,16,0.0,0.0,0.0,,False
figure1_supp_lam0.5,figure1_supp,291,17,0.8589,0.858851824763406,4.817523659395029e-05,,False
figure1_supp_lam0.5,figure1_supp,291,18,0.0542,0.054236202628393,3.6202628393003367e-05,,False
figure1_supp_lam0.5,figure1_supp,291,19,0.0,0.0,0.0,,False
figure1_supp_lam0.5,figure1_supp,291,20,0.0869,0.0869119726082011,1.1972608201099577e-05,,False
figure1_supp_lam0.5,figure1_supp,291,21,0.2604,0.260447354848958,4.735484895795894e-05,,False
figure1_supp_lam0.5,figure1_supp,292,15,0.0,0.0,0.0,,False
figure1_supp_lam0.5,figure1_supp,292,16,0.0,0.0,0.0,,False
figure1_supp_lam0.5,figure1_supp,292,17,0.8593,0.859269422914994,3.057708500597833e-05,,False
figure1_supp_lam0.5,figure1_supp,292,18,0.0541,0.0540757404904392,2.4259509560801973e-05,,False
figure1_supp_lam0.5,figure1_supp,292,19,0.0,0.0,0.0,,False
figure1_supp_lam0.5,figure1_supp,292,20,0.0867,0.0866548365945674,4.5163405432605e-05,,False
figure1_supp_lam0.5,figure1_supp,292,21,0.2466,0.246615963521873,1.596352187299699e-05,,False
figure1_supp_lam0.5,figure1_supp,293,15,0.0,0.0,0.0,,False
figure1_supp_lam0.5,figure1_supp,293,16,0.0,0.0,0.0,,False
figure1_supp_lam0.5,figure1_supp,293,17,0.8597,0.859684557360672,1.544263932806711e-05,,False
figure1_supp_lam0.5,figure1_supp,293,18,0.0539,0.0539162250317653,1.622503176529344e-05,,False
figure1_supp_lam0.5,figure1_supp,293,19,0.0,0.0,0.0,,False
figure1_supp_lam0.5,figure1_supp,293,20,0.0864,0.0863992176075628,7.823924371985758e-07,,False
figure1_supp_lam0.5,figure1_supp,293,21,0.2399,0.239872498898896,2.7501101103999392e-05,,False
figure1_supp_lam0.5,figure1_supp,294,15,0.0,0.0,0.0,,False
figure1_supp_lam0.5,figure1_supp,294,16,0.0,0.0,0.0,,False
figure1_supp_lam0.5,figure1_supp,294,17,0.8601,0.860097249839023,2.7501609769498003e-06,,False
figure1_supp_lam0.5,figure1_supp,294,18,0.0538,0.0537576478993189,4.235210068109785e-05,,False
figure1_supp_lam0.5,figure1_supp,294,19,0.0,0.0,0.0,,False
figure1_supp_lam0.5,figure1_supp,294,20,0.0861,0.0861451022616582,4.5102261658200304e-05,,False
figure1_supp_lam0.5,figure1_supp,294,21,0.2309,0.230897720274723,2.279725276999045e-06,,False
figure1_supp_lam0.5,figure1_supp,295,15,0.0,0.0,0.0,,False
figure1_supp_lam0.5,figure1_supp,295,16,0.0,0.0,0.0,,False
figure1_supp_lam0.5,figure1_supp,295,17,0.8605,0.86050752183363,7.5218336299531785e-06,,False
figure1_supp_lam0.5,figure1_supp,295,18,0.0536,0.0536000008380306,8.380305963062717e-10,,False
figure1_supp_lam0.5,figure1_supp,295,19,0.0,0.0,0.0,,False
figure1_supp_lam0.5,figure1_supp,295,20,0.0859,0.0858924773283395,7.5226716605009125e-06,,False
figure1_supp_lam0.5,figure1_supp,295,21,0.2099,0.209900499790131,4.997901310033193e-07,,False
figure1_supp_lam0.5,figure1_supp,296,15,0.0,0.0,0.0,,False
figure1_supp_lam0.5,figure1_supp,296,16,0.0,0.0,0.0,,False
figure1_supp_lam0.5,figure1_supp,296,17,0.8609,0.860915394576806,1.5394576805993765e-05,,False
figure1_supp_lam0.5,figure1_supp,296,18,0.0534,0.0534432756893814,4.327568938139459e-05,,False
figure1_supp_lam0.5,figure1_supp,296,19,0.0,0.0,0.0,,False
figure1_supp_lam0.5,figure1_supp,296,20,0.0856,0.0856413297338122,4.132973381219818e-05,,False
figure1_supp_lam0.5,figure1_supp,296,21,0.2139,0.213919982878147,1.9982878147001282e-05,,False
figure1_supp_lam0.5,figure1_supp,297,15,0.0,0.0,0.0,,False
figure1_supp_lam0.5,figure1_supp,297,16,0.0,0.0,0.0,,False
figure1_supp_lam0.5,figure1_supp,297,17,0.8613,0.861320889053259,2.088905325903223e-05,,False
figure1_supp_lam0.5,figure1_supp,297,18,0.0533,0.0532874643899954,1.2535610004603404e-05,,False
figure1_supp_lam0.5,figure1_supp,297,19,0.0,0.0,0.0,,False
figure1_supp_lam0.5,figure1_supp,297,20,0.0854,0.0853916465567457,8.353443254296988e-06,,False
figure1_supp_lam0.5,figure1_supp,297,21,0.1956,0.195556079574626,4.392042537398888e-05,,False
figure1_supp_lam0.5,figure1_supp,298,15,0.0,0.0,0.0,,False
figure1_supp_lam0.5,figure1_supp,298,16,0.0,0.0,0.0,,False
figure1_supp_lam0.5,figure1_supp,298,17,0.8617,0.861724026003685,2.402600368500707e-05,,False
figure1_supp_lam0.5,figure1_supp,298,18,0.0531,0.0531325589702571,3.255897025709886e-05,,False
figure1_supp_lam0.5,figure1_supp,298,19,0.0,0.0,0.0,,False
figure1_supp_lam0.5,figure1_supp,298,20,0.0851,0.0851434150260575,4.3415026057508355e-05,,False
figure1_supp_lam0.5,figure1_supp,298,21,0.151,0.150982719218595,1.7280781405004664e-05,,False
figure1_supp_lam0.5,figure1_supp,299,15,0.0,0.0,0.0,,False
figure1_supp_lam0.5,figure1_supp,299,16,0.0,0.0,0.0,,False
figure1_supp_lam0.5,figure1_supp,299,17,0.8621,0.862124825928313,2.4825928312988133e-05,,False
figure1_supp_lam0.5,figure1_supp,299,18,0.053,0.052978551552952,2.1448447047996144e-05,,False
figure1_supp_lam0.5,figure1_supp,299,19,0.0,0.0,0.0,,False
figure1_supp_lam0.5,figure1_supp,299,20,0.0849,0.0848966225187356,3.3774812644021823e-06,,False
figure1_supp_lam0.5,figure1_supp,299,21,0.0249,0.0249282639138206,2.8263913820603115e-05,,False
figure1_supp_lam0.5,figure1_supp,300,15,0.0,0.0,0.0,,False
figure1_supp_lam0.5,figure1_supp,300,16,0.0,0.0,0.0,,False
figure1_supp_lam0.5,figure1_supp,300,17,0.8625,0.86252330909037,2.330909036996065e-05,,False
figure1_supp_lam0.5,figure1_supp,300,18,0.0528,0.0528254343519319,2.543435193189808e-05,,False
figure1_supp_lam0.5,figure1_supp,300,19,0.0,0.0,0.0,,False
figure1_supp_lam0.5,figure1_supp,300,20,0.0847,0.0846512565576988,4.8743442301199535e-05,,False
figure1_supp_lam0.5,figure1_supp,300,21,0.0164,0.0163900412005377,9.958799462302798e-06,,False
figure1_supp_lam0.5,figure1_supp,301,15,0.0,0.0,0.0,,False
figure1_supp_lam0.5,figure1_supp,301,16,0.0,0.0,0.0,,False
figure1_supp_lam0.5,figure1_supp,301,17,0.8629,0.862919495519504,1.9495519503975878e-05,,False
figure1_supp_lam0.5,figure1_supp,301,18,0.0527,0.0526731996708024,2.680032919760017e-05,,False
figure1_supp_lam0.5,figure1_supp,301,19,0.0,0.0,0.0,,False
figure1_supp_lam0.5,figure1_supp,301,20,0.0844,0.0844073048096939,7.304809693894909e-06,,False
figure1_supp_lam0.5,figure1_supp,301,21,0.022,0.0219537437500366,4.6256249963398666e-05,,False
figure1_supp_lam0.5,figure1_supp,302,15,0.0,0.0,0.0,,False
figure1_supp_lam0.5,figure1_supp,302,16,0.0,0.0,0.0,,False
figure1_supp_lam0.5,figure1_supp,302,17,0.8633,0.863313405015137,1.3405015137024634e-05,,False
figure1_supp_lam0.5,figure1_supp,302,18,0.0525,0.0525218399016334,2.1839901633402548e-05,,False
figure1_supp_lam0.5,figure1_supp,302,19,0.0,0.0,0.0,,False
figure1_supp_lam0.5,figure1_supp,302,20,0.0842,0.0841647550832293,3.524491677069086e-05,,False
figure1_supp_lam0.5,figure1_supp,302,21,0.0301,0.0301000641324792,6.413247920222798e-08,,False
figure1_supp_lam0.5,figure1_supp,303,15,0.0,0.0,0.0,,False
figure1_supp_lam0.5,figure1_supp,303,16,0.0,0.0,0.0,,False
figure1_supp_lam0.5,figure1_supp,303,17,0.8637,0.863705057149764,5.057149763953994e-06,,False
figure1_supp_lam0.5,figure1_supp,303,18,0.0524,0.0523713475236918,2.865247630820522e-05,,False
figure1_supp_lam0.5,figure1_supp,303,19,0.0,0.0,0.0,,False
figure1_supp_lam0.5,figure1_supp,303,20,0.0839,0.0839235953265438,2.359532654379326e-05,,False
figure1_supp_lam0.5,figure1_supp,303,21,0.0373,0.0372544958741133,4.5504125886698665e-05,,False
figure1_supp_lam0.5,figure1_supp,304,15,0.0,0.0,0.0,,False
figure1_supp_lam0.5,figure1_supp,304,16,0.0,0.0,0.0,,False
figure1_supp_lam0.5,figure1_supp,304,17,0.8641,0.864094471272194,5.528727806014544e-06,,False
figure1_supp_lam0.5,figure1_supp,304,18,0.0522,0.0522217151021955,2.1715102195493663e-05,,False
figure1_supp_lam0.5,figure1_supp,304,19,0.0,0.0,0.0,,False
figure1_supp_lam0.5,figure1_supp,304,20,0.0837,0.0836838136256108,1.6186374389201563e-05,,False
figure1_supp_lam0.5,figure1_supp,304,21,0.0329,0.0328808187856153,1.9181214384697554e-05,,False
figure1_supp_lam0.5,figure1_supp,305,15,0.0,0.0,0.0,,False
figure1_supp_lam0.5,figure1_supp,305,16,0.0,0.0,0.0,,False
figure1_supp_lam0.5,figure1_supp,305,17,0.8645,0.864481666510735,1.8333489265054403e-05,,False
figure1_supp_lam0.5,figure1_supp,305,18,0.0521,0.0520729352870896,2.7064712910397637e-05,,False
figure1_supp_lam0.5,figure1_supp,305,19,0.0,0.0,0.0,,False
figure1_supp_lam0.5,figure1_supp,305,20,0.0834,0.083445398202176,4.539820217600021e-05,,False
figure1_supp_lam0.5,figure1_supp,305,21,0.0345,0.0345225821884922,2.2582188492194233e-05,,False
figure1_supp_lam0.5,figure1_supp,306,15,0.0,0.0,0.0,,False
figure1_supp_lam0.5,figure1_supp,306,16,0.0,0.0,0.0,,False
figure1_supp_lam0.5,figure1_supp,306,17,0.8649,0.864866661776329,3.333822367102002e-05,,False
figure1_supp_lam0.5,figure1_supp,306,18,0.0519,0.0519250008118421,2.5000811842097737e-05,,False
figure1_supp_lam0.5,figure1_supp,306,19,0.0,0.0,0.0,,False
figure1_supp_lam0.5,figure1_supp,306,20,0.0832,0.0832083374118289,8.337411828901464e-06,,False
figure1_supp_lam0.5,figure1_supp,306,21,0.0414,0.0414004774413229,4.774413229005625e-07,,False
figure1_supp_lam0.5,figure1_supp,307,15,0.0344,0.034412881485994,1.2881485994001296e-05,,False
figure1_supp_lam0.5,figure1_supp,307,16,0.0591,0.0591261842939037,2.618429390369853e-05,,False
figure1_supp_lam0.5,figure1_supp,307,17,0.8642,0.864202551103055,2.5511030550262603e-06,,False
figure1_supp_lam0.5,figure1_supp,307,18,0.0527,0.0526573328820509,4.266711794909811e-05,,False
figure1_supp_lam0.5,figure1_supp,307,19,0.0,0.0,0.0,,False
figure1_supp_lam0.5,figure1_supp,307,20,0.0831,0.0831401160148943,4.011601489430083e-05,,False
figure1_supp_lam0.5,figure1_supp,307,21,0.1837,0.183666327528024,3.367247197599843e-05,,False
figure1_supp_lam0.5,figure1_supp,308,15,0.1759,0.175919248584485,1.9248584484987674e-05,,False
figure1_supp_lam0.5,figure1_supp,308,16,0.0,0.0,0.0,,False
figure1_supp_lam0.5,figure1_supp,308,17,0.8694,0.86944636021128,4.636021128001655e-05,,False
figure1_supp_lam0.5,figure1_supp,308,18,0.0522,0.0522396877281727,3.968772817269928e-05,,False
figure1_supp_lam0.5,figure1_supp,308,19,0.0,0.0,0.0,,False
figure1_supp_lam0.5,figure1_supp,308,20,0.0783,0.0783139520605475,1.3952060547509082e-05,,False
figure1_supp_lam0.5,figure1_supp,308,21,0.2373,0.237323617493064,2.3617493063982087e-05,,False
figure1_supp_lam0.5,figure1_supp,309,15,0.0,0.0,0.0,,False
figure1_supp_lam0.5,figure1_supp,309,16,0.0,0.0,0.0,,False
figure1_supp_lam0.5,figure1_supp,309,17,0.8698,0.869801516583987,1.5165839869490938e-06,,False
figure1_supp_lam0.5,figure1_supp,309,18,0.0521,0.052097728279436,2.271720564002433e-06,,False
figure1_supp_lam0.5,figure1_supp,309,19,0.0,0.0,0.0,,False
figure1_supp_lam0.5,figure1_supp,309,20,0.0781,0.078100755136577,7.551365769908891e-07,,False
figure1_supp_lam0.5,figure1_supp,309,21,0.2532,0.253237709178644,3.7709178644040886e-05,,False
figure1_supp_lam0.5,figure1_supp,310,15,0.0266,0.0266419714840292,4.197148402920042e-05,,False
figure1_supp_lam0.5,figure1_supp,310,16,0.2748,0.274771764199736,2.8235800264009292e-05,,False
figure1_supp_lam0.5,figure1_supp,310,17,0.8694,0.869395411862684,4.588137315963969e-06,,False
figure1_supp_lam0.5,figure1_supp,310,18,0.052,0.0519513863460668,4.861365393319522e-05,,False
figure1_supp_lam0.5,figure1_supp,310,19,0.0,0.0,0.0,,False
figure1_supp_lam0.5,figure1_supp,310,20,0.0787,0.0786532017912488,4.6798208751211434e-05,,False
figure1_supp_lam0.5,figure1_supp,310,21,0.2518,0.251798293933573,1.7060664270207582e-06,,False
figure1_supp_lam0.5,figure1_supp,311,15,0.1803,0.180285515413549,1.4484586450980164e-05,,False
figure1_supp_lam0.5,figure1_supp,311,16,1.0,1.0,0.0,,False
figure1_supp_lam0.5,figure1_supp,311,17,0.8633,0.863315961310871,1.5961310871004386e-05,,False
figure1_supp_lam0.5,figure1_supp,311,18,0.0532,0.0532176678627978,1.7667862797804412e-05,,False
figure1_supp_lam0.5,figure1_supp,311,19,0.0,0.0,0.0,,False
figure1_supp_lam0.5,figure1_supp,311,20,0.0835,0.0834663708263314,3.362917366860063e-05,,False
figure1_supp_lam0.5,figure1_supp,311,21,0.2959,0.295923908000067,2.3908000067018875e-05,,False
figure1_supp_lam0.5,figure1_supp,312,15,0.1428,0.14279334084625,6.65915375000492e-06,,False
figure1_supp_lam0.5,figure1_supp,312,16,1.0,1.0,0.0,,False
figure1_supp_lam0.5,figure1_supp,312,17,0.8629,0.862896961621532,3.038378468045444e-06,,False
figure1_supp_lam0.5,figure1_supp,312,18,0.0523,0.0523190894289803,1.908942898030258e-05,,False
figure1_supp_lam0.5,figure1_supp,312,19,0.0,0.0,0.0,,False
figure1_supp_lam0.5,figure1_supp,312,20,0.0848,0.0847839489494875,1.6051050512499998e-05,,False
figure1_supp_lam0.5,figure1_supp,312,21,0.2726,0.272648385828416,4.83858284159866e-05,,False
figure1_supp_lam0.5,figure1_supp,313,15,0.1598,0.159755435215692,4.456478430800437e-05,,False
figure1_supp_lam0.5,figure1_supp,313,16,0.0,0.0,0.0,,False
figure1_supp_lam0.5,figure1_supp,313,17,0.8608,0.860777714213242,2.2285786758002857e-05,,False
figure1_supp_lam0.5,figure1_supp,313,18,0.0549,0.0548517197430929,4.828025690709753e-05,,False
figure1_supp_lam0.5,figure1_supp,313,19,0.0,0.0,0.0,,False
figure1_supp_lam0.5,figure1_supp,313,20,0.0844,0.0843705660436652,2.9433956334798395e-05,,False
figure1_supp_lam0.5,figure1_supp,313,21,0.2536,0.253567493755954,3.250624404599334e-05,,False
figure1_supp_lam0.5,figure1_supp,314,15,0.0,0.0,0.0,,False
figure1_supp_lam0.5,figure1_supp,314,16,0.0,0.0,0.0,,False
figure1_supp_lam0.5,figure1_supp,314,17,0.8606,0.860561280762376,3.871923762399643e-05,,False
figure1_supp_lam0.5,figure1_supp,314,18,0.0549,0.0549283230612859,2.8323061285903672e-05,,False
figure1_supp_lam0.5,figure1_supp,314,19,0.0,0.0,0.0,,False
figure1_supp_lam0.5,figure1_supp,314,20,0.0845,0.084510396176338,1.039617633799561e-05,,False
figure1_supp_lam0.5,figure1_supp,314,21,0.22,0.219991025756302,8.97424369800115e-06,,False
figure1_supp_lam0.5,figure1_supp,315,15,0.0,0.0,0.0,,False
figure1_supp_lam0.5,figure1_supp,315,16,0.0,0.0,0.0,,False
figure1_supp_lam0.5,figure1_supp,315,17,0.8609,0.86094753760237,4.753760236997362e-05,,False
figure1_supp_lam0.5,figure1_supp,315,18,0.0548,0.0547761670417256,2.383295827439874e-05,,False
figure1_supp_lam0.5,figure1_supp,315,19,0.0,0.0,0.0,,False
figure1_supp_lam0.5,figure1_supp,315,20,0.0843,0.0842762953559049,2.3704644095096095e-05,,False
figure1_supp_lam0.5,figure1_supp,315,21,0.1923,0.19228414474214,1.5855257859992422e-05,,False
figure1_supp_lam0.5,figure1_supp,316,15,0.0,0.0,0.0,,False
figure1_supp_lam0.5,figure1_supp,316,16,0.0,0.0,0.0,,False
figure1_supp_lam0.5,figure1_supp,316,17,0.8613,0.861331660426672,3.166042667201996e-05,,False
figure1_supp_lam0.5,figure1_supp,316,18,0.0546,0.0546248516631572,2.485166315719517e-05,,False
figure1_supp_lam0.5,figure1_supp,316,19,0.0,0.0,0.0,,False
figure1_supp_lam0.5,figure1_supp,316,20,0.084,0.0840434879101704,4.348791017039222e-05,,False
figure1_supp_lam0.5,figure1_supp,316,21,0.1742,0.17416791566416,3.208433583998249e-05,,False
figure1_supp_lam0.5,figure1_supp,317,15,0.0,0.0,0.0,,False
figure1_supp_lam0.5,figure1_supp,317,16,0.0,0.0,0.0,,False
figure1_supp_lam0.5,figure1_supp,317,17,0.8617,0.861713666871778,1.3666871777950895e-05,,False
figure1_supp_lam0.5,figure1_supp,317,18,0.0545,0.0544743699781348,2.56300218652028e-05,,False
figure1_supp_lam0.5,figure1_supp,317,19,0.0,0.0,0.0,,False
figure1_supp_lam0.5,figure1_supp,317,20,0.0838,0.0838119631500873,1.1963150087307417e-05,,False
figure1_supp_lam0.5,figure1_supp,317,21,0.1723,0.172304832997352,4.8329973519889435e-06,,False
figure1_supp_lam0.5,figure1_supp,318,15,0.0,0.0,0.0,,False
figure1_supp_lam0.5,figure1_supp,318,16,0.0,0.0,0.0,,False
figure1_supp_lam0.5,figure1_supp,318,17,0.8621,0.862093574380372,6.425619627936641e-06,,False
figure1_supp_lam0.5,figure1_supp,318,18,0.0543,0.0543247151155575,2.471511555749567e-05,,False
figure1_supp_lam0.5,figure1_supp,318,19,0.0,0.0,0.0,,False
figure1_supp_lam0.5,figure1_supp,318,20,0.0836,0.0835817105040706,1.8289495929399435e-05,,False
figure1_supp_lam0.5,figure1_supp,318,21,0.1474,0.147389771737957,1.0228262042999425e-05,,False
figure1_supp_lam0.5,figure1_supp,319,15,0.0,0.0,0.0,,False
figure1_supp_lam0.5,figure1_supp,319,16,0.0,0.0,0.0,,False
figure1_supp_lam0.5,figure1_supp,319,17,0.8625,0.862471400203987,2.8599796012995782e-05,,False
figure1_supp_lam0.5,figure1_supp,319,18,0.0542,0.0541758802796245,2.4119720375498366e-05,,False
figure1_supp_lam0.5,figure1_supp,319,19,0.0,0.0,0.0,,False
figure1_supp_lam0.5,figure1_supp,319,20,0.0834,0.0833527195163881,4.7280483611897295e-05,,False
figure1_supp_lam0.5,figure1_supp,319,21,0.169,0.169011495479016,1.1495479015993793e-05,,False
figure1_supp_lam0.5,figure1_supp,320,15,0.0,0.0,0.0,,False
figure1_supp_lam0.5,figure1_supp,320,16,0.0,0.0,0.0,,False
figure1_supp_lam0.5,figure1_supp,320,17,0.8628,0.862847161405616,4.7161405616003016e-05,,False
figure1_supp_lam0.5,figure1_supp,320,18,0.054,0.0540278587488058,2.7858748805800748e-05,,False
figure1_supp_lam0.5,figure1_supp,320,19,0.0,0.0,0.0,,False
figure1_supp_lam0.5,figure1_supp,320,20,0.0831,0.0831249798455784,2.4979845578407267e-05,,False
figure1_supp_lam0.5,figure1_supp,320,21,0.1724,0.172411367759823,1.1367759822994428e-05,,False
figure1_supp_lam0.5,figure1_supp,321,15,0.0,0.0,0.0,,False
figure1_supp_lam0.5,figure1_supp,321,16,0.0,0.0,0.0,,False
figure1_supp_lam0.5,figure1_supp,321,17,0.8632,0.863220874862276,2.0874862276087924e-05,,False
figure1_supp_lam0.5,figure1_supp,321,18,0.0539,0.0538806438748309,1.93561251691024e-05,,False
figure1_supp_lam0.5,figure1_supp,321,19,0.0,0.0,0.0,,False
figure1_supp_lam0.5,figure1_supp,321,20,0.0829,0.0828984812628929,1.518737107103485e-06,,False
figure1_supp_lam0.5,figure1_supp,321,21,0.1622,0.162225053175397,2.5053175396999583e-05,,False
figure1_supp_lam0.5,figure1_supp,322,15,0.0,0.0,0.0,,False
figure1_supp_lam0.5,figure1_supp,322,16,0.0,0.0,0.0,,False
figure1_supp_lam0.5,figure1_supp,322,17,0.8636,0.863592557267542,7.442732458007306e-06,,False
figure1_supp_lam0.5,figure1_supp,322,18,0.0537,0.0537342290816927,3.422908169270489e-05,,False
figure1_supp_lam0.5,figure1_supp,322,19,0.0,0.0,0.0,,False
figure1_supp_lam0.5,figure1_supp,322,20,0.0827,0.0826732136507655,2.6786349234489415e-05,,False
figure1_supp_lam0.5,figure1_supp,322,21,0.1808,0.180837094529367,3.7094529367009965e-05,,False
figure1_supp_lam0.5,figure1_supp,323,15,0.0,0.0,0.0,,False
figure1_supp_lam0.5,figure1_supp,323,16,0.0,0.0,0.0,,False
figure1_supp_lam0.5,figure1_supp,323,17,0.864,0.863962225134025,3.7774865975004346e-05,,False
figure1_supp_lam0.5,figure1_supp,323,18,0.0536,0.0535886078646692,1.1392135330801079e-05,,False
figure1_supp_lam0.5,figure1_supp,323,19,0.0,0.0,0.0,,False
figure1_supp_lam0.5,figure1_supp,323,20,0.0824,0.0824491670013054,4.916700130540297e-05,,False
figure1_supp_lam0.5,figure1_supp,323,21,0.1635,0.16347604704849,2.395295151000343e-05,,False
figure1_supp_lam0.5,figure1_supp,324,15,0.0,0.0,0.0,,False
figure1_supp_lam0.5,figure1_supp,324,16,0.0,0.0,0.0,,False
figure1_supp_lam0.5,figure1_supp,324,17,0.8643,0.864329894795825,2.9894795825047282e-05,,False
figure1_supp_lam0.5,figure1_supp,324,18,0.0534,0.0534437737893593,4.37737893592971e-05,,False
figure1_supp_lam0.5,figure1_supp,324,19,0.0,0.0,0.0,,False
figure1_supp_lam0.5,figure1_supp,324,20,0.0822,0.0822263314148153,2.6331414815311538e-05,,False
figure1_supp_lam0.5,figure1_supp,324,21,0.1743,0.174329169014589,2.9169014588992237e-05,,False
figure1_supp_lam0.5,figure1_supp,325,15,0.0,0.0,0.0,,False
figure1_supp_lam0.5,figure1_supp,325,16,0.0,0.0,0.0,,False
figure1_supp_lam0.5,figure1_supp,325,17,0.8647,0.864695582410931,4.417589068994587e-06,,False
figure1_supp_lam0.5,figure1_supp,325,18,0.0533,0.0532997204907357,2.7950926430320155e-07,,False
figure1_supp_lam0.5,figure1_supp,325,19,0.0,0.0,0.0,,False
figure1_supp_lam0.5,figure1_supp,325,20,0.082,0.0820046970983334,4.6970983333949334e-06,,False
figure1_supp_lam0.5,figure1_supp,325,21,0.0457,0.0456585329909411,4.146700905889589e-05,,False
figure1_supp_lam0.5,figure1_supp,326,15,0.0,0.0,0.0,,False
figure1_supp_lam0.5,figure1_supp,326,16,0.0,0.0,0.0,,False
figure1_supp_lam0.5,figure1_supp,326,17,0.8651,0.86505930396359,4.0696036409992864e-05,,False
figure1_supp_lam0.5,figure1_supp,326,18,0.0532,0.0531564416722122,4.3558327787796e-05,,False
figure1_supp_lam0.5,figure1_supp,326,19,0.0,0.0,0.0,,False
figure1_supp_lam0.5,figure1_supp,326,20,0.0818,0.081784254364198,1.5745635801991953e-05,,False
figure1_supp_lam0.5,figure1_supp,326,21,0.0199,0.019930096732646,3.0096732645999713e-05,,False
figure1_supp_lam0.5,figure1_supp,327,15,0.0,0.0,0.0,,False
figure1_supp_lam0.5,figure1_supp,327,16,0.0,0.0,0.0,,False
figure1_supp_lam0.5,figure1_supp,327,17,0.8654,0.865421075266636,2.107526663608361e-05,,False
figure1_supp_lam0.5,figure1_supp,327,18,0.053,0.0530139311047264,1.393110472640291e-05,,False
figure1_supp_lam0.5,figure1_supp,327,19,0.0,0.0,0.0,,False
figure1_supp_lam0.5,figure1_supp,327,20,0.0816,0.0815649936286372,3.500637136280571e-05,,False
figure1_supp_lam0.5,figure1_supp,327,21,0.0177,0.0176978130947368,2.1869052631989794e-06,,False
figure1_supp_lam0.5,figure1_supp,328,15,0.0,0.0,0.0,,False
figure1_supp_lam0.5,figure1_supp,328,16,0.0,0.0,0.0,,False
figure1_supp_lam0.5,figure1_supp,328,17,0.8658,0.865780911963784,1.90880362159751e-05,,False
figure1_supp_lam0.5,figure1_supp,328,18,0.0529,0.0528721826258367,2.7817374163303932e-05,,False
figure1_supp_lam0.5,figure1_supp,328,19,0.0,0.0,0.0,,False
figure1_supp_lam0.5,figure1_supp,328,20,0.0813,0.0813469054103788,4.690541037880025e-05,,False
figure1_supp_lam0.5,figure1_supp,328,21,0.0173,0.0173289163114878,2.891631148780119e-05,,False
figure1_supp_lam0.5,figure1_supp,329,15,0.0,0.0,0.0,,False
figure1_supp_lam0.5,figure1_supp,329,16,0.0,0.0,0.0,,False
figure1_supp_lam0.5,figure1_supp,329,17,0.8661,0.866138829531881,3.88295318810572e-05,,False
figure1_supp_lam0.5,figure1_supp,329,18,0.0527,0.0527311901388345,3.1190138834499836e-05,,False
figure1_supp_lam0.5,figure1_supp,329,19,0.0,0.0,0.0,,False
figure1_supp_lam0.5,figure1_supp,329,20,0.0811,0.0811299803292845,2.998032928450134e-05,,False
figure1_supp_lam0.5,figure1_supp,329,21,0.0269,0.0268810807865624,1.8919213437600113e-05,,False
figure1_supp_lam0.5,figure1_supp,330,15,0.0,0.0,0.0,,False
figure1_supp_lam0.5,figure1_supp,330,16,0.0,0.0,0.0,,False
figure1_supp_lam0.5,figure1_supp,330,17,0.8665,0.866494843283126,5.1567168740662694e-06,,False
figure1_supp_lam0.5,figure1_supp,330,18,0.0526,0.0525909476118695,9.052388130502409e-06,,False
figure1_supp_lam0.5,figure1_supp,330,19,0.0,0.0,0.0,,False
figure1_supp_lam0.5,figure1_supp,330,20,0.0809,0.0809142091050045,1.4209105004506228e-05,,False
figure1_supp_lam0.5,figure1_supp,330,21,0.0369,0.0368527613222424,4.723867775760504e-05,,False
figure1_supp_lam0.5,figure1_supp,331,15,0.0,0.0,0.0,,False
figure1_supp_lam0.5,figure1_supp,331,16,0.0,0.0,0.0,,False
figure1_supp_lam0.5,figure1_supp,331,17,0.8668,0.866848968367256,4.896836725598597e-05,,False
figure1_supp_lam0.5,figure1_supp,331,18,0.0525,0.05245144907709,4.8550922909999794e-05,,False
figure1_supp_lam0.5,figure1_supp,331,19,0.0,0.0,0.0,,False
figure1_supp_lam0.5,figure1_supp,331,20,0.0807,0.0806995825556543,4.1744434568780076e-07,,False
figure1_supp_lam0.5,figure1_supp,331,21,0.0355,0.0354512841927869,4.8715807213099704e-05,,False
figure1_supp_lam0.5,figure1_supp,332,15,0.0309,0.0308581764707173,4.182352928270086e-05,,False
figure1_supp_lam0.5,figure1_supp,332,16,0.2983,0.298344035815411,4.403581541101431e-05,,False
figure1_supp_lam0.5,figure1_supp,332,17,0.8664,0.866411949837672,1.1949837672053931e-05,,False
figure1_supp_lam0.5,figure1_supp,332,18,0.0523,0.0523126886297961,1.268862979610097e-05,,False
figure1_supp_lam0.5,figure1_supp,332,19,0.0,0.0,0.0,,False
figure1_supp_lam0.5,figure1_supp,332,20,0.0813,0.081275361532532,2.4638467468002245e-05,,False
figure1_supp_lam0.5,figure1_supp,332,21,0.2422,0.242150239800853,4.9760199146986483e-05,,False
figure1_supp_lam0.5,figure1_supp,333,15,0.0,0.0,0.0,,False
figure1_supp_lam0.5,figure1_supp,333,16,0.0,0.0,0.0,,False
figure1_supp_lam0.5,figure1_supp,333,17,0.8665,0.866509037510146,9.037510145915029e-06,,False
figure1_supp_lam0.5,figure1_supp,333,18,0.0523,0.0522708463543114,2.9153645688596852e-05,,False
figure1_supp_lam0.5,figure1_supp,333,19,0.0,0.0,0.0,,False
figure1_supp_lam0.5,figure1_supp,333,20,0.0812,0.0812201161355424,2.0116135542411206e-05,,False
figure1_supp_lam0.5,figure1_supp,333,21,0.2562,0.256155066999871,4.493300012897716e-05,,False
figure1_supp_lam0.5,figure1_supp,334,15,0.0,0.0,0.0,,False
figure1_supp_lam0.5,figure1_supp,334,16,0.0,0.0,0.0,,False
figure1_supp_lam0.5,figure1_supp,334,17,0.8669,0.866860329516699,3.967048330100198e-05,,False
figure1_supp_lam0.5,figure1_supp,334,18,0.0521,0.0521332914954843,3.329149548429722e-05,,False
figure1_supp_lam0.5,figure1_supp,334,19,0.0,0.0,0.0,,False
figure1_supp_lam0.5,figure1_supp,334,20,0.081,0.0810063789878173,6.378987817301507e-06,,False
figure1_supp_lam0.5,figure1_supp,334,21,0.2609,0.260867620557965,3.23794420350465e-05,,False
figure1_supp_lam0.5,figure1_supp,335,15,0.0,0.0,0.0,,False
figure1_supp_lam0.5,figure1_supp,335,16,0.0,0.0,0.0,,False
figure1_supp_lam0.5,figure1_supp,335,17,0.8672,0.867209777470723,9.777470723060233e-06,,False
figure1_supp_lam0.5,figure1_supp,335,18,0.052,0.0519964587094069,3.541290593100932e-06,,False
figure1_supp_lam0.5,figure1_supp,335,19,0.0,0.0,0.0,,False
figure1_supp_lam0.5,figure1_supp,335,20,0.0808,0.0807937638198702,6.236180129792768e-06,,False
figure1_supp_lam0.5,figure1_supp,335,21,0.26,0.26003730730432,3.730730432000007e-05,,False
figure1_supp_lam0.5,figure1_supp,336,15,0.0,0.0,0.0,,False
figure1_supp_lam0.5,figure1_supp,336,16,0.0,0.0,0.0,,False
figure1_supp_lam0.5,figure1_supp,336,17,0.8676,0.867557395854307,4.260414569301485e-05,,False
figure1_supp_lam0.5,figure1_supp,336,18,0.0519,0.0518603423253509,3.965767464909897e-05,,False
figure1_supp_lam0.5,figure1_supp,336,19,0.0,0.0,0.0,,False
figure1_supp_lam0.5,figure1_supp,336,20,0.0806,0.0805822618203418,1.773817965820823e-05,,False
figure1_supp_lam0.5,figure1_supp,336,21,0.2411,0.24109819024472,1.8097552799967165e-06,,False
figure1_supp_lam0.5,figure1_supp,337,15,0.0,0.0,0.0,,False
figure1_supp_lam0.5,figure1_supp,337,16,0.0,0.0,0.0,,False
figure1_supp_lam0.5,figure1_supp,337,17,0.8679,0.867903198998291,3.198998291042976e-06,,False
figure1_supp_lam0.5,figure1_supp,337,18,0.0517,0.0517249367318121,2.493673181210021e-05,,False
figure1_supp_lam0.5,figure1_supp,337,19,0.0,0.0,0.0,,False
figure1_supp_lam0.5,figure1_supp,337,20,0.0804,0.080371864269897,2.8135730103004408e-05,,False
figure1_supp_lam0.5,figure1_supp,337,21,0.2627,0.262747227671395,4.72276713950337e-05,,False
figure1_supp_lam0.5,figure1_supp,338,15,0.0277,0.0277036632770332,3.6632770331994358e-06,,False
figure1_supp_lam0.5,figure1_supp,338,16,0.0,0.0,0.0,,False
figure1_supp_lam0.5,figure1_supp,338,17,0.8675,0.86746203882769,3.796117231003038e-05,,False
figure1_supp_lam0.5,figure1_supp,338,18,0.0524,0.0523753986322821,2.4601367717903833e-05,,False
figure1_supp_lam0.5,figure1_supp,338,19,0.0,0.0,0.0,,False
figure1_supp_lam0.5,figure1_supp,338,20,0.0802,0.0801625625400275,3.7437459972491927e-05,,False
figure1_supp_lam0.5,figure1_supp,338,21,0.2735,0.273484767128827,1.5232871172998763e-05,,False
figure1_supp_lam0.5,figure1_supp,339,15,0.0,0.0,0.0,,False
figure1_supp_lam0.5,figure1_supp,339,16,0.0,0.0,0.0,,False
figure1_supp_lam0.5,figure1_supp,339,17,0.8677,0.867723490534922,2.3490534922010475e-05,,False
figure1_supp_lam0.5,figure1_supp,339,18,0.0523,0.0522703245982256,2.9675401774398313e-05,,False
figure1_supp_lam0.5,figure1_supp,339,19,0.0,0.0,0.0,,False
figure1_supp_lam0.5,figure1_supp,339,20,0.08,0.0800061848668523,6.184866852304571e-06,,False
figure1_supp_lam0.5,figure1_supp,339,21,0.2718,0.271837328520861,3.732852086102412e-05,,False
figure1_supp_lam0.5,figure1_supp,340,15,0.0,0.0,0.0,,False
figure1_supp_lam0.5,figure1_supp,340,16,0.0,0.0,0.0,,False
figure1_supp_lam0.5,figure1_supp,340,17,0.8681,0.868066175792604,3.382420739594938e-05,,False
figure1_supp_lam0.5,figure1_supp,340,18,0.0521,0.0521349092495255,3.490924952549712e-05,,False
figure1_supp_lam0.5,figure1_supp,340,19,0.0,0.0,0.0,,False
figure1_supp_lam0.5,figure1_supp,340,20,0.0798,0.0797989149578708,1.0850421292007972e-06,,False
figure1_supp_lam0.5,figure1_supp,340,21,0.2647,0.264718993090355,1.8993090355023945e-05,,False
figure1_supp_lam0.5,figure1_supp,341,15,0.0,0.0,0.0,,False
figure1_supp_lam0.5,figure1_supp,341,16,0.0,0.0,0.0,,False
figure1_supp_lam0.5,figure1_supp,341,17,0.8684,0.868407090067041,7.090067041026771e-06,,False
figure1_supp_lam0.5,figure1_supp,341,18,0.052,0.052000193721749,1.9372174900333938e-07,,False
figure1_supp_lam0.5,figure1_supp,341,19,0.0,0.0,0.0,,False
figure1_supp_lam0.5,figure1_supp,341,20,0.0796,0.0795927162112096,7.28378879040481e-06,,False
figure1_supp_lam0.5,figure1_supp,341,21,0.2432,0.243206147493519,6.147493518987579e-06,,False
figure1_supp_lam0.5,figure1_supp,342,15,0.0355,0.035528764997987,2.8764997987006102e-05,,False
figure1_supp_lam0.5,figure1_supp,342,16,0.0,0.0,0.0,,False
figure1_supp_lam0.5,figure1_supp,342,17,0.8677,0.867662575903656,3.742409634399646e-05,,False
figure1_supp_lam0.5,figure1_supp,342,18,0.0529,0.052949843751658,4.9843751658000535e-05,,False
figure1_supp_lam0.5,figure1_supp,342,19,0.0,0.0,0.0,,False
figure1_supp_lam0.5,figure1_supp,342,20,0.0794,0.0793875803446858,1.2419655314191425e-05,,False
figure1_supp_lam0.5,figure1_supp,342,21,0.2282,0.228195346273738,4.653726261988345e-06,,False
figure1_supp_lam0.5,figure1_supp,343,15,0.2199,0.219861095835353,3.890416464702451e-05,,False
figure1_supp_lam0.5,figure1_supp,343,16,1.0,1.0,0.0,,False
figure1_supp_lam0.5,figure1_supp,343,17,0.8663,0.866318953766658,1.895376665805859e-05,,False
figure1_supp_lam0.5,figure1_supp,343,18,0.0525,0.0524852138501269,1.4786149873095844e-05,,False
figure1_supp_lam0.5,figure1_supp,343,19,0.0,0.0,0.0,,False
figure1_supp_lam0.5,figure1_supp,343,20,0.0812,0.0811958323832153,4.16761678469213e-06,,False
figure1_supp_lam0.5,figure1_supp,343,21,0.2503,0.250343172979524,4.317297952399768e-05,,False
figure1_supp_lam0.5,figure1_supp,344,15,0.0,0.0,0.0,,False
figure1_supp_lam0.5,figure1_supp,344,16,0.0,0.0,0.0,,False
figure1_supp_lam0.5,figure1_supp,344,17,0.8668,0.866800205896452,2.0589645199908801e-07,,False
figure1_supp_lam0.5,figure1_supp,344,18,0.0523,0.0522951230571032,4.876942896796244e-06,,False
figure1_supp_lam0.5,figure1_supp,344,19,0.0,0.0,0.0,,False
figure1_supp_lam0.5,figure1_supp,344,20,0.0809,0.0809046710464445,4.671046444498783e-06,,False
figure1_supp_lam0.5,figure1_supp,344,21,0.2355,0.235450480507983,4.951949201698058e-05,,False
figure1_supp_lam0.5,figure1_supp,345,15,0.0,0.0,0.0,,False
figure1_supp_lam0.5,figure1_supp,345,16,0.0,0.0,0.0,,False
figure1_supp_lam0.5,figure1_supp,345,17,0.8671,0.8671408703315,4.0870331500020285e-05,,False
figure1_supp_lam0.5,figure1_supp,345,18,0.0522,0.0521613759393101,3.862406068990548e-05,,False
figure1_supp_lam0.5,figure1_supp,345,19,0.0,0.0,0.0,,False
figure1_supp_lam0.5,figure1_supp,345,20,0.0807,0.0806977537291902,2.2462708097886752e-06,,False
figure1_supp_lam0.5,figure1_supp,345,21,0.208,0.208042860708266,4.2860708266007075e-05,,False
figure1_supp_lam0.5,figure1_supp,346,15,0.0,0.0,0.0,,False
figure1_supp_lam0.5,figure1_supp,346,16,0.0,0.0,0.0,,False
figure1_supp_lam0.5,figure1_supp,346,17,0.8675,0.867479796682695,2.0203317305012014e-05,,False
figure1_supp_lam0.5,figure1_supp,346,18,0.052,0.0520283112047711,2.8311204771098997e-05,,False
figure1_supp_lam0.5,figure1_supp,346,19,0.0,0.0,0.0,,False
figure1_supp_lam0.5,figure1_supp,346,20,0.0805,0.0804918921125341,8.107887465899632e-06,,False
figure1_supp_lam0.5,figure1_supp,346,21,0.2104,0.210371373392762,2.862660723801369e-05,,False
figure1_supp_lam0.5,figure1_supp,347,15,0.0,0.0,0.0,,False
figure1_supp_lam0.5,figure1_supp,347,16,0.0,0.0,0.0,,False
figure1_supp_lam0.5,figure1_supp,347,17,0.8678,0.867816998217853,1.6998217852948194e-05,,False
figure1_supp_lam0.5,figure1_supp,347,18,0.0519,0.0518959236444536,4.0763555464035095e-06,,False
figure1_supp_lam0.5,figure1_supp,347,19,0.0,0.0,0.0,,False
figure1_supp_lam0.5,figure1_supp,347,20,0.0803,0.080287078137693,1.2921862307002652e-05,,False
figure1_supp_lam0.5,figure1_supp,347,21,0.1977,0.197724757739367,2.4757739367026188e-05,,False
figure1_supp_lam0.5,figure1_supp,348,15,0.0,0.0,0.0,,False
figure1_supp_lam0.5,figure1_supp,348,16,0.0,0.0,0.0,,False
figure1_supp_lam0.5,figure1_supp,348,17,0.8682,0.868152488070092,4.751192990792852e-05,,False
figure1_supp_lam0.5,figure1_supp,348,18,0.0518,0.0517642081022088,3.579189779119585e-05,,False
figure1_supp_lam0.5,figure1_supp,348,19,0.0,0.0,0.0,,False
figure1_supp_lam0.5,figure1_supp,348,20,0.0801,0.0800833038276988,1.6696172301197687e-05,,False
figure1_supp_lam0.5,figure1_supp,348,21,0.218,0.217952062198647,4.7937801353009624e-05,,False
figure1_supp_lam0.5,figure1_supp,349,15,0.0,0.0,0.0,,False
figure1_supp_lam0.5,figure1_supp,349,16,0.0,0.0,0.0,,False
figure1_supp_lam0.5,figure1_supp,349,17,0.8685,0.868486279239535,1.3720760465019133e-05,,False
figure1_supp_lam0.5,figure1_supp,349,18,0.0516,0.0516331594741019,3.3159474101901454e-05,,False
figure1_supp_lam0.5,figure1_supp,349,19,0.0,0.0,0.0,,False
figure1_supp_lam0.5,figure1_supp,349,20,0.0799,0.0798805612863629,1.9438713637104366e-05,,False
figure1_supp_lam0.5,figure1_supp,349,21,0.2075,0.207543505745277,4.3505745277006014e-05,,False
figure1_supp_lam0.5,figure1_supp,350,15,0.0,0.0,0.0,,False
figure1_supp_lam0.5,figure1_supp,350,16,0.0,0.0,0.0,,False
figure1_supp_lam0.5,figure1_supp,350,17,0.8688,0.868818384594991,1.8384594990927816e-05,,False
figure1_supp_lam0.5,figure1_supp,350,18,0.0515,0.0515027727077532,2.7727077532013755e-06,,False
figure1_supp_lam0.5,figure1_supp,350,19,0.0,0.0,0.0,,False
figure1_supp_lam0.5,figure1_supp,350,20,0.0797,0.0796788426972559,2.1157302744087558e-05,,False
figure1_supp_lam0.5,figure1_supp,350,21,0.2227,0.222695904558828,4.095441171997338e-06,,False
figure1_supp_lam0.5,figure1_supp,351,15,0.0319,0.0318618281770287,3.8171822971298786e-05,,False
figure1_supp_lam0.5,figure1_supp,351,16,0.0448,0.0447526729667034,4.732703329660137e-05,,False
figure1_supp_lam0.5,figure1_supp,351,17,0.8684,0.868402081266248,2.081266248010749e-06,,False
figure1_supp_lam0.5,figure1_supp,351,18,0.052,0.052007051275112,7.051275112003597e-06,,False
figure1_supp_lam0.5,figure1_supp,351,19,0.0,0.0,0.0,,False
figure1_supp_lam0.5,figure1_supp,351,20,0.0796,0.0795908674586399,9.132541360104551e-06,,False
figure1_supp_lam0.5,figure1_supp,351,21,0.2357,0.235701445598806,1.4455988059935976e-06,,False
figure1_supp_lam0.5,figure1_supp,352,15,0.175,0.174963633945712,3.636605428800066e-05,,False
figure1_supp_lam0.5,figure1_supp,352,16,0.0392,0.0391582016400894,4.1798359910596994e-05,,False
figure1_supp_lam0.5,figure1_supp,352,17,0.8714,0.871363421127443,3.6578872556924935e-05,,False
figure1_supp_lam0.5,figure1_supp,352,18,0.0521,0.0520965087548022,3.491245197800863e-06,,False
figure1_supp_lam0.5,figure1_supp,352,19,0.0,0.0,0.0,,False
figure1_supp_lam0.5,figure1_supp,352,20,0.0765,0.0765400701177547,4.007011775469804e-05,,False
figure1_supp_lam0.5,figure1_supp,352,21,0.2347,0.234670780954957,2.9219045042994107e-05,,False
figure1_supp_lam0.5,figure1_supp,353,15,0.0,0.0,0.0,,False
figure1_supp_lam0.5,figure1_supp,353,16,0.0,0.0,0.0,,False
figure1_supp_lam0.5,figure1_supp,353,17,0.8716,0.871588145743402,1.1854256597998436e-05,,False
figure1_supp_lam0.5,figure1_supp,353,18,0.052,0.0520041511761176,4.151176117600519e-06,,False
figure1_supp_lam0.5,figure1_supp,353,19,0.0,0.0,0.0,,False
figure1_supp_lam0.5,figure1_supp,353,20,0.0764,0.0764077030804801,7.703080480106483e-06,,False
figure1_supp_lam0.5,figure1_supp,353,21,0.2574,0.257403522129406,3.5221294059639696e-06,,False
figure1_supp_lam0.5,figure1_supp,354,15,0.0288,0.0287963698026343,3.630197365697696e-06,,False
figure1_supp_lam0.5,figure1_supp,354,16,0.2369,0.236948033429901,4.8033429901006564e-05,,False
figure1_supp_lam0.5,figure1_supp,354,17,0.8713,0.871316805295469,1.6805295468991233e-05,,False
figure1_supp_lam0.5,figure1_supp,354,18,0.0519,0.0518741407981773,2.5859201822700517e-05,,False
figure1_supp_lam0.5,figure1_supp,354,19,0.0,0.0,0.0,,False
figure1_supp_lam0.5,figure1_supp,354,20,0.0768,0.0768090539063536,9.05390635361214e-06,,False
figure1_supp_lam0.5,figure1_supp,354,21,0.2708,0.270802008435025,2.0084350250137994e-06,,False
figure1_supp_lam0.5,figure1_supp,355,15,0.0,0.0,0.0,,False
figure1_supp_lam0.5,figure1_supp,355,16,0.0,0.0,0.0,,False
figure1_supp_lam0.5,figure1_supp,355,17,0.8712,0.871239394303389,3.9394303389062024e-05,,False
figure1_supp_lam0.5,figure1_supp,355,18,0.0519,0.0519088532307686,8.853230768594844e-06,,False
figure1_supp_lam0.5,figure1_supp,355,19,0.0,0.0,0.0,,False
figure1_supp_lam0.5,figure1_supp,355,20,0.0769,0.0768517524658424,4.824753415759442e-05,,False
figure1_supp_lam0.5,figure1_supp,355,21,0.2743,0.274280083694369,1.9916305630973685e-05,,False
figure1_supp_lam0.5,figure1_supp,356,15,0.0,0.0,0.0,,False
figure1_supp_lam0.5,figure1_supp,356,16,0.0,0.0,0.0,,False
figure1_supp_lam0.5,figure1_supp,356,17,0.8716,0.87155969431756,4.030568244006716e-05,,False
figure1_supp_lam0.5,figure1_supp,356,18,0.0518,0.0517797267301946,2.027326980540145e-05,,False
figure1_supp_lam0.5,figure1_supp,356,19,0.0,0.0,0.0,,False
figure1_supp_lam0.5,figure1_supp,356,20,0.0767,0.0766605789522457,3.942104775429833e-05,,False
figure1_supp_lam0.5,figure1_supp,356,21,0.2707,0.270745204181142,4.520418114201119e-05,,False
figure1_supp_lam0.5,figure1_supp,357,15,0.0039,0.0038551979929945,4.480200700549995e-05,,False
figure1_supp_lam0.5,figure1_supp,357,16,0.2415,0.24154258818668,4.258818668001485e-05,,False
figure1_supp_lam0.5,figure1_supp,357,17,0.8713,0.871279043492487,2.0956507512992495e-05,,False
figure1_supp_lam0.5,figure1_supp,357,18,0.0517,0.0516512410559261,4.87589440739053e-05,,False
figure1_supp_lam0.5,figure1_supp,357,19,0.0,0.0,0.0,,False
figure1_supp_lam0.5,figure1_supp,357,20,0.0771,0.0770697154515867,3.02845484133063e-05,,False
figure1_supp_lam0.5,figure1_supp,357,21,0.2493,0.249340327708845,4.032770884501713e-05,,False
figure1_supp_lam0.5,figure1_supp,358,15,0.0889,0.088907326283777,7.326283776989961e-06,,False
figure1_supp_lam0.5,figure1_supp,358,16,1.0,1.0,0.0,,False
figure1_supp_lam0.5,figure1_supp,358,17,0.8682,0.868214727675404,1.472767540400266e-05,,False
figure1_supp_lam0.5,figure1_supp,358,18,0.0519,0.0518871341269232,1.286587307679915e-05,,False
figure1_supp_lam0.5,figure1_supp,358,19,0.0,0.0,0.0,,False
figure1_supp_lam0.5,figure1_supp,358,20,0.0799,0.0798981381976725,1.8618023275018825e-06,,False
figure1_supp_lam0.5,figure1_supp,358,21,0.2786,0.278603701665863,3.701665862998471e-06,,False
figure1_supp_lam0.5,figure1_supp,359,15,0.0,0.0,0.0,,False
figure1_supp_lam0.5,figure1_supp,359,16,0.0,0.0,0.0,,False
figure1_supp_lam0.5,figure1_supp,359,17,0.8684,0.868447667889042,4.766788904209118e-05,,False
figure1_supp_lam0.5,figure1_supp,359,18,0.0518,0.0517970845317436,2.9154682563981016e-06,,False
figure1_supp_lam0.5,figure1_supp,359,19,0.0,0.0,0.0,,False
figure1_supp_lam0.5,figure1_supp,359,20,0.0798,0.0797552475792148,4.475242078519348e-05,,False
figure1_supp_lam0.5,figure1_supp,359,21,0.2963,0.296268566248071,3.1433751928988674e-05,,False
figure1_supp_lam0.5,figure1_supp,360,15,0.0,0.0,0.0,,False
figure1_supp_lam0.5,figure1_supp,360,16,0.0,0.0,0.0,,False
figure1_supp_lam0.5,figure1_supp,360,17,0.8688,0.868771688411483,2.8311588517015984e-05,,False
figure1_supp_lam0.5,figure1_supp,360,18,0.0517,0.0516695055058034,3.0494494196606214e-05,,False
figure1_supp_lam0.5,figure1_supp,360,19,0.0,0.0,0.0,,False
figure1_supp_lam0.5,figure1_supp,360,20,0.0796,0.0795588060827142,4.11939172857978e-05,,False
figure1_supp_lam0.5,figure1_supp,360,21,0.257,0.257035920534869,3.592053486900504e-05,,False
figure1_supp_lam0.5,figure1_supp,361,15,0.0,0.0,0.0,,False
figure1_supp_lam0.5,figure1_supp,361,16,0.0,0.0,0.0,,False
figure1_supp_lam0.5,figure1_supp,361,17,0.8691,0.869094116695484,5.883304516007826e-06,,False
figure1_supp_lam0.5,figure1_supp,361,18,0.0515,0.0515425534038235,4.2553403823503144e-05,,False
figure1_supp_lam0.5,figure1_supp,361,19,0.0,0.0,0.0,,False
figure1_supp_lam0.5,figure1_supp,361,20,0.0794,0.0793633299006928,3.6670099307203885e-05,,False
figure1_supp_lam0.5,figure1_supp,361,21,0.2598,0.259755805448581,4.4194551418963446e-05,,False
figure1_supp_lam0.5,figure1_supp,362,15,0.0,0.0,0.0,,False
figure1_supp_lam0.5,figure1_supp,362,16,0.0,0.0,0.0,,False
figure1_supp_lam0.5,figure1_supp,362,17,0.8694,0.869414964448681,1.4964448681098474e-05,,False
figure1_supp_lam0.5,figure1_supp,362,18,0.0514,0.0514162236160691,1.622361606910122e-05,,False
figure1_supp_lam0.5,figure1_supp,362,19,0.0,0.0,0.0,,False
figure1_supp_lam0.5,figure1_supp,362,20,0.0792,0.0791688119352499,3.118806475010949e-05,,False
figure1_supp_lam0.5,figure1_supp,362,21,0.255,0.254965973828329,3.402617167103106e-05,,False
figure1_supp_lam0.5,figure1_supp,363,15,0.0,0.0,0.0,,False
figure1_supp_lam0.5,figure1_supp,363,16,0.0,0.0,0.0,,False
figure1_supp_lam0.5,figure1_supp,363,17,0.8697,0.86973424326421,3.424326420997659e-05,,False
figure1_supp_lam0.5,figure1_supp,363,18,0.0513,0.0512905115778879,9.488422112097217e-06,,False
figure1_supp_lam0.5,figure1_supp,363,19,0.0,0.0,0.0,,False
figure1_supp_lam0.5,figure1_supp,363,20,0.079,0.0789752451579022,2.4754842097796104e-05,,False
figure1_supp_lam0.5,figure1_supp,363,21,0.2485,0.248467149322475,3.285067752500925e-05,,False
figure1_supp_lam0.5,figure1_supp,364,15,0.0332,0.0331508233035509,4.917669644909778e-05,,False
figure1_supp_lam0.5,figure1_supp,364,16,0.0,0.0,0.0,,False
figure1_supp_lam0.5,figure1_supp,364,17,0.8692,0.869185002711627,1.4997288372953221e-05,,False
figure1_supp_lam0.5,figure1_supp,364,18,0.052,0.0520323746796364,3.237467963640439e-05,,False
figure1_supp_lam0.5,figure1_supp,364,19,0.0,0.0,0.0,,False
figure1_supp_lam0.5,figure1_supp,364,20,0.0788,0.0787826226087365,1.7377391263492803e-05,,False
figure1_supp_lam0.5,figure1_supp,364,21,0.2706,0.270566154587343,3.3845412656996476e-05,,False
figure1_supp_lam0.5,figure1_supp,365,15,0.0,0.0,0.0,,False
figure1_supp_lam0.5,figure1_supp,365,16,0.0,0.0,0.0,,False
figure1_supp_lam0.5,figure1_supp,365,17,0.8698,0.869821341911279,2.1341911279004755e-05,,False
figure1_supp_lam0.5,figure1_supp,365,18,0.0518,0.0517763711681774,2.3628831822601615e-05,,False
figure1_supp_lam0.5,figure1_supp,365,19,0.0,0.0,0.0,,False
figure1_supp_lam0.5,figure1_supp,365,20,0.0784,0.0784022869205442,2.2869205442005436e-06,,False
figure1_supp_lam0.5,figure1_supp,365,21,0.2567,0.25667656301803,2.343698196999311e-05,,False
figure1_supp_lam0.5,figure1_supp,366,15,0.0,0.0,0.0,,False
figure1_supp_lam0.5,figure1_supp,366,16,0.0,0.0,0.0,,False
figure1_supp_lam0.5,figure1_supp,366,17,0.8701,0.870137309527999,3.7309527998963254e-05,,False
figure1_supp_lam0.5,figure1_supp,366,18,0.0517,0.0516507003643712,4.929963562880224e-05,,False
figure1_supp_lam0.5,figure1_supp,366,19,0.0,0.0,0.0,,False
figure1_supp_lam0.5,figure1_supp,366,20,0.0782,0.0782119901076303,1.1990107630296953e-05,,False
figure1_supp_lam0.5,figure1_supp,366,21,0.2467,0.24673643939866,3.643939865999313e-05,,False
figure1_supp_lam0.5,figure1_supp,367,15,0.0,0.0,0.0,,False
figure1_supp_lam0.5,figure1_supp,367,16,0.0,0.0,0.0,,False
figure1_supp_lam0.5,figure1_supp,367,17,0.8705,0.870451747035195,4.8252964805040044e-05,,False
figure1_supp_lam0.5,figure1_supp,367,18,0.0515,0.051525638135886,2.5638135886005275e-05,,False
figure1_supp_lam0.5,figure1_supp,367,19,0.0,0.0,0.0,,False
figure1_supp_lam0.5,figure1_supp,367,20,0.078,0.0780226148289193,2.2614828919298446e-05,,False
figure1_supp_lam0.5,figure1_supp,367,21,0.2445,0.2444957075055,4.2924944999855885e-06,,False
figure1_supp_lam0.5,figure1_supp,368,15,0.0,0.0,0.0,,False
figure1_supp_lam0.5,figure1_supp,368,16,0.0,0.0,0.0,,False
figure1_supp_lam0.5,figure1_supp,368,17,0.8708,0.870764665520617,3.5334479382975736e-05,,False
figure1_supp_lam0.5,figure1_supp,368,18,0.0514,0.0514011800727559,1.1800727559019286e-06,,False
figure1_supp_lam0.5,figure1_supp,368,19,0.0,0.0,0.0,,False
figure1_supp_lam0.5,figure1_supp,368,20,0.0778,0.0778341544066272,3.4154406627212586e-05,,False
figure1_supp_lam0.5,figure1_supp,368,21,0.2335,0.233542812349255,4.2812349254989224e-05,,False
figure1_supp_lam0.5,figure1_supp,369,15,0.0,0.0,0.0,,False
figure1_supp_lam0.5,figure1_supp,369,16,0.0,0.0,0.0,,False
figure1_supp_lam0.5,figure1_supp,369,17,0.8711,0.871076075965146,2.392403485396155e-05,,False
figure1_supp_lam0.5,figure1_supp,369,18,0.0513,0.0512773218075203,2.2678192479697046e-05,,False
figure1_supp_lam0.5,figure1_supp,369,19,0.0,0.0,0.0,,False
figure1_supp_lam0.5,figure1_supp,369,20,0.0776,0.0776466022273341,4.6602227334102686e-05,,False
figure1_supp_lam0.5,figure1_supp,369,21,0.294,0.293992255439211,7.744560789002541e-06,,False
figure1_supp_lam0.5,figure1_supp,370,15,0.0,0.0,0.0,,False
figure1_supp_lam0.5,figure1_supp,370,16,0.0,0.0,0.0,,False
figure1_supp_lam0.5,figure1_supp,370,17,0.8714,0.871385989244076,1.4010755923998808e-05,,False
figure1_supp_lam0.5,figure1_supp,370,18,0.0512,0.0511540590147138,4.594098528620111e-05,,False
figure1_supp_lam0.5,figure1_supp,370,19,0.0,0.0,0.0,,False
figure1_supp_lam0.5,figure1_supp,370,20,0.0775,0.0774599517412108,4.0048258789199265e-05,,False
figure1_supp_lam0.5,figure1_supp,370,21,0.2451,0.245050362556258,4.9637443742006626e-05,,False
figure1_supp_lam0.5,figure1_supp,371,15,0.0,0.0,0.0,,False
figure1_supp_lam0.5,figure1_supp,371,16,0.0,0.0,0.0,,False
figure1_supp_lam0.5,figure1_supp,371,17,0.8717,0.871694416128382,5.583871617975689e-06,,False
figure1_supp_lam0.5,figure1_supp,371,18,0.051,0.0510313874103619,3.1387410361904955e-05,,False
figure1_supp_lam0.5,figure1_supp,371,19,0.0,0.0,0.0,,False
figure1_supp_lam0.5,figure1_supp,371,20,0.0773,0.0772741964612558,2.5803538744192944e-05,,False
figure1_supp_lam0.5,figure1_supp,371,21,0.2579,0.257864104998437,3.589500156303549e-05,,False
figure1_supp_lam0.5,figure1_supp,372,15,0.0,0.0,0.0,,False
figure1_supp_lam0.5,figure1_supp,372,16,0.0,0.0,0.0,,False
figure1_supp_lam0.5,figure1_supp,372,17,0.872,0.87200136728597,1.3672859699997986e-06,,False
figure1_supp_lam0.5,figure1_supp,372,18,0.0509,0.0509093027514854,9.302751485397442e-06,,False
figure1_supp_lam0.5,figure1_supp,372,19,0.0,0.0,0.0,,False
figure1_supp_lam0.5,figure1_supp,372,20,0.0771,0.0770893299625446,1.067003745540418e-05,,False
figure1_supp_lam0.5,figure1_supp,372,21,0.2903,0.290305916679343,5.916679343020981e-06,,False
figure1_supp_lam0.5,figure1_supp,373,15,0.0,0.0,0.0,,False
figure1_supp_lam0.5,figure1_supp,373,16,0.0,0.0,0.0,,False
figure1_supp_lam0.5,figure1_supp,373,17,0.8723,0.872306853282901,6.8532829010647944e-06,,False
figure1_supp_lam0.5,figure1_supp,373,18,0.0508,0.0507878008356108,1.21991643892011e-05,,False
figure1_supp_lam0.5,figure1_supp,373,19,0.0,0.0,0.0,,False
figure1_supp_lam0.5,figure1_supp,373,20,0.0769,0.0769053458814885,5.345881488497128e-06,,False
figure1_supp_lam0.5,figure1_supp,373,21,0.2939,0.293906305296912,6.30529691197923e-06,,False
figure1_supp_lam0.5,figure1_supp,374,15,0.0,0.0,0.0,,False
figure1_supp_lam0.5,figure1_supp,374,16,0.0,0.0,0.0,,False
figure1_supp_lam0.5,figure1_supp,374,17,0.8726,0.872610884584608,1.0884584607961934e-05,,False
figure1_supp_lam0.5,figure1_supp,374,18,0.0507,0.0506668775002879,3.312249971210157e-05,,False
figure1_supp_lam0.5,figure1_supp,374,19,0.0,0.0,0.0,,False
figure1_supp_lam0.5,figure1_supp,374,20,0.0767,0.076722237915104,2.223791510400086e-05,,False
figure1_supp_lam0.5,figure1_supp,374,21,0.2762,0.276179251635204,2.0748364795986074e-05,,False
figure1_supp_lam0.5,figure1_supp,375,15,0.0,0.0,0.0,,False
figure1_supp_lam0.5,figure1_supp,375,16,0.0,0.0,0.0,,False
figure1_supp_lam0.5,figure1_supp,375,17,0.8729,0.872913471557091,1.3471557090971586e-05,,False
figure1_supp_lam0.5,figure1_supp,375,18,0.0505,0.050546528622615,4.6528622614998294e-05,,False
figure1_supp_lam0.5,figure1_supp,375,19,0.0,0.0,0.0,,False
figure1_supp_lam0.5,figure1_supp,375,20,0.0765,0.0765399998202937,3.9999820293706856e-05,,False
figure1_supp_lam0.5,figure1_supp,375,21,0.2661,0.266094401437932,5.598562067998802e-06,,False
figure1_supp_lam0.5,figure1_supp,376,15,0.0,0.0,0.0,,False
figure1_supp_lam0.5,figure1_supp,376,16,0.0,0.0,0.0,,False
figure1_supp_lam0.5,figure1_supp,376,17,0.8732,0.873214624468093,1.462446809297191e-05,,False
figure1_supp_lam0.5,figure1_supp,376,18,0.0504,0.05042675011877,2.6750118769999776e-05,,False
figure1_supp_lam0.5,figure1_supp,376,19,0.0,0.0,0.0,,False
figure1_supp_lam0.5,figure1_supp,376,20,0.0764,0.0763586254131366,4.1374586863401897e-05,,False
figure1_supp_lam0.5,figure1_supp,376,21,0.1182,0.118196460245193,3.539754807005413e-06,,False
figure1_supp_lam0.5,figure1_supp,377,15,0.0,0.0,0.0,,False
figure1_supp_lam0.5,figure1_supp,377,16,0.0,0.0,0.0,,False
figure1_supp_lam0.5,figure1_supp,377,17,0.8735,0.873514353488263,1.4353488262952574e-05,,False
figure1_supp_lam0.5,figure1_supp,377,18,0.0503,0.0503075379435483,7.537943548303894e-06,,False
figure1_supp_lam0.5,figure1_supp,377,19,0.0,0.0,0.0,,False
figure1_supp_lam0.5,figure1_supp,377,20,0.0762,0.0761781085681883,2.1891431811707496e-05,,False
figure1_supp_lam0.5,figure1_supp,377,21,0.1271,0.127062484331418,3.75156685819833e-05,,False
figure1_supp_lam0.5,figure1_supp,378,15,0.0072,0.0072249283847915,2.492838479150033e-05,,False
figure1_supp_lam0.5,figure1_supp,378,16,0.2094,0.209390087845625,9.912154375013582e-06,,False
figure1_supp_lam0.5,figure1_supp,378,17,0.8732,0.873223632346672,2.3632346672020077e-05,,False
figure1_supp_lam0.5,figure1_supp,378,18,0.0503,0.0502840798887301,1.5920111269898674e-05,,False
figure1_supp_lam0.5,figure1_supp,378,19,0.0,0.0,0.0,,False
figure1_supp_lam0.5,figure1_supp,378,20,0.0765,0.0764922877645974,7.712235402593248e-06,,False
figure1_supp_lam0.5,figure1_supp,378,21,0.1058,0.105842600320305,4.260032030499461e-05,,False
figure1_supp_lam0.5,figure1_supp,379,15,0.0,0.0,0.0,,False
figure1_supp_lam0.5,figure1_supp,379,16,0.0,0.0,0.0,,False
figure1_supp_lam0.5,figure1_supp,379,17,0.872,0.871996957208559,3.0427914410324775e-06,,False
figure1_supp_lam0.5,figure1_supp,379,18,0.0508,0.0507923158988184,7.68410118159868e-06,,False
figure1_supp_lam0.5,figure1_supp,379,19,0.0,0.0,0.0,,False
figure1_supp_lam0.5,figure1_supp,379,20,0.0772,0.0772107268926223,1.072689262229809e-05,,False
figure1_supp_lam0.5,figure1_supp,379,21,0.1203,0.120295219737946,4.780262053999396e-06,,False
figure1_supp_lam0.5,figure1_supp,380,15,0.0137,0.0136993316365629,6.683634371004027e-07,,False
figure1_supp_lam0.5,figure1_supp,380,16,0.267,0.266965599193543,3.4400806457002275e-05,,False
figure1_supp_lam0.5,figure1_supp,380,17,0.8717,0.871670754024517,2.9245975483038755e-05,,False
figure1_supp_lam0.5,figure1_supp,380,18,0.0507,0.0506730851103235,2.691488967650202e-05,,False
figure1_supp_lam0.5,figure1_supp,380,19,0.0,0.0,0.0,,False
figure1_supp_lam0.5,figure1_supp,380,20,0.0777,0.0776561608651597,4.3839134840309435e-05,,False
figure1_supp_lam0.5,figure1_supp,380,21,0.1521,0.152072482479892,2.751752010801689e-05,,False
figure1_supp_lam0.5,figure1_supp,381,15,0.0,0.0,0.0,,False
figure1_supp_lam0.5,figure1_supp,381,16,0.0,0.0,0.0,,False
figure1_supp_lam0.5,figure1_supp,381,17,0.8713,0.871276430239525,2.3569760475017354e-05,,False
figure1_supp_lam0.5,figure1_supp,381,18,0.0508,0.0508301536266387,3.0153626638704245e-05,,False
figure1_supp_lam0.5,figure1_supp,381,19,0.0,0.0,0.0,,False
figure1_supp_lam0.5,figure1_supp,381,20,0.0779,0.0778934161338362,6.5838661637979135e-06,,False
figure1_supp_lam0.5,figure1_supp,381,21,0.1307,0.130733553679535,3.355367953497557e-05,,False
figure1_supp_lam0.5,figure1_supp,382,15,0.0,0.0,0.0,,False
figure1_supp_lam0.5,figure1_supp,382,16,0.0,0.0,0.0,,False
figure1_supp_lam0.5,figure1_supp,382,17,0.8716,0.871577186243638,2.2813756362038973e-05,,False
figure1_supp_lam0.5,figure1_supp,382,18,0.0507,0.050711391585455,1.1391585454996467e-05,,False
figure1_supp_lam0.5,figure1_supp,382,19,0.0,0.0,0.0,,False
figure1_supp_lam0.5,figure1_supp,382,20,0.0777,0.0777114221709067,1.1422170906688622e-05,,False
figure1_supp_lam0.5,figure1_supp,382,21,0.1145,0.114499256115842,7.438841580081901e-07,,False
figure1_supp_lam0.5,figure1_supp,383,15,0.0,0.0,0.0,,False
figure1_supp_lam0.5,figure1_supp,383,16,0.0,0.0,0.0,,False
figure1_supp_lam0.5,figure1_supp,383,17,0.8719,0.871876540121858,2.3459878142007007e-05,,False
figure1_supp_lam0.5,figure1_supp,383,18,0.0506,0.0505931832134609,6.816786539097508e-06,,False
figure1_supp_lam0.5,figure1_supp,383,19,0.0,0.0,0.0,,False
figure1_supp_lam0.5,figure1_supp,383,20,0.0775,0.0775302766646808,3.0276664680806142e-05,,False
figure1_supp_lam0.5,figure1_supp,383,21,0.0934,0.0933866649680993,1.3335031900693628e-05,,False
figure1_supp_lam0.5,figure1_supp,384,15,0.0,0.0,0.0,,False
figure1_supp_lam0.5,figure1_supp,384,16,0.0,0.0,0.0,,False
figure1_supp_lam0.5,figure1_supp,384,17,0.8722,0.872174501656459,2.5498343540930613e-05,,False
figure1_supp_lam0.5,figure1_supp,384,18,0.0505,0.0504755246478482,2.4475352151803742e-05,,False
figure1_supp_lam0.5,figure1_supp,384,19,0.0,0.0,0.0,,False
figure1_supp_lam0.5,figure1_supp,384,20,0.0773,0.0773499736956931,4.9973695693109055e-05,,False
figure1_supp_lam0.5,figure1_supp,384,21,0.0851,0.0851185613121905,1.8561312190509827e-05,,False
figure1_supp_lam0.5,figure1_supp,385,15,0.0,0.0,0.0,,False
figure1_supp_lam0.5,figure1_supp,385,16,0.0,0.0,0.0,,False
figure1_supp_lam0.5,figure1_supp,385,17,0.8725,0.872471080538926,2.891946107408394e-05,,False
figure1_supp_lam0.5,figure1_supp,385,18,0.0504,0.0503584120616583,4.158793834169866e-05,,False
figure1_supp_lam0.5,figure1_supp,385,19,0.0,0.0,0.0,,False
figure1_supp_lam0.5,figure1_supp,385,20,0.0772,0.0771705073994154,2.9492600584601902e-05,,False
figure1_supp_lam0.5,figure1_supp,385,21,0.0715,0.0715365278134238,3.652781342380895e-05,,False
figure1_supp_lam0.5,figure1_supp,386,15,0.0,0.0,0.0,,False
figure1_supp_lam0.5,figure1_supp,386,16,0.0,0.0,0.0,,False
figure1_supp_lam0.5,figure1_supp,386,17,0.8728,0.872766286371012,3.371362898807462e-05,,False
figure1_supp_lam0.5,figure1_supp,386,18,0.0502,0.0502418416633674,4.184166336739653e-05,,False
figure1_supp_lam0.5,figure1_supp,386,19,0.0,0.0,0.0,,False
figure1_supp_lam0.5,figure1_supp,386,20,0.077,0.0769918719656205,8.128034379495386e-06,,False
figure1_supp_lam0.5,figure1_supp,386,21,0.0749,0.0749422912076322,4.2291207632202954e-05,,False
figure1_supp_lam0.5,figure1_supp,387,15,0.0083,0.0083067629796603,6.762979660299498e-06,,False
figure1_supp_lam0.5,figure1_supp,387,16,0.0408,0.040755058257191,4.494174280900154e-05,,False
figure1_supp_lam0.5,figure1_supp,387,17,0.8724,0.872425850751944,2.5850751944056505e-05,,False
figure1_supp_lam0.5,figure1_supp,387,18,0.0507,0.0506659650739103,3.403492608970021e-05,,False
figure1_supp_lam0.5,figure1_supp,387,19,0.0,0.0,0.0,,False
figure1_supp_lam0.5,figure1_supp,387,20,0.0769,0.076908184174146,8.184174145997591e-06,,False
figure1_supp_lam0.5,figure1_supp,387,21,0.083,0.0829822803351203,1.771966487970622e-05,,False
figure1_supp_lam0.5,figure1_supp,388,15,0.0,0.0,0.0,,False
figure1_supp_lam0.5,figure1_supp,388,16,0.0,0.0,0.0,,False
figure1_supp_lam0.5,figure1_supp,388,17,0.8722,0.872173514668249,2.6485331750980556e-05,,False
figure1_supp_lam0.5,figure1_supp,388,18,0.0508,0.0507736401517737,2.6359848226298332e-05,,False
figure1_supp_lam0.5,figure1_supp,388,19,0.0,0.0,0.0,,False
figure1_supp_lam0.5,figure1_supp,388,20,0.0771,0.0770528451799775,4.715482002250193e-05,,False
figure1_supp_lam0.5,figure1_supp,388,21,0.1017,0.101735140728724,3.514072872400076e-05,,False
figure1_supp_lam0.5,figure1_supp,389,15,0.0,0.0,0.0,,False
figure1_supp_lam0.5,figure1_supp,389,16,0.0,0.0,0.0,,False
figure1_supp_lam0.5,figure1_supp,389,17,0.8725,0.872467368657517,3.263134248310262e-05,,False
figure1_supp_lam0.5,figure1_supp,389,18,0.0507,0.0506569191399306,4.308086006939854e-05,,False
figure1_supp_lam0.5,figure1_supp,389,19,0.0,0.0,0.0,,False
figure1_supp_lam0.5,figure1_supp,389,20,0.0769,0.0768757122025522,2.4287797447800075e-05,,False
figure1_supp_lam0.5,figure1_supp,389,21,0.09,0.0899882423722158,1.1757627784200753e-05,,False
figure1_supp_lam0.5,figure1_supp,390,15,0.0113,0.0113377942668315,3.779426683150032e-05,,False
figure1_supp_lam0.5,figure1_supp,390,16,0.2806,0.280621865629367,2.186562936695724e-05,,False
figure1_supp_lam0.5,figure1_supp,390,17,0.8721,0.872116246560529,1.6246560529009635e-05,,False
figure1_supp_lam0.5,figure1_supp,390,18,0.0505,0.050540733545573,4.073354557299763e-05,,False
figure1_supp_lam0.5,figure1_supp,390,19,0.0,0.0,0.0,,False
figure1_supp_lam0.5,figure1_supp,390,20,0.0773,0.0773430198938981,4.301989389809968e-05,,False
figure1_supp_lam0.5,figure1_supp,390,21,0.0949,0.0948942618757919,5.738124208093387e-06,,False
figure1_supp_lam0.5,figure1_supp,391,15,0.0805,0.0804963319634749,3.6680365251007263e-06,,False
figure1_supp_lam0.5,figure1_supp,391,16,0.0,0.0,0.0,,False
figure1_supp_lam0.5,figure1_supp,391,17,0.8671,0.867067912789008,3.2087210992015613e-05,,False
figure1_supp_lam0.5,figure1_supp,391,18,0.054,0.0539586966272626,4.130337273739598e-05,,False
figure1_supp_lam0.5,figure1_supp,391,19,0.0,0.0,0.0,,False
figure1_supp_lam0.5,figure1_supp,391,20,0.079,0.0789733905837293,2.6609416270695352e-05,,False
figure1_supp_lam0.5,figure1_supp,391,21,0.1355,0.13549036600255,9.63399745002036e-06,,False
figure1_supp_lam0.5,figure1_supp,392,15,0.0,0.0,0.0,,False
figure1_supp_lam0.5,figure1_supp,392,16,0.0,0.0,0.0,,False
figure1_supp_lam0.5,figure1_supp,392,17,0.8668,0.866800177203112,1.7720311196178784e-07,,False
figure1_supp_lam0.5,figure1_supp,392,18,0.0541,0.0540529226409941,4.707735900590093e-05,,False
figure1_supp_lam0.5,figure1_supp,392,19,0.0,0.0,0.0,,False
figure1_supp_lam0.5,figure1_supp,392,20,0.0791,0.0791469001558942,4.690015589420282e-05,,False
figure1_supp_lam0.5,figure1_supp,392,21,0.1523,0.152325546911265,2.554691126499531e-05,,False
figure1_supp_lam0.5,figure1_supp,393,15,0.0,0.0,0.0,,False
figure1_supp_lam0.5,figure1_supp,393,16,0.0,0.0,0.0,,False
figure1_supp_lam0.5,figure1_supp,393,17,0.8671,0.867103593655952,3.5936559520388656e-06,,False
figure1_supp_lam0.5,figure1_supp,393,18,0.0539,0.0539297952545682,2.979525456819898e-05,,False
figure1_supp_lam0.5,figure1_supp,393,19,0.0,0.0,0.0,,False
figure1_supp_lam0.5,figure1_supp,393,20,0.079,0.0789666110894798,3.338891052019621e-05,,False
figure1_supp_lam0.5,figure1_supp,393,21,0.1652,0.165187707129246,1.2292870754021523e-05,,False
figure1_supp_lam0.5,figure1_supp,394,15,0.0,0.0,0.0,,False
figure1_supp_lam0.5,figure1_supp,394,16,0.0,0.0,0.0,,False
figure1_supp_lam0.5,figure1_supp,394,17,0.8674,0.867405630943098,5.6309430980228115e-06,,False
figure1_supp_lam0.5,figure1_supp,394,18,0.0538,0.0538072275380805,7.227538080502305e-06,,False
figure1_supp_lam0.5,figure1_supp,394,19,0.0,0.0,0.0,,False
figure1_supp_lam0.5,figure1_supp,394,20,0.0788,0.078787141518822,1.2858481177990821e-05,,False
figure1_supp_lam0.5,figure1_supp,394,21,0.149,0.148953280108507,4.671989149299116e-05,,False
figure1_supp_lam0.5,figure1_supp,395,15,0.0,0.0,0.0,,False
figure1_supp_lam0.5,figure1_supp,395,16,0.0,0.0,0.0,,False
figure1_supp_lam0.5,figure1_supp,395,17,0.8677,0.867706298446628,6.2984466280280316e-06,,False
figure1_supp_lam0.5,figure1_supp,395,18,0.0537,0.0536852156842527,1.4784315747300159e-05,,False
figure1_supp_lam0.5,figure1_supp,395,19,0.0,0.0,0.0,,False
figure1_supp_lam0.5,figure1_supp,395,20,0.0786,0.0786084858691194,8.485869119390088e-06,,False
figure1_supp_lam0.5,figure1_supp,395,21,0.1432,0.143238319038927,3.8319038927009386e-05,,False
figure1_supp_lam0.5,figure1_supp,396,15,0.0,0.0,0.0,,False
figure1_supp_lam0.5,figure1_supp,396,16,0.0,0.0,0.0,,False
figure1_supp_lam0.5,figure1_supp,396,17,0.868,0.868005605463717,5.605463716973347e-06,,False
figure1_supp_lam0.5,figure1_supp,396,18,0.0536,0.0535637559202612,3.6244079738803614e-05,,False
figure1_supp_lam0.5,figure1_supp,396,19,0.0,0.0,0.0,,False
figure1_supp_lam0.5,figure1_supp,396,20,0.0784,0.0784306386160219,3.0638616021899656e-05,,False
figure1_supp_lam0.5,figure1_supp,396,21,0.1343,0.134281611146984,1.838885301599924e-05,,False
figure1_supp_lam0.5,figure1_supp,397,15,0.0,0.0,0.0,,False
figure1_supp_lam0.5,figure1_supp,397,16,0.0,0.0,0.0,,False
figure1_supp_lam0.5,figure1_supp,397,17,0.8683,0.868303561207591,3.561207591040727e-06,,False
figure1_supp_lam0.5,figure1_supp,397,18,0.0534,0.0534428445073486,4.284450734859391e-05,,False
figure1_supp_lam0.5,figure1_supp,397,19,0.0,0.0,0.0,,False
figure1_supp_lam0.5,figure1_supp,397,20,0.0783,0.0782535942850602,4.640571493980117e-05,,False
figure1_supp_lam0.5,figure1_supp,397,21,0.1406,0.140590215359175,9.784640824989088e-06,,False
figure1_supp_lam0.5,figure1_supp,398,15,0.0,0.0,0.0,,False
figure1_supp_lam0.5,figure1_supp,398,16,0.0,0.0,0.0,,False
figure1_supp_lam0.5,figure1_supp,398,17,0.8686,0.868600174808475,1.74808474917576e-07,,False
figure1_supp_lam0.5,figure1_supp,398,18,0.0533,0.0533224777404402,2.247774044020212e-05,,False
figure1_supp_lam0.5,figure1_supp,398,19,0.0,0.0,0.0,,False
figure1_supp_lam0.5,figure1_supp,398,20,0.0781,0.0780773474510849,2.265254891510582e-05,,False
figure1_supp_lam0.5,figure1_supp,398,21,0.144,0.143964679628938,3.532037106199204e-05,,False
figure1_supp_lam0.5,figure1_supp,399,15,0.0,0.0,0.0,,False
figure1_supp_lam0.5,figure1_supp,399,16,0.0,0.0,0.0,,False
figure1_supp_lam0.5,figure1_supp,399,17,0.8689,0.868895455314524,4.5446854760600175e-06,,False
figure1_supp_lam0.5,figure1_supp,399,18,0.0532,0.053202651947765,2.651947765004714e-06,,False
figure1_supp_lam0.5,figure1_supp,399,19,0.0,0.0,0.0,,False
figure1_supp_lam0.5,figure1_supp,399,20,0.0779,0.0779018927377116,1.892737711603476e-06,,False
figure1_supp_lam0.5,figure1_supp,399,21,0.1771,0.177145433038738,4.543303873799642e-05,,False
figure1_supp_lam0.5,figure1_supp,400,15,0.0,0.0,0.0,,False
figure1_supp_lam0.5,figure1_supp,400,16,0.0,0.0,0.0,,False
figure1_supp_lam0.5,figure1_supp,400,17,0.8692,0.869189411692742,1.0588307257974883e-05,,False
figure1_supp_lam0.5,figure1_supp,400,18,0.0531,0.053083363490483,1.6636509516998466e-05,,False
figure1_supp_lam0.5,figure1_supp,400,19,0.0,0.0,0.0,,False
figure1_supp_lam0.5,figure1_supp,400,20,0.0777,0.077727224816775,2.7224816775001104e-05,,False
figure1_supp_lam0.5,figure1_supp,400,21,0.1729,0.172920789988901,2.0789988901009915e-05,,False
figure1_supp_lam0.5,figure1_supp,401,15,0.0,0.0,0.0,,False
figure1_supp_lam0.5,figure1_supp,401,16,0.0,0.0,0.0,,False
figure1_supp_lam0.5,figure1_supp,401,17,0.8695,0.869482052829895,1.7947170105059307e-05,,False
figure1_supp_lam0.5,figure1_supp,401,18,0.053,0.0529646087623164,3.53912376835977e-05,,False
figure1_supp_lam0.5,figure1_supp,401,19,0.0,0.0,0.0,,False
figure1_supp_lam0.5,figure1_supp,401,20,0.0776,0.0775533384077889,4.6661592211103e-05,,False
figure1_supp_lam0.5,figure1_supp,401,21,0.186,0.186004801236218,4.801236217988336e-06,,False
figure1_supp_lam0.5,figure1_supp,402,15,0.0,0.0,0.0,,False
figure1_supp_lam0.5,figure1_supp,402,16,0.0,0.0,0.0,,False
figure1_supp_lam0.5,figure1_supp,402,17,0.8698,0.8697733875334,2.6612466599962303e-05,,False
figure1_supp_lam0.5,figure1_supp,402,18,0.0528,0.0528463841891862,4.6384189186197966e-05,,False
figure1_supp_lam0.5,figure1_supp,402,19,0.0,0.0,0.0,,False
figure1_supp_lam0.5,figure1_supp,402,20,0.0774,0.0773802282774144,1.9771722585590346e-05,,False
figure1_supp_lam0.5,figure1_supp,402,21,0.209,0.208984253488796,1.5746511203978963e-05,,False
figure1_supp_lam0.5,figure1_supp,403,15,0.0,0.0,0.0,,False
figure1_supp_lam0.5,figure1_supp,403,16,0.0,0.0,0.0,,False
figure1_supp_lam0.5,figure1_supp,403,17,0.8701,0.870063424532211,3.657546778901288e-05,,False
figure1_supp_lam0.5,figure1_supp,403,18,0.0527,0.0527286862288539,2.8686228853901097e-05,,False
figure1_supp_lam0.5,figure1_supp,403,19,0.0,0.0,0.0,,False
figure1_supp_lam0.5,figure1_supp,403,20,0.0772,0.0772078892389346,7.88923893459137e-06,,False
figure1_supp_lam0.5,figure1_supp,403,21,0.0235,0.0234848672214114,1.5132778588600876e-05,,False
figure1_supp_lam0.5,figure1_supp,404,15,0.0,0.0,0.0,,False
figure1_supp_lam0.5,figure1_supp,404,16,0.0,0.0,0.0,,False
figure1_supp_lam0.5,figure1_supp,404,17,0.8704,0.870352172477695,4.782752230492182e-05,,False
figure1_supp_lam0.5,figure1_supp,404,18,0.0526,0.0526115113705676,1.1511370567596213e-05,,False
figure1_supp_lam0.5,figure1_supp,404,19,0.0,0.0,0.0,,False
figure1_supp_lam0.5,figure1_supp,404,20,0.077,0.077036316151737,3.631615173700642e-05,,False
figure1_supp_lam0.5,figure1_supp,404,21,0.0381,0.0381017487369312,1.7487369311994239e-06,,False
figure1_supp_lam0.5,figure1_supp,405,15,0.0,0.0,0.0,,False
figure1_supp_lam0.5,figure1_supp,405,16,0.0,0.0,0.0,,False
figure1_supp_lam0.5,figure1_supp,405,17,0.8706,0.870639639944486,3.9639944485969636e-05,,False
figure1_supp_lam0.5,figure1_supp,405,18,0.0525,0.0524948561347127,5.143865287299265e-06,,False
figure1_supp_lam0.5,figure1_supp,405,19,0.0,0.0,0.0,,False
figure1_supp_lam0.5,figure1_supp,405,20,0.0769,0.0768655039208019,3.449607919810138e-05,,False
figure1_supp_lam0.5,figure1_supp,405,21,0.0417,0.0417226624147263,2.2662414726301594e-05,,False
figure1_supp_lam0.5,figure1_supp,406,15,0.0,0.0,0.0,,False
figure1_supp_lam0.5,figure1_supp,406,16,0.0,0.0,0.0,,False
figure1_supp_lam0.5,figure1_supp,406,17,0.8709,0.870925835431334,2.5835431333942616e-05,,False
figure1_supp_lam0.5,figure1_supp,406,18,0.0524,0.0523787170724677,2.1282927532305373e-05,,False
figure1_supp_lam0.5,figure1_supp,406,19,0.0,0.0,0.0,,False
figure1_supp_lam0.5,figure1_supp,406,20,0.0767,0.0766954474961983,4.552503801699692e-06,,False
figure1_supp_lam0.5,figure1_supp,406,21,0.0623,0.0623267808622067,2.6780862206698952e-05,,False
figure1_supp_lam0.5,figure1_supp,407,15,0.0198,0.0197927320433581,7.267956641902884e-06,,False
figure1_supp_lam0.5,figure1_supp,407,16,0.0,0.0,0.0,,False
figure1_supp_lam0.5,figure1_supp,407,17,0.8705,0.870505714366432,5.714366431930351e-06,,False
figure1_supp_lam0.5,figure1_supp,407,18,0.053,0.0529681437609819,3.1856239018100696e-05,,False
figure1_supp_lam0.5,figure1_supp,407,19,0.0,0.0,0.0,,False
figure1_supp_lam0.5,figure1_supp,407,20,0.0765,0.0765261418725864,2.614187258639933e-05,,False
figure1_supp_lam0.5,figure1_supp,407,21,0.084,0.084001923585423,1.9235854229887606e-06,,False
figure1_supp_lam0.5,figure1_supp,408,15,0.0,0.0,0.0,,False
figure1_supp_lam0.5,figure1_supp,408,16,0.0,0.0,0.0,,False
figure1_supp_lam0.5,figure1_supp,408,17,0.87,0.869992159413621,7.840586379037617e-06,,False
figure1_supp_lam0.5,figure1_supp,408,18,0.0532,0.0531909971228662,9.00287713379716e-06,,False
figure1_supp_lam0.5,figure1_supp,408,19,0.0,0.0,0.0,,False
figure1_supp_lam0.5,figure1_supp,408,20,0.0768,0.0768168434635129,1.6843463512911105e-05,,False
figure1_supp_lam0.5,figure1_supp,408,21,0.0853,0.0853012161153772,1.2161153772061173e-06,,False
figure1_supp_lam0.5,figure1_supp,409,15,0.0,0.0,0.0,,False
figure1_supp_lam0.5,figure1_supp,409,16,0.0,0.0,0.0,,False
figure1_supp_lam0.5,figure1_supp,409,17,0.8703,0.870277890931393,2.2109068607001348e-05,,False
figure1_supp_lam0.5,figure1_supp,409,18,0.0531,0.0530740938324863,2.590616751370345e-05,,False
figure1_supp_lam0.5,figure1_supp,409,19,0.0,0.0,0.0,,False
figure1_supp_lam0.5,figure1_supp,409,20,0.0766,0.0766480152361205,4.801523612049663e-05,,False
figure1_supp_lam0.5,figure1_supp,409,21,0.0992,0.0991505068022807,4.9493197719296944e-05,,False
figure1_supp_lam0.5,figure1_supp,410,15,0.0249,0.0249469239034769,4.692390347690173e-05,,False
figure1_supp_lam0.5,figure1_supp,410,16,0.3281,0.328098615744027,1.384255973013726e-06,,False
figure1_supp_lam0.5,figure1_supp,410,17,0.8698,0.869842854732544,4.2854732543951e-05,,False
figure1_supp_lam0.5,figure1_supp,410,18,0.053,0.0529577032758361,4.229672416389968e-05,,False
figure1_supp_lam0.5,figure1_supp,410,19,0.0,0.0,0.0,,False
figure1_supp_lam0.5,figure1_supp,410,20,0.0772,0.0771994419916203,5.580083797113167e-07,,False
figure1_supp_lam0.5,figure1_supp,410,21,0.1405,0.140485648294134,1.435170586600032e-05,,False
figure1_supp_lam0.5,figure1_supp,411,15,0.1444,0.144444970184864,4.4970184863990514e-05,,False
figure1_supp_lam0.5,figure1_supp,411,16,1.0,1.0,0.0,,False
figure1_supp_lam0.5,figure1_supp,411,17,0.8691,0.869077499382346,2.2500617653964383e-05,,False
figure1_supp_lam0.5,figure1_supp,411,18,0.0524,0.0523756493672504,2.4350632749602086e-05,,False
figure1_supp_lam0.5,figure1_supp,411,19,0.0,0.0,0.0,,False
figure1_supp_lam0.5,figure1_supp,411,20,0.0785,0.0785468512504041,4.6851250404100764e-05,,False
figure1_supp_lam0.5,figure1_supp,411,21,0.2561,0.256134617623306,3.4617623306032463e-05,,False
figure1_supp_lam0.5,figure1_supp,412,15,0.1202,0.120220482051284,2.0482051283993163e-05,,False
figure1_supp_lam0.5,figure1_supp,412,16,1.0,1.0,0.0,,False
figure1_supp_lam0.5,figure1_supp,412,17,0.8677,0.867680478188043,1.952181195707947e-05,,False
figure1_supp_lam0.5,figure1_supp,412,18,0.0521,0.0520592726526126,4.0727347387400914e-05,,False
figure1_supp_lam0.5,figure1_supp,412,19,0.0,0.0,0.0,,False
figure1_supp_lam0.5,figure1_supp,412,20,0.0803,0.0802602491593445,3.9750840655494724e-05,,False
figure1_supp_lam0.5,figure1_supp,412,21,0.257,0.257027734046008,2.7734046007976687e-05,,False
figure1_supp_lam0.5,figure1_supp,413,15,0.1355,0.135488676820694,1.1323179306022002e-05,,False
figure1_supp_lam0.5,figure1_supp,413,16,0.0,0.0,0.0,,False
figure1_supp_lam0.5,figure1_supp,413,17,0.8658,0.865786893334521,1.310666547904571e-05,,False
figure1_supp_lam0.5,figure1_supp,413,18,0.0541,0.0541303334571489,3.033345714889557e-05,,False
figure1_supp_lam0.5,figure1_supp,413,19,0.0,0.0,0.0,,False
figure1_supp_lam0.5,figure1_supp,413,20,0.0801,0.0800827732083301,1.7226791669905372e-05,,False
figure1_supp_lam0.5,figure1_supp,413,21,0.2457,0.245701766342174,1.766342173997737e-06,,False
figure1_supp_lam0.5,figure1_supp,414,15,0.0,0.0,0.0,,False
figure1_supp_lam0.5,figure1_supp,414,16,0.0,0.0,0.0,,False
figure1_supp_lam0.5,figure1_supp,414,17,0.866,0.865977095631491,2.290436850904687e-05,,False
figure1_supp_lam0.5,figure1_supp,414,18,0.054,0.0540480747453129,4.807474531290379e-05,,False
figure1_supp_lam0.5,figure1_supp,414,19,0.0,0.0,0.0,,False
figure1_supp_lam0.5,figure1_supp,414,20,0.08,0.0799748296231967,2.5170376803301808e-05,,False
figure1_supp_lam0.5,figure1_supp,414,21,0.2471,0.247146343510524,4.6343510524016196e-05,,False
figure1_supp_lam0.5,figure1_supp,415,15,0.0,0.0,0.0,,False
figure1_supp_lam0.5,figure1_supp,415,16,0.0,0.0,0.0,,False
figure1_supp_lam0.5,figure1_supp,415,17,0.8663,0.86626781776678,3.2182233219990586e-05,,False
figure1_supp_lam0.5,figure1_supp,415,18,0.0539,0.0539308338022645,3.083380226449883e-05,,False
figure1_supp_lam0.5,figure1_supp,415,19,0.0,0.0,0.0,,False
figure1_supp_lam0.5,figure1_supp,415,20,0.0798,0.0798013484309554,1.3484309554084861e-06,,False
figure1_supp_lam0.5,figure1_supp,415,21,0.2475,0.247502087872788,2.087872787992495e-06,,False
figure1_supp_lam0.5,figure1_supp,416,15,0.0,0.0,0.0,,False
figure1_supp_lam0.5,figure1_supp,416,16,0.0,0.0,0.0,,False
figure1_supp_lam0.5,figure1_supp,416,17,0.8666,0.866557281364687,4.271863531302156e-05,,False
figure1_supp_lam0.5,figure1_supp,416,18,0.0538,0.0538141003957661,1.4100395766096507e-05,,False
figure1_supp_lam0.5,figure1_supp,416,19,0.0,0.0,0.0,,False
figure1_supp_lam0.5,figure1_supp,416,20,0.0796,0.0796286182395464,2.8618239546390756e-05,,False
figure1_supp_lam0.5,figure1_supp,416,21,0.2438,0.243840142518346,4.0142518345998024e-05,,False
figure1_supp_lam0.5,figure1_supp,417,15,0.0,0.0,0.0,,False
figure1_supp_lam0.5,figure1_supp,417,16,0.0,0.0,0.0,,False
figure1_supp_lam0.5,figure1_supp,417,17,0.8668,0.866845494579882,4.5494579882010555e-05,,False
figure1_supp_lam0.5,figure1_supp,417,18,0.0537,0.053697871237244,2.128762755994329e-06,,False
figure1_supp_lam0.5,figure1_supp,417,19,0.0,0.0,0.0,,False
figure1_supp_lam0.5,figure1_supp,417,20,0.0795,0.0794566341828735,4.336581712649501e-05,,False
figure1_supp_lam0.5,figure1_supp,417,21,0.26,0.259961611209595,3.8388790405019524e-05,,False
figure1_supp_lam0.5,figure1_supp,418,15,0.0,0.0,0.0,,False
figure1_supp_lam0.5,figure1_supp,418,16,0.0,0.0,0.0,,False
figure1_supp_lam0.5,figure1_supp,418,17,0.8671,0.867132465496736,3.2465496735967214e-05,,False
figure1_supp_lam0.5,figure1_supp,418,18,0.0536,0.053582143066474,1.785693352600315e-05,,False
figure1_supp_lam0.5,figure1_supp,418,19,0.0,0.0,0.0,,False
figure1_supp_lam0.5,figure1_supp,418,20,0.0793,0.0792853914367898,1.4608563210199987e-05,,False
figure1_supp_lam0.5,figure1_supp,418,21,0.2513,0.251347207415659,4.720741565900077e-05,,False
figure1_supp_lam0.5,figure1_supp,419,15,0.0,0.0,0.0,,False
figure1_supp_lam0.5,figure1_supp,419,16,0.0,0.0,0.0,,False
figure1_supp_lam0.5,figure1_supp,419,17,0.8674,0.867418202130076,1.8202130076083733e-05,,False
figure1_supp_lam0.5,figure1_supp,419,18,0.0535,0.0534669126512773,3.308734872269764e-05,,False
figure1_supp_lam0.5,figure1_supp,419,19,0.0,0.0,0.0,,False
figure1_supp_lam0.5,figure1_supp,419,20,0.0791,0.0791148852186461,1.488521864609349e-05,,False
figure1_supp_lam0.5,figure1_supp,419,21,0.268,0.268013561853217,1.3561853216992326e-05,,False
figure1_supp_lam0.5,figure1_supp,420,15,0.0,0.0,0.0,,False
figure1_supp_lam0.5,figure1_supp,420,16,0.0,0.0,0.0,,False
figure1_supp_lam0.5,figure1_supp,420,17,0.8677,0.867702712425934,2.712425933970586e-06,,False
figure1_supp_lam0.5,figure1_supp,420,18,0.0534,0.0533521767872188,4.782321278120477e-05,,False
figure1_supp_lam0.5,figure1_supp,420,19,0.0,0.0,0.0,,False
figure1_supp_lam0.5,figure1_supp,420,20,0.0789,0.0789451107868465,4.51107868465056e-05,,False
figure1_supp_lam0.5,figure1_supp,420,21,0.2788,0.278836949300634,3.6949300634026017e-05,,False
figure2_supp_2024,figure2_supp,1,1,0.9918,0.991789940430377,1.0059569622966613e-05,tu,False
figure2_supp_2024,figure2_supp,1,2,0.1212,0.121156432996494,4.3567003505995405e-05,pval,False
figure2_supp_2024,figure2_supp,1,3,0.133,0.132747928078656,0.0002520719213439937,pval,False
figure2_supp_2024,figure2_supp,2,1,0.9908,0.990827668591585,2.7668591584983915e-05,tu,False
figure2_supp_2024,figure2_supp,2,2,0.099,0.0990319157512364,3.191575123639989e-05,pval,False
figure2_supp_2024,figure2_supp,2,3,0.1077,0.107473742728756,0.00022625727124400696,pval,False
figure2_supp_2024,figure2_supp,3,1,0.9914,0.99144162516744,4.1625167440106914e-05,tu,False
figure2_supp_2024,figure2_supp,3,2,0.111,0.111418034529732,0.00041803452973199207,pval,False
figure2_supp_2024,figure2_supp,3,3,0.121,0.121221917736057,0.00022191773605700904,pval,False
figure2_supp_2024,figure2_supp,4,1,0.9911,0.991145124499644,4.512449964400034e-05,tu,False
figure2_supp_2024,figure2_supp,4,2,0.0742,0.0741629615907804,3.703840921960577e-05,pval,False
figure2_supp_2024,figure2_supp,4,3,0.0795,0.0792776010216256,0.00022239897837440792,pval,False
figure2_supp_2024,figure2_supp,5,1,0.9909,0.990869610101755,3.0389898244997937e-05,tu,False
figure2_supp_2024,figure2_supp,5,2,0.0702,0.0700951488568953,0.00010485114310469779,pval,False
figure2_supp_2024,figure2_supp,5,3,0.0752,0.0748524766734611,0.0003475233265389094,pval,False
figure2_supp_2024,figure2_supp,6,1,0.991,0.99102268152617,2.2681526170020838e-05,tu,False
figure2_supp_2024,figure2_supp,6,2,0.0717,0.0715097512189584,0.00019024878104159648,pval,False
figure2_supp_2024,figure2_supp,6,3,0.077,0.0765978611130397,0.0004021388869602932,pval,False
figure2_supp_2024,figure2_supp,7,1,0.9914,0.991410296789799,1.0296789799024708e-05,tu,False
figure2_supp_2024,figure2_supp,7,2,0.1218,0.121824521585282,2.452158528198911e-05,pval,False
figure2_supp_2024,figure2_supp,7,3,0.1383,0.137983080949873,0.0003169190501270125,pval,False
figure2_supp_2024,figure2_supp,8,1,0.9902,0.990180196942095,1.9803057904943522e-05,tu,False
figure2_supp_2024,figure2_supp,8,2,0.0942,0.0942012908745713,1.2908745712914005e-06,pval,False
figure2_supp_2024,figure2_supp,8,3,0.1028,0.102533038461813,0.00026696153818700497,pval,False
figure2_supp_2024,figure2_supp,9,1,0.9913,0.991298495618545,1.504381454964232e-06,tu,False
figure2_supp_2024,figure2_supp,9,2,0.1177,0.117682842566079,1.715743392100011e-05,pval,False
figure2_supp_2024,figure2_supp,9,3,0.1285,0.128253933667526,0.0002460663324740098,pval,False
figure2_supp_2024,figure2_supp,10,1,0.9952,0.995204933468659,4.933468659040763e-06,tu,False
figure2_supp_2024,figure2_supp,10,2,0.1316,0.131566272578837,3.3727421163004534e-05,pval,False
figure2_supp_2024,figure2_supp,10,3,0.1441,0.143829768756044,0.00027023124395600395,pval,False
figure2_supp_2024,figure2_supp,11,1,0.9946,0.994577460745327,2.2539254672993003e-05,tu,False
figure2_supp_2024,figure2_supp,11,2,0.1222,0.122164821802097,3.5178197902996367e-05,pval,False
figure2_supp_2024,figure2_supp,11,3,0.1338,0.133484229438366,0.00031577056163401007,pval,False
figure2_supp_2024,figure2_supp,12,1,0.9919,0.991928572765537,2.8572765537027145e-05,tu,False
figure2_supp_2024,figure2_supp,12,2,0.0674,0.0674908315021064,9.083150210639768e-05,pval,False
figure2_supp_2024,figure2_supp,12,3,0.0721,0.0719119927850601,0.00018800721493990313,pval,False
figure2_supp_2024,figure2_supp,13,1,0.994,0.993956373337244,4.362666275603555e-05,tu,False
figure2_supp_2024,figure2_supp,13,2,0.0959,0.0955758060890091,0.00032419391099089423,pval,False
figure2_supp_2024,figure2_supp,13,3,0.1032,0.10258866840066,0.0006113315993400009,pval,False
figure2_supp_2024,figure2_supp,14,1,0.9927,0.992734321409866,3.43214098659228e-05,tu,False
figure2_supp_2024,figure2_supp,14,2,0.0964,0.096418434697026,1.8434697026004088e-05,pval,False
figure2_supp_2024,figure2_supp,14,3,0.1022,0.102002334000161,0.0001976659998390029,pval,False
figure2_supp_2024,figure2_supp,15,1,0.9934,0.993386487433153,1.3512566846896057e-05,tu,False
figure2_supp_2024,figure2_supp,15,2,0.1019,0.101936747181479,3.674718147900213e-05,pval,False
figure2_supp_2024,figure2_supp,15,3,0.1092,0.108951829362962,0.00024817063703801157,pval,False
figure2_supp_2024,figure2_supp,16,1,0.9931,0.993148011367327,4.801136732701661e-05,tu,False
figure2_supp_2024,figure2_supp,16,2,0.1085,0.108550818075054,5.0818075053998824e-05,pval,False
figure2_supp_2024,figure2_supp,16,3,0.1159,0.11566957272683,0.00023042727317000578,pval,False
figure2_supp_2024,figure2_supp,17,1,0.9941,0.994080832258807,1.916774119303799e-05,tu,False
figure2_supp_2024,figure2_supp,17,2,0.1082,0.108201837464983,1.8374649830010803e-06,pval,False
figure2_supp_2024,figure2_supp,17,3,0.1167,0.116468205271049,0.00023179472895100417,pval,False
figure2_supp_2024,figure2_supp,18,1,0.9924,0.992384542315096,1.5457684903963376e-05,tu,False
figure2_supp_2024,figure2_supp,18,2,0.1012,0.101174218067251,2.5781932748991654e-05,pval,False
figure2_supp_2024,figure2_supp,18,3,0.1102,0.109925875936287,0.0002741240637130077,pval,False
figure2_supp_2019,figure2_supp,1,4,0.9867,0.986677480114218,2.2519885782057436e-05,tu,False
figure2_supp_2019,figure2_supp,1,5,0.0799,0.0798648906058019,3.510939419809622e-05,pval,False
figure2_supp_2019,figure2_supp,1,6,0.0849,0.0846484374271238,0.00025156257287620165,pval,False
figure2_supp_2019,figure2_supp,2,4,0.9863,0.986342181953915,4.2181953915032544e-05,tu,False
figure2_supp_2019,figure2_supp,2,5,0.0793,0.079250810004307,4.918999569299143e-05,pval,False
figure2_supp_2019,figure2_supp,2,6,0.0845,0.084164805320263,0.0003351946797369998,pval,False
figure2_supp_2019,figure2_supp,3,4,0.987,0.987015616524646,1.5616524645989394e-05,tu,False
figure2_supp_2019,figure2_supp,3,5,0.0864,0.0867886737144987,0.00038867371449870236,pval,False
figure2_supp_2019,figure2_supp,3,6,0.0924,0.0924586426969636,5.8642696963609464e-05,pval,False
figure2_supp_2019,figure2_supp,4,4,0.9889,0.988930843484167,3.084348416704241e-05,tu,False
figure2_supp_2019,figure2_supp,4,5,0.0881,0.0880653705886856,3.4629411314393566e-05,pval,False
figure2_supp_2019,figure2_supp,4,6,0.0939,0.0936064217522176,0.0002935782477823945,pval,False
figure2_supp_2019,figure2_supp,5,4,0.9886,0.9885652039354,3.4796064599995624e-05,tu,False
figure2_supp_2019,figure2_supp,5,5,0.0834,0.0834040108614491,4.010861449091352e-06,pval,False
figure2_supp_2019,figure2_supp,5,6,0.0889,0.0885655698398866,0.0003344301601134053,pval,False
figure2_supp_2019,figure2_supp,6,4,0.9888,0.988756323107604,4.367689239603845e-05,tu,False
figure2_supp_2019,figure2_supp,6,5,0.0848,0.0848042228373186,4.222837318601513e-06,pval,False
figure2_supp_2019,figure2_supp,6,6,0.0906,0.0902847959841909,0.0003152040158091035,pval,False
figure2_supp_2019,figure2_supp,7,4,0.9857,0.985683722227245,1.6277772755035613e-05,tu,False
figure2_supp_2019,figure2_supp,7,5,0.0769,0.0769421927266537,4.219272665370588e-05,pval,False
figure2_supp_2019,figure2_supp,7,6,0.0845,0.0842437118834389,0.0002562881165611014,pval,False
figure2_supp_2019,figure2_supp,8,4,0.9853,0.985257212853892,4.278714610794765e-05,tu,False
figure2_supp_2019,figure2_supp,8,5,0.0736,0.0736331320161276,3.3132016127604413e-05,pval,False
figure2_supp_2019,figure2_supp,8,6,0.0785,0.0781631277807147,0.0003368722192853002,pval,False
figure2_supp_2019,figure2_supp,9,4,0.987,0.987014511534589,1.4511534588979025e-05,tu,False
figure2_supp_2019,figure2_supp,9,5,0.0969,0.0969108645323919,1.0864532391893778e-05,pval,False
figure2_supp_2019,figure2_supp,9,6,0.104,0.103683199643021,0.000316800356978994,pval,False
figure2_supp_2019,figure2_supp,10,4,0.9941,0.994144357964929,4.435796492896493e-05,tu,False
figure2_supp_2019,figure2_supp,10,5,0.1487,0.148740622305271,4.0622305270993087e-05,pval,False
figure2_supp_2019,figure2_supp,10,6,0.1613,0.161006260703138,0.0002937392968619945,pval,False
figure2_supp_2019,figure2_supp,11,4,0.9934,0.993404014103919,4.014103919036671e-06,tu,False
figure2_supp_2019,figure2_supp,11,5,0.1415,0.141455408125528,4.4591874471977544e-05,pval,False
figure2_supp_2019,figure2_supp,11,6,0.1542,0.153830706403505,0.0003692935964950128,pval,False
figure2_supp_2019,figure2_supp,12,4,0.9898,0.989826297500278,2.6297500277938646e-05,tu,False
figure2_supp_2019,figure2_supp,12,5,0.079,0.0789712645211105,2.8735478889499455e-05,pval,False
figure2_supp_2019,figure2_supp,12,6,0.0837,0.0833937782339291,0.00030622176607089657,pval,False
figure2_supp_2019,figure2_supp,13,4,0.9928,0.992767793001115,3.220699888506484e-05,tu,False
figure2_supp_2019,figure2_supp,13,5,0.1179,0.117910618113757,1.0618113756993841e-05,pval,False
figure2_supp_2019,figure2_supp,13,6,0.1263,0.125987230223212,0.00031276977678798557,pval,False
figure2_supp_2019,figure2_supp,14,4,0.9911,0.991056586470289,4.341352971093393e-05,tu,False
figure2_supp_2019,figure2_supp,14,5,0.1132,0.113212391785429,1.2391785429000102e-05,pval,False
figure2_supp_2019,figure2_supp,14,6,0.1196,0.11927463264209,0.00032536735791000027,pval,False
figure2_supp_2019,figure2_supp,15,4,0.9918,0.991773453279778,2.6546720222064835e-05,tu,False
figure2_supp_2019,figure2_supp,15,5,0.1169,0.116930984440694,3.0984440693992976e-05,pval,False
figure2_supp_2019,figure2_supp,15,6,0.1246,0.124243969299453,0.0003560307005470026,pval,False
figure2_supp_2019,figure2_supp,16,4,0.9915,0.991528245997971,2.824599797091043e-05,tu,False
figure2_supp_2019,figure2_supp,16,5,0.1254,0.125449249854825,4.924985482498978e-05,pval,False
figure2_supp_2019,figure2_supp,16,6,0.1335,0.133145628247962,0.0003543717520380074,pval,False
figure2_supp_2019,figure2_supp,17,4,0.9926,0.992645225626121,4.5225626120970475e-05,tu,False
figure2_supp_2019,figure2_supp,17,5,0.123,0.122967637333043,3.236266695699763e-05,pval,False
figure2_supp_2019,figure2_supp,17,6,0.1317,0.131356717838571,0.00034328216142900936,pval,False
figure2_supp_2019,figure2_supp,18,4,0.9894,0.989397427717802,2.5722821979101695e-06,tu,False
figure2_supp_2019,figure2_supp,18,5,0.0946,0.0945936969043555,6.303095644505374e-06,pval,False
figure2_supp_2019,figure2_supp,18,6,0.0999,0.0996067558119798,0.0002932441880202086,pval,False
figure3_supp_2024,figure3_supp,1,1,1.0086,1.00856519629608,3.4803703919950024e-05,tu,False
figure3_supp_2024,figure3_supp,1,2,0.2253,0.22525474923039,4.525076961001129e-05,pval,False
figure3_supp_2024,figure3_supp,1,3,0.6523,0.652489607641403,0.00018960764140296682,pval,False
figure3_supp_2024,figure3_supp,2,1,1.0056,1.00560847683088,8.476830879899921e-06,tu,False
figure3_supp_2024,figure3_supp,2,2,0.1923,0.192327816246168,2.7816246167988723e-05,pval,False
figure3_supp_2024,figure3_supp,2,3,0.6008,0.600941569209052,0.00014156920905195047,pval,False
figure3_supp_2024,figure3_supp,3,1,0.9986,0.998603167714387,3.167714386909104e-06,tu,False
figure3_supp_2024,figure3_supp,3,2,0.1431,0.143445432712415,0.00034543271241499474,pval,False
figure3_supp_2024,figure3_supp,3,3,0.4734,0.473933237831352,0.000533237831352007,pval,False
figure3_supp_2024,figure3_supp,4,1,0.9965,0.996475116201432,2.4883798568020588e-05,tu,False
figure3_supp_2024,figure3_supp,4,2,0.1229,0.122861763713645,3.823628635499232e-05,pval,False
figure3_supp_2024,figure3_supp,4,3,0.4338,0.433753677930544,4.632206945603956e-05,pval,False
figure3_supp_2024,figure3_supp,5,1,0.9971,0.997110371915236,1.0371915236007112e-05,tu,False
figure3_supp_2024,figure3_supp,5,2,0.13,0.129949760741045,5.023925895500381e-05,pval,False
figure3_supp_2024,figure3_supp,5,3,0.4463,0.446117794146007,0.00018220585399297828,pval,False
figure3_supp_2024,figure3_supp,6,1,0.9971,0.997117728423095,1.7728423094998114e-05,tu,False
figure3_supp_2024,figure3_supp,6,2,0.1302,0.130087478142581,0.00011252185741900123,pval,False
figure3_supp_2024,figure3_supp,6,3,0.4465,0.44607381834031,0.0004261816596899948,pval,False
figure3_supp_2024,figure3_supp,7,1,1.0008,1.00080537355512,5.373555119980722e-06,tu,False
figure3_supp_2024,figure3_supp,7,2,0.1538,0.153766169487055,3.38305129450045e-05,pval,False
figure3_supp_2024,figure3_supp,7,3,0.515,0.515066933245204,6.6933245204015e-05,pval,False
figure3_supp_2024,figure3_supp,8,1,0.9982,0.998176323284252,2.3676715747988908e-05,tu,False
figure3_supp_2024,figure3_supp,8,2,0.1319,0.131904913908482,4.913908482007123e-06,pval,False
figure3_supp_2024,figure3_supp,8,3,0.4658,0.465742441555122,5.7558444877980897e-05,pval,False
figure3_supp_2024,figure3_supp,9,1,0.9999,0.99993598289357,3.598289356998574e-05,tu,False
figure3_supp_2024,figure3_supp,9,2,0.1466,0.146644281769147,4.4281769147003214e-05,pval,False
figure3_supp_2024,figure3_supp,9,3,0.4988,0.498788128869111,1.1871130889018477e-05,pval,False
figure3_supp_2024,figure3_supp,10,1,1.0187,1.01874848952793,4.848952793001793e-05,tu,False
figure3_supp_2024,figure3_supp,10,2,0.3912,0.391216630076155,1.6630076154988682e-05,pval,False
figure3_supp_2024,figure3_supp,10,3,0.8117,0.811940171866759,0.00024017186675906466,pval,False
figure3_supp_2024,figure3_supp,11,1,1.0116,1.01155167889211,4.8321107890103576e-05,tu,False
figure3_supp_2024,figure3_supp,11,2,0.3415,0.341473321730035,2.6678269965052515e-05,pval,False
figure3_supp_2024,figure3_supp,11,3,0.7088,0.709009382315422,0.00020938231542200203,pval,False
figure3_supp_2024,figure3_supp,12,1,1.008,1.00803224825278,3.2248252779920605e-05,tu,False
figure3_supp_2024,figure3_supp,12,2,0.2377,0.237782974063345,8.297406334500934e-05,pval,False
figure3_supp_2024,figure3_supp,12,3,0.6414,0.641674199731681,0.0002741997316810796,pval,False
figure3_supp_2024,figure3_supp,13,1,1.0167,1.01669656250493,3.4374950699245232e-06,tu,False
figure3_supp_2024,figure3_supp,13,2,0.3489,0.348618157640767,0.0002818423592330088,pval,False
figure3_supp_2024,figure3_supp,13,3,0.7678,0.767822665790392,2.266579039200689e-05,pval,False
figure3_supp_2024,figure3_supp,14,1,1.0024,1.00241425915088,1.4259150880047144e-05,tu,False
figure3_supp_2024,figure3_supp,14,2,0.1645,0.164577623561272,7.762356127199999e-05,pval,False
figure3_supp_2024,figure3_supp,14,3,0.5463,0.546433602347847,0.00013360234784698388,pval,False
figure3_supp_2024,figure3_supp,15,1,1.0159,1.01593745588751,3.7455887510029484e-05,tu,False
figure3_supp_2024,figure3_supp,15,2,0.3388,0.338816771430387,1.6771430387030328e-05,pval,False
figure3_supp_2024,figure3_supp,15,3,0.7858,0.786058377653725,0.00025837765372493937,pval,False
figure3_supp_2024,figure3_supp,16,1,1.0195,1.01947668733027,2.3312669729991242e-05,tu,False
figure3_supp_2024,figure3_supp,16,2,0.428,0.428074035154421,7.403515442100383e-05,pval,False
figure3_supp_2024,figure3_supp,16,3,0.829,0.829379790660857,0.00037979066085702673,pval,False
figure3_supp_2024,figure3_supp,17,1,1.0129,1.0128794928287,2.0507171299977145e-05,tu,False
figure3_supp_2024,figure3_supp,17,2,0.3044,0.30436106427261,3.8935727389999286e-05,pval,False
figure3_supp_2024,figure3_supp,17,3,0.7303,0.730503974433066,0.00020397443306607865,pval,False
figure3_supp_2024,figure3_supp,18,1,1.0031,1.00306191245796,3.808754204004394e-05,tu,False
figure3_supp_2024,figure3_supp,18,2,0.2173,0.217252696294386,4.730370561398245e-05,pval,False
figure3_supp_2024,figure3_supp,18,3,0.5558,0.555845753149672,4.5753149672034255e-05,pval,False
figure3_supp_2019,figure3_supp,1,4,1.0118,1.01183874494305,3.87449430498954e-05,tu,False
figure3_supp_2019,figure3_supp,1,5,0.3519,0.351937337860836,3.733786083598423e-05,pval,False
figure3_supp_2019,figure3_supp,1,6,0.6984,0.698662817168217,0.00026281716821696666,pval,False
figure3_supp_2019,figure3_supp,2,4,1.0093,1.00929821881885,1.7811811501289299e-06,tu,False
figure3_supp_2019,figure3_supp,2,5,0.3151,0.315076236017276,2.3763982723967736e-05,pval,False
figure3_supp_2019,figure3_supp,2,6,0.6564,0.65660189980495,0.00020189980495000093,pval,False
figure3_supp_2019,figure3_supp,3,4,1.0016,1.00164390158552,4.39015855200342e-05,tu,False
figure3_supp_2019,figure3_supp,3,5,0.2263,0.226838387870274,0.000538387870273993,pval,False
figure3_supp_2019,figure3_supp,3,6,0.5282,0.529027657813399,0.0008276578133989965,pval,False
figure3_supp_2019,figure3_supp,4,4,1.0079,1.00788714355755,1.2856442449971084e-05,tu,False
figure3_supp_2019,figure3_supp,4,5,0.3181,0.318087405746517,1.259425348298926e-05,pval,False
figure3_supp_2019,figure3_supp,4,6,0.6448,0.645030499371454,0.0002304993714539183,pval,False
figure3_supp_2019,figure3_supp,5,4,1.0096,1.00960276638146,2.7663814599065972e-06,tu,False
figure3_supp_2019,figure3_supp,5,5,0.3484,0.348393251623597,6.748376402965217e-06,pval,False
figure3_supp_2019,figure3_supp,5,6,0.6716,0.671801694300159,0.00020169430015903878,pval,False
figure3_supp_2019,figure3_supp,6,4,1.0092,1.00924082939884,4.0829398839870024e-05,tu,False
figure3_supp_2019,figure3_supp,6,5,0.341,0.340987918993438,1.208100656202582e-05,pval,False
figure3_supp_2019,figure3_supp,6,6,0.6671,0.667317977509605,0.00021797750960494966,pval,False
figure3_supp_2019,figure3_supp,7,4,1.0056,1.00555544092465,4.4559075349948074e-05,tu,False
figure3_supp_2019,figure3_supp,7,5,0.2674,0.267361205312989,3.8794687011012297e-05,pval,False
figure3_supp_2019,figure3_supp,7,6,0.6012,0.601358985977311,0.00015898597731101027,pval,False
figure3_supp_2019,figure3_supp,8,4,1.0054,1.00541024895894,1.0248958939973463e-05,tu,False
figure3_supp_2019,figure3_supp,8,5,0.2718,0.271785304906677,1.4695093322969477e-05,pval,False
figure3_supp_2019,figure3_supp,8,6,0.5989,0.599024218225559,0.00012421822555896966,pval,False
figure3_supp_2019,figure3_supp,9,4,1.0043,1.00429181942103,8.180578970007346e-06,tu,False
figure3_supp_2019,figure3_supp,9,5,0.257,0.257039879797487,3.987979748698578e-05,pval,False
figure3_supp_2019,figure3_supp,9,6,0.5778,0.577904466814465,0.0001044668144649652,pval,False
figure3_supp_2019,figure3_supp,10,4,1.031,1.03101087742754,1.0877427540023632e-05,tu,False
figure3_supp_2019,figure3_supp,10,5,0.6448,0.644765783584369,3.4216415631060926e-05,pval,False
figure3_supp_2019,figure3_supp,10,6,0.8974,0.897701571841702,0.00030157184170198637,pval,False
figure3_supp_2019,figure3_supp,11,4,1.0251,1.02511984059614,1.984059614001943e-05,tu,False
figure3_supp_2019,figure3_supp,11,5,0.6639,0.663925175829448,2.5175829447943165e-05,pval,False
figure3_supp_2019,figure3_supp,11,6,0.8769,0.877197704158252,0.00029770415825203234,pval,False
figure3_supp_2019,figure3_supp,12,4,1.023,1.02302930871778,2.9308717780063276e-05,tu,False
figure3_supp_2019,figure3_supp,12,5,0.5569,0.556902865095863,2.8650958630027645e-06,pval,False
figure3_supp_2019,figure3_supp,12,6,0.8405,0.840830074485752,0.0003300744857519522,pval,False
figure3_supp_2019,figure3_supp,13,4,1.0329,1.03288431245966,1.568754033987041e-05,tu,False
figure3_supp_2019,figure3_supp,13,5,0.6755,0.675521766005673,2.1766005673051758e-05,pval,False
figure3_supp_2019,figure3_supp,13,6,0.9127,0.91298878389508,0.0002887838950800248,pval,False
figure3_supp_2019,figure3_supp,14,4,1.0162,1.01620589439901,5.894399009997997e-06,tu,False
figure3_supp_2019,figure3_supp,14,5,0.4525,0.452502753424755,2.75342475497542e-06,pval,False
figure3_supp_2019,figure3_supp,14,6,0.8059,0.806268010020116,0.0003680100201161052,pval,False
figure3_supp_2019,figure3_supp,15,4,1.0288,1.02878984313545,1.0156864549859534e-05,tu,False
figure3_supp_2019,figure3_supp,15,5,0.6527,0.652747756199805,4.7756199805015775e-05,pval,False
figure3_supp_2019,figure3_supp,15,6,0.9122,0.912541315625658,0.00034131562565797857,pval,False
figure3_supp_2019,figure3_supp,16,4,1.0274,1.02743426245702,3.426245701998454e-05,tu,False
figure3_supp_2019,figure3_supp,16,5,0.6682,0.668225252952346,2.5252952346010993e-05,pval,False
figure3_supp_2019,figure3_supp,16,6,0.8996,0.899876300017568,0.0002763000175680652,pval,False
figure3_supp_2019,figure3_supp,17,4,1.0304,1.03035531842715,4.4681572850091555e-05,tu,False
figure3_supp_2019,figure3_supp,17,5,0.7103,0.710312120436662,1.2120436661988698e-05,pval,False
figure3_supp_2019,figure3_supp,17,6,0.9279,0.928166406836191,0.00026640683619105765,pval,False
figure3_supp_2019,figure3_supp,18,4,1.0202,1.02018806645463,1.1933545370101939e-05,tu,False
figure3_supp_2019,figure3_supp,18,5,0.5477,0.547719506001721,1.95060017210702e-05,pval,False
figure3_supp_2019,figure3_supp,18,6,0.8091,0.809480407255695,0.00038040725569499223,pval,False
figure4_supp_2024,figure4_supp,1,1,0.9688,0.968599064834981,0.00020093516501895614,tu,False
figure4_supp_2024,figure4_supp,1,2,0.0509,0.0572978637281388,0.006397863728138796,pval,False
figure4_supp_2024,figure4_supp,1,3,0.0652,0.0728447983146162,0.007644798314616202,pval,False
figure4_supp_2024,figure4_supp,2,1,0.9649,0.962738996513887,0.0021610034861130334,tu,False
figure4_supp_2024,figure4_supp,2,2,0.0407,0.0400753658470031,0.0006246341529968988,pval,False
figure4_supp_2024,figure4_supp,2,3,0.0513,0.0502415791711339,0.0010584208288660982,pval,False
figure4_supp_2024,figure4_supp,3,1,0.9762,0.968655953155087,0.007544046844912944,tu,False
figure4_supp_2024,figure4_supp,3,2,0.0945,0.0622867627418888,0.0322132372581112,pval,False
figure4_supp_2024,figure4_supp,3,3,0.1333,0.0817600178903384,0.0515399821096616,pval,True
figure4_supp_2024,figure4_supp,4,1,0.9718,0.963870956570148,0.007929043429852012,tu,False
figure4_supp_2024,figure4_supp,4,2,0.0533,0.0557742916614778,0.0024742916614777996,pval,False
figure4_supp_2024,figure4_supp,4,3,0.0739,0.0646822830463332,0.009217716953666799,pval,False
figure4_supp_2024,figure4_supp,5,1,0.9684,0.964586982651808,0.0038130173481920604,tu,False
figure4_supp_2024,figure4_supp,5,2,0.0453,0.0537797522021086,0.0084797522021086,pval,True
figure4_supp_2024,figure4_supp,5,3,0.0601,0.0606133821144705,0.0005133821144705022,pval,False
figure4_supp_2024,figure4_supp,6,1,0.9704,0.965049077100247,0.00535092289975303,tu,False
figure4_supp_2024,figure4_supp,6,2,0.0516,0.0558405355363123,0.004240535536312297,pval,False
figure4_supp_2024,figure4_supp,6,3,0.0694,0.0643313782111339,0.005068621788866107,pval,False
figure4_supp_2024,figure4_supp,7,1,0.9661,0.964760506041012,0.001339493958987914,tu,False
figure4_supp_2024,figure4_supp,7,2,0.0341,0.0339495893706124,0.0001504106293876012,pval,False
figure4_supp_2024,figure4_supp,7,3,0.0475,0.0504542562118174,0.0029542562118173993,pval,True
figure4_supp_2024,figure4_supp,8,1,0.9596,0.960979435421015,0.0013794354210150406,tu,False
figure4_supp_2024,figure4_supp,8,2,0.0234,0.0283719235200495,0.0049719235200495,pval,False
figure4_supp_2024,figure4_supp,8,3,0.0307,0.037258674721995,0.0065586747219949955,pval,False
figure4_supp_2024,figure4_supp,9,1,0.9728,0.969314973277118,0.0034850267228819787,tu,False
figure4_supp_2024,figure4_supp,9,2,0.059,0.0532892657562187,0.005710734243781296,pval,False
figure4_supp_2024,figure4_supp,9,3,0.0819,0.071938558135422,0.009961441864577994,pval,False
figure4_supp_2024,figure4_supp,10,1,0.9795,0.972697704005205,0.006802295994794982,tu,False
figure4_supp_2024,figure4_supp,10,2,0.0573,0.0628902738837167,0.005590273883716697,pval,False
figure4_supp_2024,figure4_supp,10,3,0.0771,0.072429576965102,0.004670423034898008,pval,False
figure4_supp_2024,figure4_supp,11,1,0.9915,0.983561999497426,0.007938000502574094,tu,False
figure4_supp_2024,figure4_supp,11,2,0.1297,0.103029111089999,0.02667088891000101,pval,False
figure4_supp_2024,figure4_supp,11,3,0.2614,0.165450128434537,0.09594987156546303,pval,False
figure4_supp_2024,figure4_supp,12,1,0.9864,0.977315023105196,0.009084976894804031,tu,False
figure4_supp_2024,figure4_supp,12,2,0.1274,0.0728307639102865,0.05456923608971351,pval,True
figure4_supp_2024,figure4_supp,12,3,0.1962,0.101628450719489,0.09457154928051101,pval,False
figure4_supp_2024,figure4_supp,13,1,0.9868,0.982866730895292,0.003933269104708037,tu,False
figure4_supp_2024,figure4_supp,13,2,0.0973,0.0921388800316847,0.005161119968315295,pval,False
figure4_supp_2024,figure4_supp,13,3,0.1596,0.13228724980724,0.02731275019276,pval,False
figure4_supp_2024,figure4_supp,14,1,0.9815,0.982742254177754,0.0012422541777539209,tu,False
figure4_supp_2024,figure4_supp,14,2,0.0852,0.131077274092961,0.045877274092960996,pval,True
figure4_supp_2024,figure4_supp,14,3,0.1184,0.18262639345792,0.06422639345792,pval,False
figure4_supp_2024,figure4_supp,15,1,0.976,0.976697224851377,0.0006972248513770207,tu,False
figure4_supp_2024,figure4_supp,15,2,0.0403,0.0572264558641102,0.0169264558641102,pval,True
figure4_supp_2024,figure4_supp,15,3,0.049,0.0747122519587353,0.025712251958735305,pval,True
figure4_supp_2024,figure4_supp,16,1,0.9797,0.98021611411399,0.0005161141139899961,tu,False
figure4_supp_2024,figure4_supp,16,2,0.0586,0.0768345283655812,0.018234528365581204,pval,False
figure4_supp_2024,figure4_supp,16,3,0.0798,0.109704188120814,0.02990418812081401,pval,True
figure4_supp_2024,figure4_supp,17,1,0.9785,0.975915409170531,0.0025845908294690467,tu,False
figure4_supp_2024,figure4_supp,17,2,0.0512,0.0609229998170295,0.009722999817029496,pval,False
figure4_supp_2024,figure4_supp,17,3,0.0657,0.0820320039903109,0.0163320039903109,pval,False
figure4_supp_2024,figure4_supp,18,1,0.9852,0.985145126097708,5.48739022919742e-05,tu,False
figure4_supp_2024,figure4_supp,18,2,0.0629,0.0809718187881977,0.018071818788197705,pval,False
figure4_supp_2024,figure4_supp,18,3,0.0911,0.129147380251764,0.038047380251764004,pval,True
figure4_supp_2019,figure4_supp,1,4,0.9667,0.963343241951925,0.0033567580480750037,tu,False
figure4_supp_2019,figure4_supp,1,5,0.0698,0.0813320326215459,0.011532032621545896,pval,False
figure4_supp_2019,figure4_supp,1,6,0.0856,0.09584716719408,0.010247167194080004,pval,False
figure4_supp_2019,figure4_supp,2,4,0.9637,0.960388486120887,0.0033115138791129928,tu,False
figure4_supp_2019,figure4_supp,2,5,0.0607,0.069388374416272,0.008688374416272009,pval,False
figure4_supp_2019,figure4_supp,2,6,0.0751,0.0833399504431483,0.008239950443148306,pval,False
figure4_supp_2019,figure4_supp,3,4,0.9781,0.969178891013568,0.008921108986431947,tu,False
figure4_supp_2019,figure4_supp,3,5,0.1402,0.111610584816527,0.028589415183472994,pval,False
figure4_supp_2019,figure4_supp,3,6,0.1899,0.138315370973015,0.05158462902698502,pval,False
figure4_supp_2019,figure4_supp,4,4,0.977,0.973246102653132,0.0037538973468679293,tu,False
figure4_supp_2019,figure4_supp,4,5,0.0941,0.0914188988776327,0.002681101122367302,pval,False
figure4_supp_2019,figure4_supp,4,6,0.124,0.116257364077321,0.007742635922679,pval,False
figure4_supp_2019,figure4_supp,5,4,0.9755,0.974114264779366,0.0013857352206340101,tu,False
figure4_supp_2019,figure4_supp,5,5,0.0777,0.0788651941725481,0.0011651941725480952,pval,False
figure4_supp_2019,figure4_supp,5,6,0.1029,0.102399648191305,0.0005003518086950098,pval,False
figure4_supp_2019,figure4_supp,6,4,0.9768,0.97308135516289,0.003718644837110041,tu,False
figure4_supp_2019,figure4_supp,6,5,0.0828,0.0727179738191361,0.010082026180863901,pval,False
figure4_supp_2019,figure4_supp,6,6,0.1095,0.0948249352210799,0.014675064778920097,pval,True
figure4_supp_2019,figure4_supp,7,4,0.961,0.960035079702236,0.0009649202977639604,tu,False
figure4_supp_2019,figure4_supp,7,5,0.0416,0.0559868345561032,0.0143868345561032,pval,True
figure4_supp_2019,figure4_supp,7,6,0.0534,0.0709770404791836,0.017577040479183598,pval,False
figure4_supp_2019,figure4_supp,8,4,0.958,0.957115106645181,0.0008848933548190052,tu,False
figure4_supp_2019,figure4_supp,8,5,0.0377,0.0501294335213673,0.0124294335213673,pval,True
figure4_supp_2019,figure4_supp,8,6,0.0481,0.0617066508216519,0.013606650821651904,pval,True
figure4_supp_2019,figure4_supp,9,4,0.9734,0.966429339738196,0.00697066026180404,tu,False
figure4_supp_2019,figure4_supp,9,5,0.0892,0.0830778740478904,0.0061221259521096055,pval,False
figure4_supp_2019,figure4_supp,9,6,0.1209,0.105048890070961,0.015851109929038987,pval,False
figure4_supp_2019,figure4_supp,10,4,0.9871,0.978573606856293,0.008526393143706956,tu,False
figure4_supp_2019,figure4_supp,10,5,0.0684,0.0434467976879531,0.024953202312046903,pval,True
figure4_supp_2019,figure4_supp,10,6,0.0997,0.043731028428643,0.055968971571356996,pval,True
figure4_supp_2019,figure4_supp,11,4,0.9981,0.988052558091606,0.010047441908394017,tu,False
figure4_supp_2019,figure4_supp,11,5,0.2341,0.139122690421376,0.09497730957862399,pval,False
figure4_supp_2019,figure4_supp,11,6,0.4393,0.219242472977096,0.22005752702290401,pval,False
figure4_supp_2019,figure4_supp,12,4,0.9916,0.981249285875743,0.010350714124257032,tu,False
figure4_supp_2019,figure4_supp,12,5,0.2094,0.0851769760159629,0.1242230239840371,pval,True
figure4_supp_2019,figure4_supp,12,6,0.3051,0.109769596705468,0.195330403294532,pval,False
figure4_supp_2019,figure4_supp,13,4,0.9891,0.984929091114302,0.004170908885697933,tu,False
figure4_supp_2019,figure4_supp,13,5,0.1348,0.0982549536759623,0.0365450463240377,pval,True
figure4_supp_2019,figure4_supp,13,6,0.1942,0.118085969669529,0.07611403033047101,pval,False
figure4_supp_2019,figure4_supp,14,4,0.9883,0.990804050206147,0.0025040502061470793,tu,False
figure4_supp_2019,figure4_supp,14,5,0.1468,0.192913751618184,0.046113751618183985,pval,False
figure4_supp_2019,figure4_supp,14,6,0.1942,0.258349108370276,0.06414910837027601,pval,False
figure4_supp_2019,figure4_supp,15,4,0.98,0.980419902405605,0.00041990240560496606,tu,False
figure4_supp_2019,figure4_supp,15,5,0.0718,0.071452941684885,0.00034705831511500085,pval,False
figure4_supp_2019,figure4_supp,15,6,0.0832,0.0828327754739571,0.000367224526042903,pval,False
figure4_supp_2019,figure4_supp,16,4,0.985,0.983675129850453,0.001324870149546964,tu,False
figure4_supp_2019,figure4_supp,16,5,0.1065,0.0964288150794905,0.010071184920509499,pval,True
figure4_supp_2019,figure4_supp,16,6,0.1381,0.122028158684166,0.016071841315834,pval,False
figure4_supp_2019,figure4_supp,17,4,0.9833,0.981539438466202,0.0017605615337979996,tu,False
figure4_supp_2019,figure4_supp,17,5,0.0868,0.0695504214319884,0.017249578568011598,pval,False
figure4_supp_2019,figure4_supp,17,6,0.1061,0.0907535363404089,0.015346463659591095,pval,True
figure4_supp_2019,figure4_supp,18,4,0.9829,0.983242755402848,0.0003427554028480051,tu,False
figure4_supp_2019,figure4_supp,18,5,0.0683,0.074192554346159,0.0058925543461589985,pval,False
figure4_supp_2019,figure4_supp,18,6,0.0834,0.0957348063467096,0.012334806346709595,pval,False
figure5_supp_2024,figure5_supp,1,1,0.967,0.967009312881509,9.312881509071502e-06,tu,False
figure5_supp_2024,figure5_supp,1,2,0.0423,0.0423156523968117,1.5652396811699498e-05,pval,False
figure5_supp_2024,figure5_supp,1,3,0.0546,0.054589019667228,1.0980332772005108e-05,pval,False
figure5_supp_2024,figure5_supp,2,1,0.9654,0.965446578196814,4.657819681397335e-05,tu,False
figure5_supp_2024,figure5_supp,2,2,0.0416,0.0416290115949698,2.9011594969804988e-05,pval,False
figure5_supp_2024,figure5_supp,2,3,0.0537,0.0536992377470584,7.622529415995949e-07,pval,False
figure5_supp_2024,figure5_supp,3,1,0.9663,0.966448987579718,0.00014898757971792964,tu,False
figure5_supp_2024,figure5_supp,3,2,0.0541,0.0545522048608811,0.00045220486088110023,pval,False
figure5_supp_2024,figure5_supp,3,3,0.0682,0.0688277171631648,0.000627717163164801,pval,False
figure5_supp_2024,figure5_supp,4,1,0.9727,0.972657281020726,4.2718979273992375e-05,tu,False
figure5_supp_2024,figure5_supp,4,2,0.0644,0.0643509316071995,4.9068392800499794e-05,pval,False
figure5_supp_2024,figure5_supp,4,3,0.0888,0.0887796230767319,2.0376923268103364e-05,pval,False
figure5_supp_2024,figure5_supp,5,1,0.9664,0.966395723489875,4.276510125023059e-06,tu,False
figure5_supp_2024,figure5_supp,5,2,0.0512,0.0512078488937309,7.848893730899587e-06,pval,False
figure5_supp_2024,figure5_supp,5,3,0.0655,0.0655365781892179,3.657818921790068e-05,pval,False
figure5_supp_2024,figure5_supp,6,1,0.9725,0.972502068026723,2.0680267229788996e-06,tu,False
figure5_supp_2024,figure5_supp,6,2,0.0624,0.0624859868716681,8.598687166810198e-05,pval,False
figure5_supp_2024,figure5_supp,6,3,0.0779,0.0779809579253143,8.09579253143039e-05,pval,False
figure5_supp_2024,figure5_supp,7,1,0.9618,0.961774225010551,2.577498944900114e-05,tu,False
figure5_supp_2024,figure5_supp,7,2,0.0232,0.0231687344418621,3.126555813789955e-05,pval,False
figure5_supp_2024,figure5_supp,7,3,0.0323,0.0323072485954119,7.248595411894765e-06,pval,False
figure5_supp_2024,figure5_supp,8,1,0.9563,0.956341175462825,4.117546282500495e-05,tu,False
figure5_supp_2024,figure5_supp,8,2,0.0183,0.0182784260039247,2.1573996075299057e-05,pval,False
figure5_supp_2024,figure5_supp,8,3,0.0243,0.0242691193012854,3.088069871459709e-05,pval,False
figure5_supp_2024,figure5_supp,9,1,0.9671,0.967056275804176,4.37241958239909e-05,tu,False
figure5_supp_2024,figure5_supp,9,2,0.0394,0.0393830356665321,1.6964333467900383e-05,pval,False
figure5_supp_2024,figure5_supp,9,3,0.0544,0.0544132636418517,1.32636418517032e-05,pval,False
figure5_supp_2024,figure5_supp,10,1,1.004,1.00401111959768,1.1119597679964954e-05,tu,False
figure5_supp_2024,figure5_supp,10,2,0.4084,0.40843301415845,3.301415845002875e-05,pval,False
figure5_supp_2024,figure5_supp,10,3,0.626,0.626031797681544,3.17976815440435e-05,pval,False
figure5_supp_2024,figure5_supp,11,1,0.9875,0.987468508323761,3.149167623905935e-05,tu,False
figure5_supp_2024,figure5_supp,11,2,0.1173,0.117259802509224,4.019749077599499e-05,pval,False
figure5_supp_2024,figure5_supp,11,3,0.202,0.201959212422981,4.0787577019002486e-05,pval,False
figure5_supp_2024,figure5_supp,12,1,0.9789,0.978911063978806,1.1063978806014063e-05,tu,False
figure5_supp_2024,figure5_supp,12,2,0.0623,0.0624347935080019,0.0001347935080018986,pval,False
figure5_supp_2024,figure5_supp,12,3,0.0846,0.0847419302583946,0.0001419302583946097,pval,False
figure5_supp_2024,figure5_supp,13,1,0.996,0.995975018283565,2.49817164349464e-05,tu,False
figure5_supp_2024,figure5_supp,13,2,0.2083,0.208450590768327,0.00015059076832699136,pval,False
figure5_supp_2024,figure5_supp,13,3,0.3278,0.328047690438822,0.00024769043882200137,pval,False
figure5_supp_2024,figure5_supp,14,1,0.9756,0.975603474973521,3.474973520933844e-06,tu,False
figure5_supp_2024,figure5_supp,14,2,0.0821,0.0821067639425759,6.7639425758991845e-06,pval,False
figure5_supp_2024,figure5_supp,14,3,0.1021,0.102089368104718,1.0631895281998371e-05,pval,False
figure5_supp_2024,figure5_supp,15,1,0.979,0.979018093668316,1.809366831606596e-05,tu,False
figure5_supp_2024,figure5_supp,15,2,0.0458,0.0458018051006823,1.80510068229639e-06,pval,False
figure5_supp_2024,figure5_supp,15,3,0.0699,0.0698964199664862,3.580033513805869e-06,pval,False
figure5_supp_2024,figure5_supp,16,1,0.9758,0.975823344434777,2.334443477702841e-05,tu,False
figure5_supp_2024,figure5_supp,16,2,0.052,0.0522145132012228,0.00021451320122280182,pval,False
figure5_supp_2024,figure5_supp,16,3,0.0681,0.068369799966111,0.00026979996611101176,pval,False
figure5_supp_2024,figure5_supp,17,1,0.98,0.980011253499286,1.1253499285990287e-05,tu,False
figure5_supp_2024,figure5_supp,17,2,0.0662,0.0661952428953024,4.757104697591941e-06,pval,False
figure5_supp_2024,figure5_supp,17,3,0.0927,0.0927354808794284,3.548087942839562e-05,pval,False
figure5_supp_2024,figure5_supp,18,1,0.9925,0.992471356528294,2.8643471706057966e-05,tu,False
figure5_supp_2024,figure5_supp,18,2,0.1492,0.149232273823406,3.227382340600937e-05,pval,False
figure5_supp_2024,figure5_supp,18,3,0.23,0.229990022740996,9.977259004007033e-06,pval,False
figure5_supp_2019,figure5_supp,1,4,0.9623,0.96226115740187,3.884259813002888e-05,tu,False
figure5_supp_2019,figure5_supp,1,5,0.0651,0.0651460750906052,4.6075090605196545e-05,pval,False
figure5_supp_2019,figure5_supp,1,6,0.0789,0.0788507441268052,4.92558731947923e-05,pval,False
figure5_supp_2019,figure5_supp,2,4,0.9611,0.961102896057958,2.896057958001741e-06,tu,False
figure5_supp_2019,figure5_supp,2,5,0.0652,0.0651886319915634,1.1368008436596355e-05,pval,False
figure5_supp_2019,figure5_supp,2,6,0.0805,0.0804909131947059,9.086805294100664e-06,pval,False
figure5_supp_2019,figure5_supp,3,4,0.9642,0.964338633291818,0.00013863329181806883,tu,False
figure5_supp_2019,figure5_supp,3,5,0.0888,0.0894782417286077,0.000678241728607698,pval,False
figure5_supp_2019,figure5_supp,3,6,0.1075,0.108445470561312,0.0009454705613120007,pval,False
figure5_supp_2019,figure5_supp,4,4,0.979,0.979037393917152,3.7393917152073186e-05,tu,False
figure5_supp_2019,figure5_supp,4,5,0.1149,0.114892367830099,7.63216990100346e-06,pval,False
figure5_supp_2019,figure5_supp,4,6,0.157,0.15704349662141,4.349662141001076e-05,pval,False
figure5_supp_2019,figure5_supp,5,4,0.9744,0.974420397695828,2.039769582795614e-05,tu,False
figure5_supp_2019,figure5_supp,5,5,0.0783,0.0783345277800506,3.4527780050599977e-05,pval,False
figure5_supp_2019,figure5_supp,5,6,0.1107,0.110738372971607,3.837297160699804e-05,pval,False
figure5_supp_2019,figure5_supp,6,4,0.9811,0.981140902157226,4.090215722607482e-05,tu,False
figure5_supp_2019,figure5_supp,6,5,0.096,0.0959743961324844,2.5603867515600065e-05,pval,False
figure5_supp_2019,figure5_supp,6,6,0.1271,0.127052123110627,4.787688937299417e-05,pval,False
figure5_supp_2019,figure5_supp,7,4,0.9537,0.953717512008837,1.7512008837039517e-05,tu,False
figure5_supp_2019,figure5_supp,7,5,0.0348,0.0347690470288946,3.095297110539824e-05,pval,False
figure5_supp_2019,figure5_supp,7,6,0.044,0.0439946990071127,5.300992887299905e-06,pval,False
figure5_supp_2019,figure5_supp,8,4,0.9509,0.950874003906527,2.599609347297971e-05,tu,False
figure5_supp_2019,figure5_supp,8,5,0.0329,0.0329438197427088,4.3819742708804676e-05,pval,False
figure5_supp_2019,figure5_supp,8,6,0.0422,0.0421712139137609,2.878608623910206e-05,pval,False
figure5_supp_2019,figure5_supp,9,4,0.9633,0.963342747553566,4.274755356592497e-05,tu,False
figure5_supp_2019,figure5_supp,9,5,0.0616,0.0616257463218757,2.5746321875699807e-05,pval,False
figure5_supp_2019,figure5_supp,9,6,0.0822,0.0821664177781924,3.358222180759041e-05,pval,False
figure5_supp_2019,figure5_supp,10,4,0.9984,0.998404933159952,4.93315995209187e-06,tu,False
figure5_supp_2019,figure5_supp,10,5,0.2692,0.269239905642201,3.990564220102133e-05,pval,False
figure5_supp_2019,figure5_supp,10,6,0.4577,0.457748667268687,4.8667268687019316e-05,pval,False
figure5_supp_2019,figure5_supp,11,4,0.996,0.996006103921486,6.10392148603367e-06,tu,False
figure5_supp_2019,figure5_supp,11,5,0.2139,0.213905853743479,5.853743479000695e-06,pval,False
figure5_supp_2019,figure5_supp,11,6,0.3777,0.377650169340045,4.9830659954952505e-05,pval,False
figure5_supp_2019,figure5_supp,12,4,0.9821,0.982122426058257,2.2426058256974635e-05,tu,False
figure5_supp_2019,figure5_supp,12,5,0.097,0.0969847859424942,1.5214057505805179e-05,pval,False
figure5_supp_2019,figure5_supp,12,6,0.119,0.119031716378687,3.17163786869995e-05,pval,False
figure5_supp_2019,figure5_supp,13,4,0.9865,0.986540498866735,4.04988667349615e-05,tu,False
figure5_supp_2019,figure5_supp,13,5,0.0914,0.0914046484798526,4.648479852598086e-06,pval,False
figure5_supp_2019,figure5_supp,13,6,0.1119,0.111850919916538,4.908008346199422e-05,pval,False
figure5_supp_2019,figure5_supp,14,4,0.9858,0.985829430774311,2.943077431094565e-05,tu,False
figure5_supp_2019,figure5_supp,14,5,0.1355,0.135467768512249,3.223148775099993e-05,pval,False
figure5_supp_2019,figure5_supp,14,6,0.1733,0.173341433315782,4.1433315781991276e-05,pval,False
figure5_supp_2019,figure5_supp,15,4,0.9805,0.980469384533572,3.0615466428018934e-05,tu,False
figure5_supp_2019,figure5_supp,15,5,0.0711,0.0710633670498848,3.663295011518963e-05,pval,False
figure5_supp_2019,figure5_supp,15,6,0.0816,0.0815571718002761,4.282819972391272e-05,pval,False
figure5_supp_2019,figure5_supp,16,4,0.9802,0.980241853219769,4.18532197690169e-05,tu,False
figure5_supp_2019,figure5_supp,16,5,0.0883,0.0883062150152538,6.215015253802081e-06,pval,False
figure5_supp_2019,figure5_supp,16,6,0.1094,0.1093601172501,3.9882749899994296e-05,pval,False
figure5_supp_2019,figure5_supp,17,4,0.9845,0.984532919058166,3.2919058165936654e-05,tu,False
figure5_supp_2019,figure5_supp,17,5,0.0983,0.0983146594404218,1.4659440421796455e-05,pval,False
figure5_supp_2019,figure5_supp,17,6,0.1313,0.131294085491779,5.914508220988823e-06,pval,False
figure5_supp_2019,figure5_supp,18,4,0.9833,0.983273449649104,2.655035089593749e-05,tu,False
figure5_supp_2019,figure5_supp,18,5,0.0847,0.0846581067202261,4.189327977389967e-05,pval,False
figure5_supp_2019,figure5_supp,18,6,0.1035,0.103490778783966,9.221216033999946e-06,pval,False
figure6_supp_a,figure6_supp,1,1,0.9853,0.985282855223053,1.714477694692018e-05,tu,False
figure6_supp_a,figure6_supp,1,2,0.1172,0.117246300061265,4.6300061265006076e-05,pval,False
figure6_supp_a,figure6_supp,2,1,0.983,0.982977754889437,2.224511056303502e-05,tu,False
figure6_supp_a,figure6_supp,2,2,0.0992,0.0991532198947865,4.6780105213500844e-05,pval,False
figure6_supp_a,figure6_supp,3,1,0.9844,0.984441032174697,4.103217469697551e-05,tu,False
figure6_supp_a,figure6_supp,3,2,0.1135,0.113850018689605,0.0003500186896049917,pval,False
figure6_supp_a,figure6_supp,4,1,0.9789,0.978882098330663,1.790166933701709e-05,tu,False
figure6_supp_a,figure6_supp,4,2,0.0796,0.0795379673925631,6.203260743690986e-05,pval,False
figure6_supp_a,figure6_supp,5,1,0.9781,0.978131621934977,3.162193497707744e-05,tu,False
figure6_supp_a,figure6_supp,5,2,0.0734,0.0733790855483494,2.0914451650602683e-05,pval,False
figure6_supp_a,figure6_supp,6,1,0.9781,0.978071590470468,2.8409529531980837e-05,tu,False
figure6_supp_a,figure6_supp,6,2,0.0732,0.0733174351471768,0.0001174351471767976,pval,False
figure6_supp_a,figure6_supp,7,1,0.9877,0.987656900224554,4.309977544603161e-05,tu,False
figure6_supp_a,figure6_supp,7,2,0.1203,0.120279237404994,2.0762595006010298e-05,pval,False
figure6_supp_a,figure6_supp,8,1,0.9849,0.984882627640712,1.7372359288003736e-05,tu,False
figure6_supp_a,figure6_supp,8,2,0.0965,0.0964769809597392,2.30190402608077e-05,pval,False
figure6_supp_a,figure6_supp,9,1,0.9851,0.985126944976326,2.6944976326048753e-05,tu,False
figure6_supp_a,figure6_supp,9,2,0.1069,0.106915755493774,1.5755493774000096e-05,pval,False
figure6_supp_a,figure6_supp,10,1,0.9812,0.981244941627882,4.49416278820447e-05,tu,False
figure6_supp_a,figure6_supp,10,2,0.109,0.109023984814176,2.3984814175995184e-05,pval,False
figure6_supp_a,figure6_supp,11,1,0.9904,0.990406037779976,6.037779976098001e-06,tu,False
figure6_supp_a,figure6_supp,11,2,0.1596,0.159555954943544,4.40450564559991e-05,pval,False
figure6_supp_a,figure6_supp,12,1,0.9881,0.988131180840062,3.118084006203947e-05,tu,False
figure6_supp_a,figure6_supp,12,2,0.1402,0.140279061843029,7.90618430289991e-05,pval,False
figure6_supp_a,figure6_supp,13,1,0.9852,0.985201672758113,1.6727581130249192e-06,tu,False
figure6_supp_a,figure6_supp,13,2,0.1151,0.114603499006227,0.0004965009937729914,pval,False
figure6_supp_a,figure6_supp,14,1,0.9883,0.988322919523407,2.2919523407050058e-05,tu,False
figure6_supp_a,figure6_supp,14,2,0.1552,0.155211966395591,1.196639559100654e-05,pval,False
figure6_supp_a,figure6_supp,15,1,0.9875,0.98750721154448,7.211544479912568e-06,tu,False
figure6_supp_a,figure6_supp,15,2,0.1282,0.12823420877849,3.420877849000248e-05,pval,False
figure6_supp_a,figure6_supp,16,1,0.9873,0.987308697236569,8.697236569044087e-06,tu,False
figure6_supp_a,figure6_supp,16,2,0.135,0.135001238868909,1.2388689089870564e-06,pval,False
figure6_supp_a,figure6_supp,17,1,0.9884,0.98835169986368,4.8300136319956444e-05,tu,False
figure6_supp_a,figure6_supp,17,2,0.1384,0.138368865429602,3.113457039799483e-05,pval,False
figure6_supp_a,figure6_supp,18,1,1.0055,1.00549631961732,3.6803826801712347e-06,tu,False
figure6_supp_a,figure6_supp,18,2,0.4618,0.461822645120421,2.2645120420994314e-05,pval,False
figure6_supp_b,figure6_supp,1,3,0.9854,0.985373742795054,2.625720494608963e-05,tu,False
figure6_supp_b,figure6_supp,1,4,0.1193,0.119336208092636,3.6208092635992006e-05,pval,False
figure6_supp_b,figure6_supp,2,3,0.9832,0.983246852576145,4.685257614500671e-05,tu,False
figure6_supp_b,figure6_supp,2,4,0.1016,0.101553132558603,4.686744139699439e-05,pval,False
figure6_supp_b,figure6_supp,3,3,0.9847,0.984716262299715,1.626229971496418e-05,tu,False
figure6_supp_b,figure6_supp,3,4,0.118,0.118646352188037,0.0006463521880370054,pval,False
figure6_supp_b,figure6_supp,4,3,0.9781,0.978062425180937,3.757481906296878e-05,tu,False
figure6_supp_b,figure6_supp,4,4,0.0744,0.0744262836647793,2.6283664779302995e-05,pval,False
figure6_supp_b,figure6_supp,5,3,0.9777,0.977673188573164,2.6811426836026442e-05,tu,False
figure6_supp_b,figure6_supp,5,4,0.0717,0.0717012655043413,1.2655043413051237e-06,pval,False
figure6_supp_b,figure6_supp,6,3,0.978,0.977959427017309,4.0572982691000625e-05,tu,False
figure6_supp_b,figure6_supp,6,4,0.073,0.0727539043531314,0.0002460956468686021,pval,False
figure6_supp_b,figure6_supp,7,3,0.9871,0.987056205123151,4.379487684902372e-05,tu,False
figure6_supp_b,figure6_supp,7,4,0.1147,0.114707048473688,7.0484736880011e-06,pval,False
figure6_supp_b,figure6_supp,8,3,0.9851,0.98506000027041,3.99997295900123e-05,tu,False
figure6_supp_b,figure6_supp,8,4,0.1001,0.100101668767133,1.6687671330062326e-06,pval,False
figure6_supp_b,figure6_supp,9,3,0.9854,0.985437779920382,3.777992038189737e-05,tu,False
figure6_supp_b,figure6_supp,9,4,0.113,0.113026949789734,2.6949789733998752e-05,pval,False
figure6_supp_b,figure6_supp,10,3,0.9806,0.980568992476696,3.100752330398304e-05,tu,False
figure6_supp_b,figure6_supp,10,4,0.103,0.103038999159866,3.8999159866007216e-05,pval,False
figure6_supp_b,figure6_supp,11,3,0.9869,0.986866723685934,3.327631406602194e-05,tu,False
figure6_supp_b,figure6_supp,11,4,0.1203,0.120323902164536,2.3902164536002135e-05,pval,False
figure6_supp_b,figure6_supp,12,3,0.9776,0.977611704400437,1.1704400436962636e-05,tu,False
figure6_supp_b,figure6_supp,12,4,0.056,0.0560321708653307,3.217086533070096e-05,pval,False
figure6_supp_b,figure6_supp,13,3,0.9808,0.980751100979783,4.889902021698589e-05,tu,False
figure6_supp_b,figure6_supp,13,4,0.0882,0.0877967403405681,0.000403259659431901,pval,False
figure6_supp_b,figure6_supp,14,3,0.9839,0.983926421556325,2.6421556325040285e-05,tu,False
figure6_supp_b,figure6_supp,14,4,0.1075,0.107542894695845,4.289469584500827e-05,pval,False
figure6_supp_b,figure6_supp,15,3,0.9793,0.979309522547354,9.522547354090527e-06,tu,False
figure6_supp_b,figure6_supp,15,4,0.0604,0.0603519531590802,4.804684091980205e-05,pval,False
figure6_supp_b,figure6_supp,16,3,0.9815,0.981499359952306,6.40047694067114e-07,tu,False
figure6_supp_b,figure6_supp,16,4,0.08,0.0800432938307023,4.329383070229842e-05,pval,False
figure6_supp_b,figure6_supp,17,3,0.9845,0.984427890186291,7.210981370908698e-05,tu,False
figure6_supp_b,figure6_supp,17,4,0.0936,0.0933487699285718,0.00025123007142820175,pval,False
figure6_supp_b,figure6_supp,18,3,0.9874,0.98735754632651,4.245367349009488e-05,tu,False
figure6_supp_b,figure6_supp,18,4,0.1243,0.124273830001824,2.6169998175992748e-05,pval,False
figure6_supp_c,figure6_supp,1,5,0.9867,0.986662821474185,3.717852581497372e-05,tu,False
figure6_supp_c,figure6_supp,1,6,0.1295,0.12946919670425,3.0803295750003734e-05,pval,False
figure6_supp_c,figure6_supp,2,5,0.9858,0.985819699042748,1.9699042748011486e-05,tu,False
figure6_supp_c,figure6_supp,2,6,0.1234,0.123436547555709,3.6547555709004476e-05,pval,False
figure6_supp_c,figure6_supp,3,5,0.9861,0.986170294995265,7.029499526500782e-05,tu,False
figure6_supp_c,figure6_supp,3,6,0.1287,0.129100060537254,0.0004000605372539989,pval,False
figure6_supp_c,figure6_supp,4,5,0.9802,0.980243886221681,4.388622168105538e-05,tu,False
figure6_supp_c,figure6_supp,4,6,0.0803,0.0803207122440248,2.0712244024806425e-05,pval,False
figure6_supp_c,figure6_supp,5,5,0.9784,0.978373226392921,2.6773607079033646e-05,tu,False
figure6_supp_c,figure6_supp,5,6,0.0694,0.0694731232414318,7.312324143179949e-05,pval,False
figure6_supp_c,figure6_supp,6,5,0.9787,0.978721900704167,2.19007041669661e-05,tu,False
figure6_supp_c,figure6_supp,6,6,0.0709,0.0708325734784854,6.742652151460471e-05,pval,False
figure6_supp_c,figure6_supp,7,5,0.9866,0.986566997798383,3.300220161706058e-05,tu,False
figure6_supp_c,figure6_supp,7,6,0.1225,0.122491673523718,8.326476282002893e-06,pval,False
figure6_supp_c,figure6_supp,8,5,0.9863,0.986304177427512,4.177427512019882e-06,tu,False
figure6_supp_c,figure6_supp,8,6,0.1228,0.122825733625013,2.5733625012999695e-05,pval,False
figure6_supp_c,figure6_supp,9,5,0.9864,0.986409186792068,9.186792067961136e-06,tu,False
figure6_supp_c,figure6_supp,9,6,0.1306,0.13056121086259,3.8789137409983576e-05,pval,False
figure6_supp_c,figure6_supp,10,5,0.9826,0.982586768436989,1.3231563011029124e-05,tu,False
figure6_supp_c,figure6_supp,10,6,0.0991,0.0990764605473218,2.3539452678189576e-05,pval,False
figure6_supp_c,figure6_supp,11,5,0.9853,0.985327435324715,2.7435324715052722e-05,tu,False
figure6_supp_c,figure6_supp,11,6,0.1018,0.101816930101635,1.6930101635004302e-05,pval,False
figure6_supp_c,figure6_supp,12,5,0.9752,0.975237354072924,3.7354072924045134e-05,tu,False
figure6_supp_c,figure6_supp,12,6,0.0535,0.0535478568620626,4.785686206260076e-05,pval,False
figure6_supp_c,figure6_supp,13,5,0.9799,0.979889225812767,1.0774187232942545e-05,tu,False
figure6_supp_c,figure6_supp,13,6,0.0801,0.0800476246309461,5.237536905390583e-05,pval,False
figure6_supp_c,figure6_supp,14,5,0.981,0.981039149437557,3.914943755700673e-05,tu,False
figure6_supp_c,figure6_supp,14,6,0.0783,0.0783038121536103,3.812153610310842e-06,pval,False
figure6_supp_c,figure6_supp,15,5,0.9824,0.982390875625079,9.124374921065659e-06,tu,False
figure6_supp_c,figure6_supp,15,6,0.0715,0.0715331948689228,3.3194868922808984e-05,pval,False
figure6_supp_c,figure6_supp,16,5,0.9825,0.982504517950247,4.5179502469183674e-06,tu,False
figure6_supp_c,figure6_supp,16,6,0.0859,0.0859009005311928,9.005311927962056e-07,pval,False
figure6_supp_c,figure6_supp,17,5,0.9833,0.983275135216943,2.4864783056965933e-05,tu,False
figure6_supp_c,figure6_supp,17,6,0.0795,0.079468511791154,3.1488208846006116e-05,pval,False
figure6_supp_c,figure6_supp,18,5,0.9826,0.982570879521089,2.9120478911015546e-05,tu,False
figure6_supp_c,figure6_supp,18,6,0.0798,0.0797622473503727,3.775264962729841e-05,pval,False
figure6_supp_d,figure6_supp,1,7,0.9866,0.986611148295368,1.1148295367968686e-05,tu,False
figure6_supp_d,figure6_supp,1,8,0.1275,0.127471218094562,2.878190543800785e-05,pval,False
figure6_supp_d,figure6_supp,2,7,0.9856,0.985611590907121,1.1590907120995197e-05,tu,False
figure6_supp_d,figure6_supp,2,8,0.1224,0.122442648693711,4.264869371101154e-05,pval,False
figure6_supp_d,figure6_supp,3,7,0.9859,0.985929721371471,2.9721371470947666e-05,tu,False
figure6_supp_d,figure6_supp,3,8,0.1257,0.126127105982241,0.00042710598224099394,pval,False
figure6_supp_d,figure6_supp,4,7,0.9804,0.980359988411586,4.001158841404617e-05,tu,False
figure6_supp_d,figure6_supp,4,8,0.0801,0.0800775362834634,2.246371653660817e-05,pval,False
figure6_supp_d,figure6_supp,5,7,0.9788,0.978839367382344,3.9367382344002166e-05,tu,False
figure6_supp_d,figure6_supp,5,8,0.0719,0.0719574108552159,5.7410855215891954e-05,pval,False
figure6_supp_d,figure6_supp,6,7,0.9785,0.978460610769386,3.938923061408417e-05,tu,False
figure6_supp_d,figure6_supp,6,8,0.0704,0.0702692634781896,0.00013073652181040674,pval,False
figure6_supp_d,figure6_supp,7,7,0.9868,0.986816868444378,1.6868444377982073e-05,tu,False
figure6_supp_d,figure6_supp,7,8,0.1244,0.124408250069312,8.250069312001895e-06,pval,False
figure6_supp_d,figure6_supp,8,7,0.9863,0.986259558455525,4.044154447491177e-05,tu,False
figure6_supp_d,figure6_supp,8,8,0.1214,0.121441002424503,4.100242450300051e-05,pval,False
figure6_supp_d,figure6_supp,9,7,0.9865,0.986497897335831,2.1026641690014003e-06,tu,False
figure6_supp_d,figure6_supp,9,8,0.1308,0.130831686165918,3.168616591800455e-05,pval,False
figure6_supp_d,figure6_supp,10,7,0.9827,0.982724647384204,2.4647384203935196e-05,tu,False
figure6_supp_d,figure6_supp,10,8,0.0991,0.0990956292633698,4.370736630190941e-06,pval,False
figure6_supp_d,figure6_supp,11,7,0.9858,0.985839824650243,3.98246502429922e-05,tu,False
figure6_supp_d,figure6_supp,11,8,0.1059,0.105885820547105,1.4179452894988454e-05,pval,False
figure6_supp_d,figure6_supp,12,7,0.9755,0.97549772125234,2.278747660011682e-06,tu,False
figure6_supp_d,figure6_supp,12,8,0.0528,0.0528283150144464,2.8315014446403386e-05,pval,False
figure6_supp_d,figure6_supp,13,7,0.9801,0.980129068991507,2.906899150700859e-05,tu,False
figure6_supp_d,figure6_supp,13,8,0.0804,0.0803236210468156,7.637895318439447e-05,pval,False
figure6_supp_d,figure6_supp,14,7,0.9811,0.981134178434076,3.41784340760487e-05,tu,False
figure6_supp_d,figure6_supp,14,8,0.0786,0.0786267349865175,2.6734986517493176e-05,pval,False
figure6_supp_d,figure6_supp,15,7,0.9819,0.981934604390684,3.4604390684034314e-05,tu,False
figure6_supp_d,figure6_supp,15,8,0.0689,0.0688623443017966,3.7655698203409305e-05,pval,False
figure6_supp_d,figure6_supp,16,7,0.9832,0.983186880813215,1.311918678492674e-05,tu,False
figure6_supp_d,figure6_supp,16,8,0.0868,0.0868095341876223,9.534187622298185e-06,pval,False
figure6_supp_d,figure6_supp,17,7,0.9829,0.982930001298111,3.0001298111037578e-05,tu,False
figure6_supp_d,figure6_supp,17,8,0.0771,0.0770800198895319,1.998011046809578e-05,pval,False
figure6_supp_d,figure6_supp,18,7,0.9828,0.982787459714659,1.2540285341033908e-05,tu,False
figure6_supp_d,figure6_supp,18,8,0.0796,0.0796325269659026,3.252696590259896e-05,pval,False
figure7_supp_g0.05_2024,figure7_supp,1,1,0.9785,0.978523879409282,2.3879409281946096e-05,tu,False
figure7_supp_g0.05_2024,figure7_supp,1,3,0.0696,0.0695631039632914,3.68960367085891e-05,pval,False
figure7_supp_g0.05_2024,figure7_supp,1,5,0.0892,0.0888723878502908,0.00032761214970920827,pval,False
figure7_supp_g0.05_2019,figure7_supp,1,2,0.9764,0.976416873609836,1.6873609835932335e-05,tu,False
figure7_supp_g0.05_2019,figure7_supp,1,4,0.1014,0.101353646305252,4.63536947480081e-05,pval,False
figure7_supp_g0.05_2019,figure7_supp,1,6,0.1195,0.119158684151029,0.0003413158489709994,pval,False
figure7_supp_g0.5_2024,figure7_supp,2,1,0.9735,0.973511488394366,1.1488394365932741e-05,tu,False
figure7_supp_g0.5_2024,figure7_supp,2,3,0.0507,0.0507431402555796,4.314025557959622e-05,pval,False
figure7_supp_g0.5_2024,figure7_supp,2,5,0.077,0.0767260336473912,0.00027396635260880375,pval,False
figure7_supp_g0.5_2019,figure7_supp,2,2,0.9703,0.970258379751529,4.162024847109702e-05,tu,False
figure7_supp_g0.5_2019,figure7_supp,2,4,0.0726,0.0725513590609836,4.864093901639499e-05,pval,False
figure7_supp_g0.5_2019,figure7_supp,2,6,0.0998,0.0994994741048683,0.0003005258951317008,pval,False
figure7_supp_g5_2024,figure7_supp,3,1,0.9686,0.966663168392624,0.0019368316073760106,tu,False
figure7_supp_g5_2024,figure7_supp,3,3,0.0509,0.0514947686037623,0.0005947686037622996,pval,False
figure7_supp_g5_2024,figure7_supp,3,5,0.0734,0.0771079799859089,0.0037079799859088963,pval,False
figure7_supp_g5_2019,figure7_supp,3,2,0.965,0.962449812050688,0.002550187949311944,tu,False
figure7_supp_g5_2019,figure7_supp,3,4,0.0783,0.0790431492485245,0.000743149248524505,pval,False
figure7_supp_g5_2019,figure7_supp,3,6,0.1019,0.104797126156582,0.0028971261565819972,pval,False
figure7_supp_g50_2024,figure7_supp,4,1,0.9688,0.968759546629641,4.045337035896157e-05,tu,False
figure7_supp_g50_2024,figure7_supp,4,3,0.0478,0.0478320017819529,3.200178195289505e-05,pval,False
figure7_supp_g50_2024,figure7_supp,4,5,0.0612,0.0609757355843928,0.0002242644156071963,pval,False
figure7_supp_g50_2019,figure7_supp,4,2,0.9638,0.963839874994636,3.987499463597999e-05,tu,False
figure7_supp_g50_2019,figure7_supp,4,4,0.0703,0.0703266890678405,2.668906784049352e-05,pval,False
figure7_supp_g50_2019,figure7_supp,4,6,0.0848,0.0844757060165994,0.00032429398340060034,pval,False
figure7_supp_g100_2024,figure7_supp,5,1,0.9669,0.966946082109487,4.6082109486977885e-05,tu,False
figure7_supp_g100_2024,figure7_supp,5,3,0.036,0.0359950072109276,4.992789072399972e-06,pval,False
figure7_supp_g100_2024,figure7_supp,5,5,0.0456,0.0454316234723137,0.00016837652768630224,pval,False
figure7_supp_g100_2019,figure7_supp,5,2,0.9622,0.96215620807556,4.3791924440039764e-05,tu,False
figure7_supp_g100_2019,figure7_supp,5,4,0.0559,0.0558573029456797,4.269705432029952e-05,pval,False
figure7_supp_g100_2019,figure7_supp,5,6,0.0665,0.0662493986440307,0.0002506013559692988,pval,False
figure9_supp_h2,figure9_supp,1,1,0.9579,0.957909589311306,9.589311306013037e-06,tu,False
figure9_supp_h2,figure9_supp,1,2,0.0614,0.0613895773327158,1.0422667284203102e-05,pval,False
figure9_supp_h2,figure9_supp,1,3,0.0685,0.0685243589070723,2.4358907072294378e-05,pval,False
figure9_supp_h3,figure9_supp,2,1,0.9519,0.951859394469565,4.060553043494508e-05,tu,False
figure9_supp_h3,figure9_supp,2,2,0.1083,0.108324381986542,2.438198654200474e-05,pval,False
figure9_supp_h3,figure9_supp,2,3,0.1116,0.111593215529307,6.784470693008138e-06,pval,False
figure9_supp_h4,figure9_supp,3,1,0.9646,0.964642866312124,4.286631212402359e-05,tu,False
figure9_supp_h4,figure9_supp,3,2,0.1256,0.125574080852605,2.5919147394998232e-05,pval,False
figure9_supp_h4,figure9_supp,3,3,0.145,0.145014356195954,1.4356195953996176e-05,pval,False
figure9_supp_h9,figure9_supp,4,1,0.9964,0.996395709572579,4.290427421005383e-06,tu,False
figure9_supp_h9,figure9_supp,4,2,0.1638,0.163787559942667,1.2440057333001908e-05,pval,False
figure9_supp_h9,figure9_supp,4,3,0.1806,0.18057636554041,2.3634459589999546e-05,pval,False
